arm,length,H_r,H_r_norm,L_best,L_mix,spread,H_tok,segments,switch_rate,argmax_k,r_cluster-0,r_cluster-1,r_cluster-2,r_cluster-3,r_cluster-4,true_k
free,127,2.188574525467098e-08,1.5955660213768375,-2.083865188238189,-2.0906064326842633,0.42577932763287407,1.2920963293236338,34,0.8015873015873016,cluster-2,1.355339142102042e-20,1.007842325577958e-09,0.9999999989921662,3.2807354554176623e-24,3.7650318556230513e-22,
free,127,1.1543044347689884e-15,1.5828430474609694,-2.1967374546321357,-2.2051897748306715,0.5827295498585139,1.2788166099049472,35,0.8015873015873016,cluster-1,1.0367133776566668e-32,1.0,3.034947540420916e-17,7.233009756637269e-33,8.643936199473024e-27,
free,127,8.535719870171343e-10,1.5920359209475405,-2.087161807563361,-2.0939030520157424,0.5766935573788139,1.3039553385639904,33,0.7936507936507936,cluster-2,1.5568136317379568e-32,1.7218600812899154e-12,0.9999999999662919,5.448209730670472e-20,3.199713475982631e-11,
free,127,7.17173882173283e-15,1.5888095248075582,-2.1172708826740894,-2.1240121271265497,0.6136986439622296,1.2804950778931623,28,0.746031746031746,cluster-2,1.4164664836069695e-34,1.9324822869437563e-16,1.0,3.661377164149877e-24,4.4944199019915606e-18,
free,127,0.11070369279151586,1.6033401190032763,-2.1202712171659694,-2.1269569067778478,0.32309728907787916,1.3323213883039935,25,0.8015873015873016,cluster-2,5.0031206250391124e-05,0.0039043835484675942,0.9794010558402688,0.016644529405032377,1.4804733968032524e-18,
free,127,7.987556577437023e-13,1.5331181821345,-1.9071235957108146,-1.9138648401632745,1.2861771470918428,1.253130697011158,25,0.753968253968254,cluster-2,1.1491745728409507e-71,2.4219742795102337e-14,0.9999999999999716,1.041852744858659e-37,3.0815550744810497e-16,
free,127,1.1837803941360598e-08,1.5699956178378556,-1.6901390496201403,-1.6985913698134951,0.7104733684870204,1.3305509840139054,20,0.7777777777777778,cluster-1,6.509651497522457e-40,0.9999999994705604,5.294368857930439e-10,3.431696010280672e-16,6.7475170532873526e-40,
free,127,1.3950446927740738e-13,1.5761138135139892,-2.4250065360482282,-2.4317477805006886,0.7833509069728102,1.2530510967764816,18,0.7222222222222222,cluster-2,6.222544496830511e-44,4.2146083473068284e-15,1.0,1.3747185221435348e-22,4.8513570421236763e-29,
free,127,0.2589393497288969,1.6017448677033987,-2.063256451464075,-2.0715068401278094,0.3625899187223176,1.316310969362641,29,0.753968253968254,cluster-1,3.388749500702195e-08,0.9279926298388657,9.305780692797254e-21,1.4524954658002397e-05,0.071992811318976,
free,127,0.00018007152752371093,1.5605555525349033,-2.022900678980069,-2.0296418919074655,1.0482956293061023,1.2627222288765754,24,0.7222222222222222,cluster-2,1.516455358140791e-58,1.032367432675079e-12,0.9999851386162237,1.858681449869819e-12,1.4861380868020321e-05,
free,127,0.7199621844048315,1.5834040644151255,-2.147696427472933,-2.1538325523637463,0.6778345783864421,1.3068863281139353,26,0.746031746031746,cluster-4,2.0480335679104675e-38,0.4972709244196103,0.0036358050336533186,0.0006980898334109328,0.49839518071335165,
free,127,0.01826593946177542,1.5479839658296186,-2.0676372858483023,-2.074361823907077,0.9319561335045519,1.3076976752824376,21,0.6666666666666666,cluster-2,3.9485951369254014e-52,0.0026325552325771624,0.9973674447674079,7.472144742376168e-35,2.119850345043713e-32,
free,127,1.510609861310207e-15,1.594109077000235,-1.9699968953770914,-1.987065418771725,0.4377085768331692,1.3194234714422732,23,0.746031746031746,cluster-4,8.322609317921047e-24,9.020057232516237e-24,4.000823807686286e-17,7.211219427607561e-25,1.0,
free,110,0.03631393055123328,1.5494109348039942,-1.9605281483043324,-1.9702196039900126,1.0425446943803265,1.1113639868760943,27,0.6788990825688074,cluster-1,1.5579825916822999e-50,0.994071151418698,0.005928848578285856,4.487119190345719e-28,3.022571463728046e-12,
free,127,0.009005349075148338,1.586532897249691,-2.459187184731791,-2.489129235011873,0.5234742652712847,1.2753284762041042,30,0.7857142857142857,cluster-0,0.9988393162203185,1.3398727536342912e-29,1.5459907416103499e-27,0.0011606318168711994,5.196282459716352e-08,
free,127,2.3005151534484758e-09,1.5561755279365748,-1.9009025753952387,-1.9093548955928388,0.8809611403097317,1.2984976048591201,28,0.7857142857142857,cluster-1,2.571796642318022e-49,0.9999999999044178,9.557099576396849e-11,4.652852208729799e-43,9.706473812848999e-22,
free,127,3.776875541086305e-08,1.5554927332091508,-1.9107401690145178,-1.9174814134556595,0.9155811700295275,1.3187706272971067,33,0.7936507936507936,cluster-2,3.1677803803352175e-51,1.786340138360531e-09,0.9999999982136671,6.888711618927267e-41,8.975728703954611e-20,
free,127,1.6176859668744385e-16,1.5859923380219618,-2.201688751460999,-2.208429995913459,0.6220232145054134,1.269994645334601,36,0.8253968253968254,cluster-2,4.921089812613958e-35,1.415339427321203e-24,1.0,4.039112873510905e-18,3.7561300136047903e-26,
free,127,0.10970898359937786,1.5906769100240477,-2.031220443605438,-2.037911782697442,0.533557801734744,1.3137654670172858,23,0.7777777777777778,cluster-2,3.64146117761859e-30,1.3853542577374153e-12,0.9769430239528796,1.029720221110917e-19,0.02305697604573093,
free,120,0.02723022140835804,1.5821732900744858,-2.102415593465169,-2.1113172986154765,0.6687931060791015,1.2327076619031525,40,0.773109243697479,cluster-1,1.3924806431012247e-35,0.9957901529532777,0.004209847046717105,6.562206259724167e-19,1.8776318053005163e-18,
free,127,5.792626765530044e-13,1.5943753163628622,-2.20981627937377,-2.2182685995723053,0.48238727239173196,1.3250553147080213,27,0.7380952380952381,cluster-1,1.6143911219023763e-23,1.0,1.8312453115921835e-14,4.230772452000129e-19,2.4759246373197446e-27,
free,127,5.82646326091307e-06,1.5078224939094924,-1.9899563526544046,-1.9966975947724142,1.4293510857529528,1.2499659447577953,24,0.746031746031746,cluster-2,1.4573709415020344e-79,3.684371376232477e-07,0.9999996315628547,1.4335601412993779e-44,1.6146528958301925e-26,
free,127,1.607649800334727e-09,1.577610272446775,-2.0943130132720227,-2.1027653334699146,0.6113855557178889,1.3038483555989706,20,0.8095238095238095,cluster-1,1.7196632612612848e-32,0.9999999999342322,6.576615500517057e-11,2.5071234039262583e-30,1.9001400339964262e-34,
free,127,6.023062054704274e-06,1.6018680036679398,-2.1214614027128444,-2.129913719179901,0.3334103081170028,1.3050501610710479,35,0.7698412698412699,cluster-1,2.0834049956126276e-17,0.999999618437089,3.8127115568810747e-07,2.9172761426472025e-10,4.07963390190359e-19,
free,127,1.47508055633207e-13,1.476145683191652,-2.582506314976009,-2.589247559428469,1.4588836910217764,1.1513002101808703,27,0.7222222222222222,cluster-2,3.425213387701831e-81,4.4641655194158975e-15,1.0,9.453034907666138e-64,4.288450540045713e-44,
free,127,8.246505171827063e-13,1.6010020951500463,-2.415127010796014,-2.4451088305537056,0.34568774606299213,1.253542199965477,32,0.7857142857142857,cluster-0,1.0,8.579349629599874e-20,2.6041544884896846e-14,2.893944762375927e-18,2.784760242692242e-16,
free,127,1.650587019975505e-20,1.5745669656821382,-2.185344065268209,-2.1920853097206687,0.7541974886195866,1.246217686522888,24,0.7698412698412699,cluster-2,2.5231114721435053e-42,2.7175671124536937e-22,1.0,1.3126585901184807e-34,5.882713729225155e-23,
free,127,0.032344543504611495,1.5986205070719293,-2.1047026867002954,-2.1229576388863673,0.3992516224778542,1.327971674440175,20,0.7619047619047619,cluster-3,9.482468842719396e-23,0.004905023768483672,2.653282774746689e-15,0.994956386580624,0.00013858965088376613,
free,127,6.62883541487262e-13,1.5861208460953564,-1.5679304468350148,-1.5979122665927104,0.6641756793645421,1.3511180962888862,25,0.6746031746031746,cluster-0,0.9999999999999716,2.328762851356737e-37,4.263049446639634e-24,2.0113522734339357e-14,3.328217333153892e-18,
free,127,0.30511426990042373,1.606944888504782,-2.626368725393701,-2.6324990925457956,0.17439690537340047,1.2721078122305074,29,0.7777777777777778,cluster-2,4.374567818645842e-08,0.09111638421192417,0.9088835538964019,2.185633353798521e-10,1.7927457882402597e-08,
free,127,7.2043476477519484e-09,1.588330276866451,-1.4131376011165109,-1.4215899213126222,0.6547882800965799,1.366721173979561,33,0.7380952380952381,cluster-1,7.671689525245962e-37,0.9999999996931876,2.2593937726315561e-10,1.2990358842710329e-17,8.086906929261214e-11,
free,127,0.06473802732305246,1.5938447244071683,-2.623306394562008,-2.6416768080753354,0.5000386876384106,1.2945620116145113,42,0.8015873015873016,cluster-3,0.011940198131950451,2.765504333864507e-09,2.5998590086031413e-28,0.9880597991025585,4.918453213395534e-17,
free,127,5.724234655115734e-13,1.5822242372276905,-2.064735232375738,-2.073187552574274,0.7177582988588829,1.311186545292876,30,0.8174603174603174,cluster-1,2.580800867910011e-40,1.0,1.270020119621841e-15,3.951797053302337e-26,1.6670116802793884e-14,
free,127,9.835910896719323e-06,1.5325399034866816,-2.457399143008735,-2.4641403833757187,0.9037127156895917,1.214549529149703,29,0.7063492063492064,cluster-2,1.430092478312539e-50,6.447945223605437e-07,0.9999993552054693,6.79719043873225e-48,4.252709950955249e-42,
free,127,1.599767925016045e-17,1.5754330516351351,-2.054466427780512,-2.061207672232972,0.8135368767685773,1.264041150141497,27,0.753968253968254,cluster-2,1.3460115808994152e-45,3.771089068011032e-19,1.0,9.856031902549405e-27,1.0465719516049579e-24,
free,127,0.4286674527611511,1.5396752293660245,-2.1378856268454722,-2.143554682168688,0.9235515444297491,1.2587606089003232,36,0.7301587301587301,cluster-2,9.745236348351845e-52,0.15346193182207224,0.8465380681779198,2.949714688560072e-33,1.0014408801496557e-40,
free,127,0.003939149235455084,1.5970341941977204,-1.8497828686331201,-1.8582307574886832,0.4401550292968748,1.3069248520258165,23,0.6587301587301587,cluster-1,5.282955628369414e-25,0.9995472175900124,0.0004527824090773976,9.165169762687384e-13,3.727944380066099e-17,
free,127,0.001119712405483967,1.5771604139312656,-2.0123260978638657,-2.0190666403870443,0.5944770152174579,1.2919966151567603,23,0.8253968253968254,cluster-2,1.6268023744507464e-33,0.00011077541672138144,0.9998892245832864,7.923622379797223e-27,6.363397161153835e-31,
free,127,0.0015709762184113534,1.5624745169292291,-1.9796237495001845,-1.986363970987981,0.9486029917799581,1.2942507965223418,31,0.7619047619047619,cluster-2,4.779177806337192e-53,0.00016143493169547333,0.9998385650683156,1.5872881818740265e-23,2.9257830387688107e-21,
free,127,0.005030361880643603,1.5471581202590796,-1.980650533841351,-1.9873879928853833,0.8965957521453616,1.269112609558841,35,0.7301587301587301,cluster-2,3.5289371180167396e-50,0.0005972229390642065,0.9994027770609234,1.6934062271979757e-31,6.21978989961973e-40,
free,127,4.238612376358411e-14,1.589303715796893,-1.9336020402082308,-1.940343284660691,0.598148015540416,1.3035237602712906,25,0.746031746031746,cluster-2,1.0207218725527173e-33,1.2347268347390504e-15,1.0,1.1117967191263945e-20,1.4110436041235448e-23,
free,127,0.6565089143666027,1.5585740652722087,-2.783405934731791,-2.78714849496462,0.8722726416400102,1.2131584856599287,27,0.7619047619047619,cluster-2,4.919218795387748e-49,0.36548498763326903,0.6345150123667361,3.132028340229319e-33,4.020409615778866e-17,
free,127,0.01651366878792092,1.5913972367998637,-1.7955590195543185,-1.802290098889853,0.5746148777758981,1.3318291699407672,41,0.753968253968254,cluster-2,2.022880704955546e-32,0.0013474204343674107,0.9978913152082114,6.006431423765065e-06,0.0007552579259887494,
free,127,1.2565514431825731e-23,1.5402619827995216,-1.9241161196250616,-1.932568439823597,1.0770622914231667,1.2511401073910537,35,0.7698412698412699,cluster-1,3.9282521008775663e-60,1.0,2.213403773423654e-25,8.348244110905976e-45,1.3899480199380375e-36,
free,127,0.11405232414345555,1.5870342499161536,-2.18329818605438,-2.189883737122236,0.6476872962290843,1.3121258907750524,24,0.7619047619047619,cluster-2,1.8445974154599103e-36,0.02421521266174138,0.9757823924221166,3.254116516223991e-09,2.3916620299913535e-06,
free,127,2.472049468800519e-10,1.5854361582752046,-2.150896928441806,-2.1593492486402726,0.7045326533280019,1.3170094288621292,27,0.8333333333333334,cluster-1,1.3842682409104423e-39,0.9999999999908482,6.50934693183289e-12,2.6401463423791714e-12,5.40727850481023e-19,
free,127,7.483379354008075e-10,1.5846975924020739,-2.5113323542076773,-2.5180735986599494,0.7055250753567912,1.2626012464790455,30,0.753968253968254,cluster-2,1.2203455500973255e-39,2.9645842522562246e-11,0.9999999999703277,1.6879715191205817e-18,9.49705399768969e-20,
free,127,6.085538670171754e-10,1.5830715937924198,-1.9128295417845718,-1.9298980651789648,0.6143267774206449,1.3025533939664484,19,0.7698412698412699,cluster-4,1.7805373958892263e-31,1.307860282085615e-34,3.732645782651913e-12,1.9752607742027424e-11,0.9999999999765237,
free,127,1.89780598630334e-12,1.582681746989844,-2.2177099993848426,-2.2361022198835627,0.6623542365126722,1.308468182268669,33,0.746031746031746,cluster-3,6.048561361675042e-14,4.607055361304393e-28,2.9348619126437366e-37,0.9999999999999432,6.306630612018623e-24,
free,127,1.1477419762341202e-09,1.5985439084083262,-2.380237489234744,-2.3869787336869113,0.412982850562869,1.301731905015851,36,0.7619047619047619,cluster-2,1.6663491861860213e-23,4.628780510587399e-11,0.9999999999537295,1.3712226902065281e-18,4.171908958456441e-18,
free,127,0.2804972587246851,1.585287860483514,-2.011322622224102,-2.0195468406895616,0.6470566396638167,1.3319024475731474,25,0.7857142857142857,cluster-1,4.4586120126552995e-17,0.9192911397600106,1.8827203098198222e-36,4.3369244407708524e-10,0.08070885980630164,
free,127,4.984638818099415e-10,1.5757331320976002,-2.5815165362020176,-2.588257780654355,0.7869572677011565,1.2014828642655855,29,0.7142857142857143,cluster-2,8.591366880462425e-28,1.942146275126121e-11,0.9999999999805596,4.19211512592361e-21,3.9360240666735e-44,
free,127,1.6325317130255381e-09,1.5951299408470505,-2.2071004552165356,-2.2155527754149222,0.5163463682640255,1.2870575745186554,32,0.7698412698412699,cluster-1,3.3167285719217244e-29,0.9999999999331521,4.4394540612800866e-16,6.682628928653098e-11,1.6672372318556632e-18,
free,127,3.228211989127659e-29,1.4645035817328194,-1.5742224745863065,-1.5809637190387669,1.5737774465966412,1.2607264055450438,8,0.6587301587301587,cluster-2,1.576437213520629e-87,4.621675906550945e-31,1.0,5.123351868296077e-66,2.5742393390852255e-50,
free,127,3.6830002320560935e-13,1.5456776551345568,-1.8415825310654528,-1.848323775517913,0.9307779627522144,1.3045336271977486,30,0.6984126984126984,cluster-2,4.598009838894315e-52,1.1473987849898182e-14,1.0,7.662741548009644e-44,5.162680047969698e-39,
free,122,0.007706701548719646,1.5888784324669425,-2.4115450499487703,-2.4185561665462862,0.5402611904456971,1.2461495607614266,24,0.768595041322314,cluster-2,2.3682018795434258e-29,0.000971024129313331,0.9990289758704979,1.6541932437739698e-13,6.466058313033444e-23,
free,127,9.427305034775864e-09,1.552341137435351,-1.9511837696465921,-1.9579250140964093,0.9480510321189097,1.2701653248113371,28,0.8174603174603174,cluster-2,5.127041817849391e-53,4.1713530511992226e-10,0.9999999995828261,9.580857933685362e-42,3.236623105513669e-14,
free,127,3.664995501110896e-07,1.5804970791963755,-2.196331114280881,-2.2047834342881534,0.6020486185869833,1.2791761773613568,32,0.7380952380952381,cluster-1,6.219680766402987e-34,0.9999999804538791,1.954613436423267e-08,1.3590062989520975e-25,7.413756983675133e-31,
free,127,0.06269709212762681,1.6057882795900156,-2.16805862066314,-2.1747750405651916,0.2556623323695866,1.3354816392702005,38,0.8174603174603174,cluster-2,7.833185812663725e-15,0.00018442531342008524,0.9887726187117457,2.6792899548626096e-05,0.011016163075276766,
free,127,0.006113228346613653,1.5551405574950734,-1.8547217902236097,-1.863166814390604,0.9434863713782602,1.297082097193448,31,0.7698412698412699,cluster-1,9.147632292443583e-53,0.999254594256246,0.0007454057437627599,5.319002129390631e-15,1.0333425304490962e-34,
free,127,0.06398222759475161,1.582313245285694,-2.073905644454355,-2.080571788621146,0.6120927465243606,1.306788625405137,27,0.7380952380952381,cluster-2,1.7164792105258876e-34,0.011769320948547747,0.988230675844327,1.8455716343453182e-26,3.2071275126435296e-09,
free,110,9.622829502206771e-06,1.5889660246776165,-2.2058299671519888,-2.215588553100578,0.600700517134233,1.1554227189548727,20,0.7798165137614679,cluster-1,2.009548725532708e-29,0.9999993701419493,1.5750649303282693e-13,5.155093616602151e-19,6.298578827455906e-07,
free,98,1.615182430739427e-09,1.564898043686541,-2.042042012117347,-2.05077811462177,0.888286357023278,0.9567197241777607,22,0.8247422680412371,cluster-2,1.562317889987885e-38,2.1714860109928338e-11,0.9999999999356532,3.3758326101291856e-27,4.261825627559679e-11,
free,127,1.4725999293210833e-07,1.5504117828419308,-1.994009543591597,-2.0007507879967266,1.1091492420106424,1.2670264942020224,25,0.7857142857142857,cluster-2,6.674685071068542e-62,7.46987857890446e-09,0.9999999925297516,6.1714797970544134e-30,3.6615233356282546e-13,
free,127,5.899701976610338e-10,1.596050619721019,-2.0545820101039616,-2.0716505334980506,0.4708194282111222,1.3001529099832103,27,0.7936507936507936,cluster-4,1.0758865668180266e-26,2.314111060200858e-11,3.694378291552634e-15,1.7619385264512466e-21,0.9999999999768647,
free,127,0.07978412690826372,1.5581558343761546,-2.173824280265748,-2.1821244638256707,0.970122329832062,1.257111887945829,37,0.8095238095238095,cluster-1,3.0602063344800055e-54,0.9845439009718844,0.015456099028107548,3.445606190896609e-25,5.100762787733587e-21,
free,127,2.5949665154337807e-11,1.543108061416088,-1.8559585931732898,-1.8644109133718165,1.1917093832661787,1.2915930348032714,24,0.753968253968254,cluster-1,1.8654913238079062e-66,0.9999999999990905,9.028955161485889e-13,2.2928109130235674e-34,3.774600779490345e-19,
free,127,2.4206187098931705e-12,1.5820046458586536,-2.0576042115218995,-2.06434545597436,0.7067599559393454,1.2868045626456668,27,0.6984126984126984,cluster-2,3.0256150870358055e-27,9.3674922934591e-19,0.9999999999999432,1.0432117989514448e-39,7.832676978760467e-14,
free,127,0.000183933597264027,1.591215265748417,-2.0464275690514273,-2.054879740423862,0.5263246551273375,1.274840912317465,28,0.7301587301587301,cluster-1,8.124209439489294e-23,0.9999847908386937,1.5209160892112251e-05,9.340001187410877e-30,4.350954293532575e-13,
free,127,0.36925157219692917,1.5979195179029584,-2.279380978561762,-2.2874780356127418,0.42510097233329214,1.29919984744835,36,0.8015873015873016,cluster-1,2.8235306818713012e-06,0.8788456654202778,3.142670037755673e-24,1.8796006866749366e-13,0.12115151104886947,
free,127,0.06114138128244007,1.5951034923157872,-1.9653651920829232,-1.9737924681242696,0.38054987389271666,1.30305846704731,32,0.8412698412698413,cluster-1,2.814974212795322e-20,0.9888678661697534,4.370293485989205e-19,0.011132133830257324,1.0133466911777028e-21,
free,127,1.1181306668858912e-11,1.5845447550858969,-1.4435911403866264,-1.4606596637812574,0.6329700139563856,1.3639127988475037,32,0.7777777777777778,cluster-4,1.225423480139931e-35,2.8083149243903757e-16,2.0166149401750383e-29,3.7761965256117575e-13,0.9999999999996305,
free,127,0.04968523084491528,1.555793599047362,-2.3458487443097935,-2.3525349187664473,0.7657706193097931,1.2489158393206194,28,0.7857142857142857,cluster-2,5.752337053563979e-43,0.008646531925812091,0.9913534680741886,2.1894883885873734e-35,6.391618253250676e-35,
free,127,3.9581194414246996e-05,1.5980504005702079,-1.8334959736020546,-1.8402371998269293,0.41888535867525833,1.3137702381056797,24,0.7301587301587301,cluster-2,7.87425678154763e-24,2.876783536161615e-06,0.9999971232164339,2.243237180571114e-14,2.1349948231206564e-18,
free,127,2.948931301060076e-17,1.590024574976307,-2.133087158203125,-2.151479378701845,0.5516239676888532,1.308434088474678,36,0.8253968253968254,cluster-3,6.678931872791677e-19,3.4313225033858873e-20,3.7580266268011766e-31,1.0,1.805293459540313e-26,
free,127,0.003866648182463076,1.5916329604805521,-2.238158218503937,-2.268088685971497,0.4563685139333171,1.3282087189008829,27,0.7936507936507936,cluster-0,0.9995648523486209,0.0004206326493548243,6.739433735958823e-26,1.4515002032203025e-05,2.3689991946064218e-24,
free,127,0.20275654201079857,1.5456833124733926,-2.1255156749815454,-2.133454381857275,0.8411528820127954,1.2689577103295862,20,0.6984126984126984,cluster-1,3.827702768521653e-47,0.948552129485568,0.051447870514423906,7.988284138324839e-45,2.640780291970583e-27,
free,118,4.970630558004881e-14,1.5796004791184926,-1.8330031572762182,-1.8421001459644724,0.763552132299391,1.2392735384626765,25,0.7606837606837606,cluster-1,7.420542060106591e-40,1.0,1.4549303579640181e-15,7.066686426459766e-21,2.3384827108198702e-23,
free,127,0.011492492036468625,1.6025890590336764,-1.9073292889932947,-1.9243617875538872,0.3068310594934178,1.3501691676591203,44,0.8253968253968254,cluster-4,1.1910870799892587e-17,0.0015322350232250103,7.353918688952549e-15,2.209025781761863e-06,0.9984655559509942,
free,127,3.855502998557538e-10,1.6010055526140852,-2.1439365176703986,-2.1523888378688083,0.36368735005536434,1.294651005684171,21,0.6904761904761905,cluster-1,8.723264139736566e-21,0.9999999999853912,1.2316809600492382e-11,2.296390399724891e-12,1.4147499708785633e-18,
free,127,6.971691190332776e-05,1.5724070803226868,-2.0448336864080954,-2.0532859547177615,0.8840185450756644,1.2715969723851668,30,0.7301587301587301,cluster-1,1.7442227297126175e-49,0.9999946972386817,5.3027599121241e-06,1.4142827365400687e-12,2.331646548059482e-16,
free,127,0.37394976513439243,1.5492888461924441,-1.6594738096702757,-1.665368963630548,1.0136728361835627,1.303610390243921,31,0.8015873015873016,cluster-2,1.0794299649700496e-56,0.12355552114266022,0.8764444788573308,2.699339028026687e-31,1.4106464838692958e-21,
free,127,9.323594895160439e-22,1.5511498247849769,-2.5168786236620324,-2.523619868114493,0.9366966908372296,1.206367816059211,29,0.753968253968254,cluster-2,2.1683035754737395e-52,1.779892708081647e-23,1.0,1.3108518292593757e-42,2.2750948225937738e-37,
free,127,1.4175309917854114e-18,1.4955802474213815,-2.0622544175996556,-2.0689956620521155,1.1131603811669537,1.2281999468542928,22,0.6825396825396826,cluster-2,1.2296187874976793e-58,3.1569369898450106e-20,1.0,7.431935893704336e-61,4.010465652632373e-62,
free,127,0.6713374568960102,1.594277941806996,-1.4737411859467273,-1.4792019916382946,0.49772788220503195,1.3816491639065838,30,0.7619047619047619,cluster-2,2.1315571385988017e-28,3.0220025044216083e-07,0.6040557402186365,2.706273798408034e-13,0.39594395758083023,
free,127,0.19647652399710944,1.5681928343106906,-2.1187958003967764,-2.126756277589312,0.8364510123185287,1.2667570757129272,33,0.6984126984126984,cluster-1,6.97027230401844e-47,0.9506906920915444,0.04930930654662943,1.1374357500482797e-25,1.3618420593603687e-09,
free,127,1.4484330627612318e-05,1.5996294084314862,-2.399803101547121,-2.4082554195708075,0.36468914362389304,1.2729895851174953,36,0.746031746031746,cluster-1,7.681115135784253e-21,0.9999990239508849,1.3250284170940669e-19,9.760488765886594e-07,2.2141582810422647e-13,
free,127,7.227561505512141e-05,1.5700845756340058,-1.8697720024529405,-1.8765132119697154,0.7692129780927044,1.3049231127348144,19,0.746031746031746,cluster-2,3.747561145519923e-43,5.513744284280708e-06,0.9999944862557251,1.9621454991036146e-33,3.003537553908542e-15,
free,127,7.932542718931677e-10,1.5626950131466844,-1.951554786501907,-1.9582960309543003,0.986894141970657,1.2754082483745406,25,0.8333333333333334,cluster-2,3.693683077965178e-55,6.27471306717089e-17,0.9999999999685087,1.2196828254052299e-27,3.150250720283192e-11,
free,127,0.09170676692141985,1.6083392349567451,-2.254296490526575,-2.2610189368434113,0.13141493909940927,1.318723650374341,30,0.7777777777777778,cluster-2,0.008663036615587935,5.5574681175229564e-08,0.9842839580303806,3.930119976471027e-06,0.007049019659396355,
free,121,8.184423565808193e-14,1.5327541201580068,-1.729302524535124,-1.7363780455720037,1.2123998216361054,1.1925656141075711,33,0.8333333333333334,cluster-2,1.9446218443137754e-64,2.428791840223175e-15,1.0,9.865581318917284e-43,2.771214246101982e-18,
free,127,1.143821357602915e-12,1.5990143660837943,-1.7858718511626477,-1.8029403745572798,0.4313779815914125,1.337785955663542,33,0.8333333333333334,cluster-4,1.6112955901201237e-24,8.148754047268261e-17,3.559348535191176e-14,2.841331740168535e-16,0.9999999999999716,
free,127,1.1669854132157326e-18,1.5663976947786562,-2.1753078670952264,-2.1820491115476868,0.8334737462321606,1.2729249102610227,29,0.7857142857142857,cluster-2,1.0700961521316086e-46,2.587490989553251e-20,1.0,1.2761661232252533e-26,3.4935523387456963e-38,
free,127,3.8571437051271945e-14,1.529892429549236,-2.0904742864173227,-2.097215530869783,1.023985855222687,1.278218739657718,25,0.7777777777777778,cluster-2,3.323926242541898e-57,1.1204468363675749e-15,1.0,1.3094514347122234e-51,6.49132293377074e-41,
free,127,0.6094331208432315,1.5672690320858482,-2.315961942898007,-2.330628278029568,0.9164575291430856,1.246418949771896,30,0.7301587301587301,cluster-4,1.9939797910548142e-51,0.00018901627775431748,2.9067291614928993e-06,0.29624729371603575,0.7035607832770359,
free,127,8.88157166508255e-05,1.6003609608244174,-1.5275913749154157,-1.5459834341287118,0.42029745747723934,1.364940990817773,41,0.8253968253968254,cluster-3,6.58147253038614e-24,5.378292799263601e-06,1.5364375987990293e-09,0.9999933768869396,1.243283833622102e-06,
free,127,0.013023176602936865,1.6044706348979103,-2.6922484870970718,-2.700696118390468,0.28805806317667315,1.2485014037196982,36,0.7857142857142857,cluster-1,2.2495380414597986e-10,0.9982239180645425,1.2920237705222894e-16,9.8040737723841e-09,0.0017760719064476096,
free,127,1.3417732565764986e-12,1.5845551630218988,-2.3923594557394194,-2.3991007001918794,0.6325995978407972,1.2658570858519376,25,0.7142857142857143,cluster-2,1.2844483531462094e-35,3.213302228350833e-19,0.9999999999999432,1.9284413415663463e-29,4.1707081150903224e-14,
free,127,3.734790404501233e-07,1.5774892124481312,-2.1754842442790356,-2.182225488605157,0.7656461460383857,1.2961839844752234,21,0.753968253968254,cluster-2,5.8949640284666146e-43,1.9939556334727713e-08,0.9999999800604658,8.240750470076229e-25,6.152940584872384e-20,
free,127,4.2444513054738714e-12,1.6003941859272133,-2.0798154815914125,-2.0982077020901313,0.37345033180056575,1.2897485523640428,34,0.753968253968254,cluster-3,2.52463074947784e-21,3.16664067610129e-16,2.9951171142219436e-18,0.9999999999998863,1.3915187265432792e-13,
free,127,2.0249360718589236e-06,1.5949454752609706,-1.7590889517716535,-1.7675412717043273,0.5408786563422738,1.3603930458450826,49,0.7777777777777778,cluster-1,1.4710307055186862e-30,0.9999998809568424,1.6415066395284127e-12,1.175818558366739e-07,1.4596598980514335e-09,
free,127,0.003633561139833243,1.6064708012861861,-2.3038736178180366,-2.3209300736616387,0.23122832531065418,1.2801582488442003,22,0.6904761904761905,cluster-4,6.004753771132543e-08,1.763315186054901e-13,0.000412997208988487,8.615861952619756e-08,0.9995868565846774,
free,127,6.13595975292835e-17,1.5812914147611914,-2.175631305364173,-2.1823725498166335,0.7346883458415356,1.282093181151303,39,0.7142857142857143,cluster-2,3.005875552823674e-41,1.4412892442555068e-18,1.0,3.0823623648474315e-26,4.8340695811251616e-20,
free,127,0.0010706690847489947,1.566184552051659,-2.048348494402067,-2.065413937273342,0.9104148083784449,1.2903941393324456,37,0.6746031746031746,cluster-4,6.10466765451431e-51,6.348189024177156e-21,0.00010540524247568346,4.744443551084258e-22,0.9998945947575517,
free,127,0.03354865337647529,1.602389187183886,-2.1731295848455954,-2.1798606387380244,0.33937252975824306,1.3234228455342911,28,0.8492063492063492,cluster-2,1.9031929065606568e-19,0.00015732046420456513,0.9947413407119664,0.005101338763613505,6.023859612317804e-11,
free,127,4.926433359321378e-05,1.5951526195500239,-2.4316648948849657,-2.438406116254433,0.4958356722133366,1.2821581784169518,29,0.7698412698412699,cluster-2,4.4872883557693345e-28,3.6430904797421552e-06,0.9999963569095338,3.5191798383594997e-16,1.6499098297393485e-16,
free,127,0.0008737526518016895,1.5736264202357553,-2.256911390409695,-2.2636521016303224,0.7887799120324801,1.3035805860287941,28,0.8253968253968254,cluster-2,3.1224286310629075e-44,8.415366041140193e-05,0.9999158463395478,3.312775042713606e-26,5.125714789964974e-14,
free,127,1.2467846605186172e-16,1.5770757016854229,-1.69583610474594,-1.7025773491984002,0.7619136299673965,1.335649972468885,26,0.6825396825396826,cluster-2,9.469991341456085e-43,3.0924093040276624e-18,1.0,1.3617598457924547e-28,4.9709033194089117e-26,
free,127,0.6192153652907205,1.6054845694494784,-1.8499071016086368,-1.8716225819671282,0.25234312523068403,1.3668305094401463,24,0.7777777777777778,cluster-0,0.7048027611424112,0.0020477604398200498,8.511023485086531e-15,0.29312485845046815,2.4619967303429287e-05,
free,127,0.335420949267183,1.5982037562636728,-2.454934428057333,-2.46964264595851,0.4398532176580954,1.2344828182066772,31,0.7380952380952381,cluster-4,4.916538417937642e-25,0.10476031706649214,1.5917421988492766e-07,7.005826309146404e-10,0.8952395230587298,
free,127,2.7453851370759273e-09,1.5752585548773204,-1.8095270592396653,-1.8279192797344774,0.8266387699157236,1.2985157237730207,23,0.7380952380952381,cluster-3,2.549227821755427e-46,3.696631022544639e-24,1.1248307119164634e-10,0.9999999998855174,2.009253096382716e-12,
free,127,7.945466341278431e-10,1.5381538575030806,-2.1086113396592028,-2.115352584111463,1.2021277720533958,1.244868104536529,29,0.746031746031746,cluster-2,4.96778556168853e-67,3.155590901654367e-11,0.9999999999684519,3.577139976535753e-36,9.332642621531452e-27,
free,127,0.28266633197415103,1.6047454644015022,-2.1297650675135333,-2.136338164257267,0.2779557836337352,1.3239043559798518,29,0.7857142857142857,cluster-2,4.353408641444543e-16,0.008005089560343726,0.9323771932008561,0.05703702288661651,0.0025806943521566672,
free,127,0.3094837415667744,1.5609178355175444,-1.751974631482222,-1.7585012679562038,0.9204951008473794,1.3392534900908903,26,0.7301587301587301,cluster-2,1.539300175697453e-51,1.2771814776771423e-06,0.9069807496398227,6.835437512940136e-26,0.09301797317871004,
free,127,0.38551070866019765,1.6055937233020234,-1.873646893839198,-1.8818441866570625,0.23508891909141227,1.355245634072237,28,0.746031746031746,cluster-1,9.753971324756378e-14,0.9028272416521166,2.1717840426271417e-08,0.05428852927546927,0.04288420735447271,
free,127,0.022850545298668944,1.5820257758431513,-2.010032593734621,-2.018451375165059,0.6657909483421509,1.2913144015695206,26,0.746031746031746,cluster-1,1.8903634083614132e-37,0.9965769608204493,0.0034230390252640913,1.5427790203530727e-10,3.5446731387955507e-23,
free,127,1.0236532448715469e-05,1.5959355703084943,-2.2331636684147393,-2.2416159871412575,0.5193897157203491,1.3177767158298046,26,0.8174603174603174,cluster-1,2.108350599365738e-08,0.999999361304139,2.2534743068624324e-29,4.0908158575057245e-07,2.0853074477296926e-07,
free,127,1.8784522085328515e-10,1.5991188770158855,-2.188997283695251,-2.197449603893768,0.3826522226408713,1.2816076452055047,32,0.7698412698412699,cluster-1,1.4579323636365204e-20,0.9999999999929514,7.846281854440887e-22,7.947609101134229e-17,7.040430432498898e-12,
free,127,4.382311775984797e-07,1.5197851597061836,-1.8868172713152067,-1.8952695912827173,1.2585530919352854,1.322216916821833,30,0.8412698412698413,cluster-1,3.837088247899955e-70,0.9999999763904558,2.3609538948541425e-08,2.6081509684534286e-44,1.0954888865919214e-32,
free,57,0.40223514574905717,1.6017957013921673,-1.8524564776504249,-1.8667825767416868,0.3694096615439968,0.6244515027649371,16,0.7142857142857143,cluster-2,6.474102346885989e-10,0.02042061148463825,0.9033093014934716,0.012882164642968498,0.06338792173150706,
free,127,0.33301049372803554,1.596637550494326,-2.0008100374477116,-2.0165047024992804,0.4198764590766486,1.3056394207208193,26,0.7698412698412699,cluster-3,6.2234087692731534e-24,0.10364084119513678,3.531441195252952e-08,0.8963591234904644,1.3054229279127927e-17,
free,127,0.4435410710646458,1.5934372185821473,-2.0852262241633857,-2.0932581317889607,0.5225952629029282,1.3000656235824026,31,0.753968253968254,cluster-1,1.256370646820343e-29,0.8376606752228917,9.450505332178077e-07,0.16233837972441284,2.1450751517644498e-12,
free,127,0.0003838492869601128,1.5748445876660866,-2.202410600316806,-2.209151629326355,0.7168862650713583,1.304615368526163,34,0.7380952380952381,cluster-2,2.882949936112237e-40,3.400182010097012e-05,0.9999659981786296,6.704701243974205e-31,1.29252473570251e-12,
free,127,2.9922506992468855e-12,1.5019622524632008,-1.7326703409510336,-1.739411585403493,1.5539435439222442,1.2673780279150955,16,0.7063492063492064,cluster-2,1.957147232505157e-86,9.701626936316207e-14,0.9999999999999147,1.9764541668605287e-46,5.290997118841296e-25,
free,127,0.08697142346868245,1.6069743259557097,-1.7072469155619463,-1.7251665509226577,0.20051778958538402,1.377284625043965,34,0.7936507936507936,cluster-3,1.7709522106626181e-06,0.01720271167153426,1.872560625686149e-07,0.9827953301116232,8.566912922373118e-12,
free,127,5.096421168698248e-05,1.5534941436281033,-1.7197000098040724,-1.7264412303121823,0.9509216068297859,1.3023862885887367,36,0.753968253968254,cluster-2,3.5607175454332725e-53,3.779034564960662e-06,0.9999962209654211,2.4409813106008015e-35,3.040635157216181e-26,
free,127,4.977448189861058e-09,1.5997742158022457,-2.372218334768701,-2.3806706549651433,0.38870503583292315,1.2811479556573078,39,0.7063492063492064,cluster-1,3.843878292962128e-14,0.9999999997860982,2.138889918732548e-10,3.637630451732722e-22,2.7804569976304083e-19,
free,127,0.013087383360694455,1.5996359175741561,-2.2878441998339074,-2.3062197228287546,0.4182015967181347,1.2719030579348687,32,0.7777777777777778,cluster-3,1.177917243293577e-10,5.3783457613232076e-06,8.573340053309014e-24,0.9982195327856748,0.001775088750781663,
free,127,0.00847733587171825,1.5972720956239599,-1.929623581293061,-1.9380728462804648,0.4338580754798227,1.3464584796352637,36,0.7936507936507936,cluster-1,1.174692142836226e-24,0.9989400234225703,3.6134999426460594e-05,6.20248865423698e-16,0.0010238415779976,
free,127,2.2162645676803274e-14,1.5435040587312348,-2.009603064829909,-2.016344309282369,0.9620064562699926,1.2626769292210867,29,0.7777777777777778,cluster-2,8.712642008832634e-54,6.332982396877829e-16,1.0,3.746988107472149e-32,4.218492278564884e-49,
free,127,0.6944145841454806,1.5749294287107265,-1.7989095853069637,-1.8079504859707216,0.6571095384012058,1.3070463598810576,35,0.7142857142857143,cluster-4,3.591972980374598e-37,0.3642430650463389,0.007015660694505821,4.820568397899451e-28,0.6287412742591552,
free,127,1.3833082483594625e-08,1.5986389310617501,-1.9797314020592396,-1.9881837222574563,0.4099600484052044,1.3347936984457323,31,0.7301587301587301,cluster-1,6.232201950786283e-10,0.9999999993767688,2.4461882355376028e-23,3.0402878714662612e-18,8.062820915422651e-18,
free,127,0.6349545267943977,1.5690613982179793,-2.317836971733514,-2.325081919775165,0.8486169529712106,1.2602537127458049,25,0.753968253968254,cluster-1,8.151902940153982e-20,0.6689005371074347,1.0460555167169486e-47,1.1613764097050756e-18,0.3310994628925528,
free,127,6.277915374882637e-09,1.6030375130703125,-2.23202995240219,-2.262011772127951,0.3277249073419046,1.3025124243290394,39,0.7380952380952381,cluster-0,0.9999999997293116,2.604994384428883e-10,8.398503491419973e-19,1.0208189651176999e-11,2.0312832822347723e-15,
free,127,0.019078586197196715,1.6010873547684474,-1.8397793507012796,-1.8581457376934596,0.3868374561700296,1.3474482153117897,29,0.7142857142857143,cluster-3,4.598551205412761e-22,4.046606998947054e-10,2.534449952828756e-08,0.9972300297326986,0.002769944518131785,
free,127,0.0003941508791092372,1.596026039142519,-1.861779160386934,-1.8702313883071777,0.459692046398253,1.3474929640526412,36,0.753968253968254,cluster-1,4.356933697626608e-19,0.9999649957301013,4.420653431678779e-26,1.4924957431509639e-10,3.500412065140451e-05,
free,127,0.2220397102694499,1.5553008106025121,-1.7046219232514148,-1.7124914457602554,0.978227149783157,1.306308715592924,27,0.7936507936507936,cluster-1,1.0457811107249287e-54,0.9417806203381547,0.05821937966184285,1.4151366391734271e-27,3.1873423711829504e-21,
free,127,1.3396478998382076e-08,1.5891934933299172,-1.843488798366757,-1.8519411185639496,0.5829559085875982,1.325597309131279,27,0.7857142857142857,cluster-1,7.028038705066827e-33,0.9999999993973745,1.274135112437861e-15,6.026371683589483e-10,1.280527014717549e-24,
free,118,4.503475783627651e-15,1.5541062498133216,-2.051222979012182,-2.0584783861771183,1.1536187640691207,1.166286565724417,18,0.7521367521367521,cluster-2,7.599568120947448e-60,1.0609183759249137e-16,1.0,1.3089576804891516e-20,1.551708740815076e-17,
free,127,1.824562945244064e-09,1.573884285732944,-1.7351167934147391,-1.7521853168076076,0.8660088486558808,1.3194217925933431,30,0.7857142857142857,cluster-4,1.7176561952262208e-48,7.422548402169597e-11,6.574953223424859e-13,1.0456995870526676e-21,0.9999999999251088,
free,127,0.00022458058238343482,1.596701496064907,-2.165923111082062,-2.174375246233333,0.4134759377306838,1.3142354493384927,21,0.7777777777777778,cluster-1,1.5651695176638865e-23,0.9999810892348746,1.8910715282327028e-05,4.982712816749197e-11,1.6706856422372295e-21,
free,127,0.45789296689508296,1.5921367717736286,-2.6974114846056843,-2.7040638827671146,0.486059954785925,1.2532088675141178,19,0.8571428571428571,cluster-1,1.2870124052448324e-27,0.8287309819867545,0.17126900295691538,2.758341319346581e-20,1.5056318740272446e-08,
free,127,0.006459600278615258,1.5613448373915542,-1.835756316898376,-1.8424925298812438,0.9992935300812009,1.3294553245296017,23,0.7380952380952381,cluster-2,7.642256032220012e-56,0.0007937204275490186,0.9992062795724487,1.2973797545954171e-19,1.0365279791776644e-15,
free,127,1.2352322011522874e-10,1.5524195384376511,-2.108811265840305,-2.115552510292754,0.9675672636257384,1.283808799932438,23,0.8095238095238095,cluster-2,4.2997313379678414e-54,3.978490004670952e-13,0.9999999999955094,5.157202752784969e-41,4.106772034507494e-12,
free,127,0.0037455439878955176,1.594113174043931,-2.2508424773929625,-2.25929061147914,0.4604348009965551,1.2862329131829315,33,0.8015873015873016,cluster-1,4.02113769098356e-26,0.9995722705188156,0.00042772948018407773,1.5296303793261809e-21,9.795599661938062e-13,
free,124,2.0788924664240294e-12,1.5259921575010444,-2.1172182636876262,-2.1241226027639355,1.101110642956149,1.2413557634811314,21,0.8455284552845529,cluster-2,5.03989804685562e-60,6.664772590986517e-14,0.9999999999999432,5.1524112801391205e-46,2.5384809453389285e-42,
free,127,0.473044049287868,1.5884637017024015,-2.0468257393423968,-2.0533662543725444,0.5482009527251477,1.2896322853538753,23,0.8015873015873016,cluster-1,4.753277449347446e-31,0.8189088322395174,0.1810911677604794,1.2083558708501607e-20,1.033068037774594e-14,
free,127,1.827984366215642e-07,1.5870209546848741,-2.53079704224594,-2.5478655654147686,0.6675768274021903,1.2414341033671246,23,0.753968253968254,cluster-4,1.5119366089433506e-37,7.1654296535572104e-09,1.9596967729639983e-09,1.2046058070208294e-17,0.9999999908748691,
free,127,0.6426995603384321,1.5861976948562393,-2.5741050900436764,-2.5780895499905303,0.5428858479176917,1.2475207488954303,27,0.7698412698412699,cluster-2,7.495318330585127e-31,0.34253029643694816,0.6574697035630456,1.0005771415656846e-22,1.384109759084702e-18,
free,127,0.05614778458991119,1.6035049964904413,-1.743679016593873,-1.7520583213582395,0.32186601293368633,1.369232048762239,32,0.7777777777777778,cluster-1,1.751579707868586e-18,0.9910106873026007,0.006968635307654743,0.0020124522045629452,8.225185194606896e-06,
free,127,8.499626770186485e-08,1.5899741652306318,-2.369775967335138,-2.378228287492719,0.6317883589136319,1.2619918989085268,25,0.7222222222222222,cluster-1,1.4238388914645828e-35,0.9999999958124022,4.184535539446362e-09,1.212712568482598e-15,3.0593538359034745e-12,
free,127,5.974658776385155e-05,1.5978777648759657,-1.7013650728961613,-1.7184335543053038,0.47622512456939003,1.3586301891155772,34,0.8095238095238095,cluster-4,5.415159800841002e-27,2.9812256719993405e-07,3.695053967408638e-07,3.632098053369642e-06,0.9999957002739915,
free,127,7.450418720106914e-06,1.5780588950018826,-2.414988600362943,-2.4449704036830915,0.803925521730438,1.2754480051978145,22,0.753968253968254,cluster-0,0.9999995209166184,4.0672458757880373e-13,4.562120082639009e-45,4.790829502896531e-07,7.729482682403727e-18,
free,127,0.02963695325936972,1.5690073460914185,-2.022202379121555,-2.028914051129369,0.7515530323419046,1.2756079921219898,33,0.8253968253968254,cluster-2,3.513714073169105e-42,0.004654314733498509,0.9953456852665247,2.528100030146296e-29,3.7993650901785663e-25,
free,127,5.2468933717701466e-27,1.5779444426526523,-1.8743346206785187,-1.881075865130979,0.6683919110636072,1.28079892270854,25,0.7222222222222222,cluster-2,1.3632556995932093e-37,3.37863769570097e-29,1.0,4.2276856198837304e-29,3.986370464779878e-30,
free,127,1.7330059221603207e-08,1.5995885933757272,-2.404796690452756,-2.4115379349030976,0.4332352285310037,1.2929740002170949,28,0.753968253968254,cluster-2,1.2727351010835955e-24,1.622768108274023e-10,0.9999999992297717,6.079756821421562e-10,1.466296768551731e-15,
free,127,0.01443396541725617,1.5946101347784514,-2.113991804948942,-2.122424529270735,0.4135254386841778,1.3307776436842336,31,0.8095238095238095,cluster-1,3.274359465840062e-23,0.9979989200905065,0.0020010770164603825,2.893007700465695e-09,1.552277707854937e-23,
free,127,0.0331878333588503,1.593239938456736,-2.734399029589075,-2.7428485727484384,0.5392417607344977,1.2344628266334596,25,0.7063492063492064,cluster-1,0.005248861771188948,0.9947157802776239,3.209922916181587e-11,3.5357919061504764e-05,1.80137623173174e-30,
free,127,2.0180770777274366e-30,1.520655711401377,-1.9325438972533218,-1.9392851417057821,1.3026586817944144,1.241492553429969,23,0.7777777777777778,cluster-2,1.416903855521379e-72,2.775405066007296e-32,1.0,3.2805844336580815e-47,1.7674055470253417e-35,
free,127,1.507517136614108e-13,1.5543589867339702,-1.7222774235282357,-1.7290186679806958,1.0268147385965185,1.3021222326809896,27,0.7698412698412699,cluster-2,2.3207223591151478e-57,1.999218074222028e-16,1.0,1.3221755948318612e-36,4.339909708262936e-15,
free,127,2.140166030601695e-18,1.5796390439539754,-2.4304682213490403,-2.438920541547576,0.7238500399852361,1.274516085675058,25,0.7936507936507936,cluster-1,4.7359430082919684e-20,1.0,6.735697461612362e-22,6.420555844654303e-30,1.1905895940820272e-40,
free,127,1.1455508306879295e-06,1.5668197106687374,-1.7749865674597072,-1.7817278114984554,0.9547077088844118,1.3248840360900818,26,0.7619047619047619,cluster-2,2.2014821433886386e-53,6.529454347036928e-08,0.9999999347054448,4.658972332401937e-16,7.732747677235792e-21,
free,110,7.702873089348776e-09,1.599075717607958,-2.487129072709517,-2.4968876605734245,0.41070501154119343,1.1422083444705813,26,0.8073394495412844,cluster-1,2.8263796848578814e-17,0.9999999996713314,9.502569572121328e-11,2.336313636803026e-10,2.3968385305000807e-20,
free,127,0.005741596504873224,1.5845080361438642,-2.06423157218873,-2.0726820617306205,0.6143073134534944,1.3086906453068892,31,0.8492063492063492,cluster-1,1.3101872494601805e-34,0.9993059532756686,5.872281985283116e-10,1.5085187628266516e-24,0.0006940461370850609,
free,127,0.00014424277066520338,1.607303258991215,-2.1652764748400593,-2.183668447107273,0.20415322611651066,1.3208707177270977,28,0.6984126984126984,cluster-3,2.00760414013942e-07,7.940444473505476e-06,5.493416456417275e-12,0.9999889682572692,2.890532346985117e-06,
free,127,0.02169594364120591,1.5799307249122507,-1.8620746041846088,-1.8704953713106804,0.6990213469257505,1.3191281242156443,32,0.7857142857142857,cluster-1,2.7784181291367104e-39,0.9967793776229972,0.0032206223756876384,1.7681876120569622e-23,1.3122345578759058e-12,
free,127,0.00013185391906291727,1.5325679479459162,-1.9566899096871924,-1.9634310870681695,1.2629953219195988,1.305114651445621,33,0.8174603174603174,cluster-2,2.1826506663264318e-70,1.0585562677840437e-05,0.9999894144373312,4.108970428741901e-34,1.3802602589406481e-19,
free,127,2.8879482293476586e-17,1.5349974870634673,-1.9404559999000368,-1.9471972443524972,1.167459923451341,1.2556583716173222,24,0.7857142857142857,cluster-2,4.057718079793032e-65,9.586492898938798e-26,1.0,1.3490797597597178e-46,6.906207189508955e-19,
free,127,6.152427993539567e-11,1.6001033543122962,-2.2271392101377954,-2.2442077335323756,0.4009716604638287,1.3356251888587587,27,0.7936507936507936,cluster-4,7.660339163216772e-23,1.7526621524701388e-12,4.181909975675444e-13,5.959047066607389e-18,0.99999999999784,
free,127,0.3058141161550859,1.5832117645058976,-1.9663560521884227,-1.9738806439896974,0.677413459837906,1.3103550950655167,21,0.753968253968254,cluster-1,3.938698231789991e-38,0.908578613616453,0.09142138638323363,3.185403290641294e-13,3.960360459833045e-17,
free,127,0.0004637250817854221,1.5919470574476127,-2.6732220987635333,-2.6799630780638255,0.549439437746063,1.2414420742162926,30,0.7619047619047619,cluster-2,4.95941326953437e-31,4.1846882176262066e-05,0.9999581531173368,1.2693983509242562e-18,4.92067616494742e-13,
free,127,0.09743131056773964,1.5538267194149424,-2.097250630536417,-2.105507292531449,1.0115548682025102,1.2746666412083005,27,0.7936507936507936,cluster-1,1.5797291754047561e-56,0.9801560144472987,0.01984398555268183,1.7157202764988033e-28,4.6517018293571246e-17,
free,77,3.412114313425968e-11,1.5867800175545894,-2.4903673444475447,-2.5014860203626346,0.6055490072671468,0.7636995352630038,25,0.7631578947368421,cluster-2,4.86703138106945e-17,4.331941725251178e-13,0.9999999999988347,7.382273642382416e-13,5.6238326254743886e-21,
free,127,0.005844217514798858,1.6023741027405907,-2.0921597217950296,-2.100610174043443,0.3086653581754426,1.3032587509853026,36,0.8015873015873016,cluster-1,9.443462999086274e-18,0.9992918212758991,5.775711378374409e-11,2.1776390931449523e-15,0.0007081786663591669,
free,127,0.0003843922234845766,1.60286819700804,-2.6219381497600884,-2.630390394534935,0.3567596195250986,1.2728417592360168,35,0.753968253968254,cluster-1,1.6370717312730748e-07,0.9999660536748498,8.31505989466931e-09,3.377430289217944e-05,2.1026453307205973e-20,
free,127,0.16163885859585775,1.589218938214545,-2.689455047367126,-2.705462129941775,0.5207937646099903,1.247028465062713,29,0.7063492063492064,cluster-4,1.8147701993800954e-29,0.0003082630920187648,0.0371720350525862,2.6479905068858542e-21,0.9625197018554191,
free,127,0.34780590622192264,1.5982306634263037,-1.6569080502968134,-1.670987690099725,0.436709786963275,1.3685754383826574,35,0.7777777777777778,cluster-4,7.280909100795498e-25,3.5461448293971943e-10,0.11061818431189382,2.234300989291372e-09,0.8893818130991937,
free,127,6.187974198500023e-06,1.5626502940708988,-1.864565271092212,-1.8730175874461852,0.941749272384043,1.3068038640106043,34,0.873015873015873,cluster-1,1.1414128646803696e-52,0.9999996071058977,3.928940969933158e-07,8.766266556635939e-27,3.04925723102243e-23,
free,127,1.255366473560512e-14,1.577099569904993,-2.0577005701740894,-2.066152890372625,0.8259459968626972,1.3020796566722812,30,0.8095238095238095,cluster-1,2.783676890148383e-46,1.0,3.3333284895370027e-16,2.3542357960477752e-23,1.748203894502521e-17,
free,119,1.3390428447839694e-11,1.5833815581729893,-1.7824273630350578,-1.7914479064402127,0.6330515116202733,1.2461362943258754,26,0.7966101694915254,cluster-1,1.9197177806492938e-33,0.9999999999995453,4.551766450999636e-13,3.5114051352797384e-29,1.1008468636081967e-17,
free,127,0.550698237319012,1.5695107239118318,-1.9429800679364542,-1.9488298649339586,0.825526800681287,1.3236316791709644,31,0.7619047619047619,cluster-1,2.232294021107397e-46,0.7603466544090237,0.23965194977922244,1.3958117471354238e-06,6.640343481688206e-23,
free,127,7.559634809809929e-13,1.5447403219837175,-1.8317287174735482,-1.8401810376720835,1.254016786109744,1.2831788435394131,25,0.7301587301587301,cluster-1,6.826585854037602e-70,0.9999999999999716,2.3173141735116897e-14,5.84945512720603e-25,6.460044369100663e-20,
free,127,0.0012026464093878896,1.5999205316172873,-2.1243158775990403,-2.142706978591869,0.39870951494832685,1.3331636352686247,34,0.8174603174603174,cluster-3,1.0208584503206173e-22,2.124367140314224e-07,1.0963961533798841e-14,0.999880251034734,0.00011953652856150366,
free,124,3.0463364147643403e-07,1.5957349346705545,-1.8546248405210433,-1.8721063116899244,0.445586173765121,1.2864164899834958,39,0.7235772357723578,cluster-4,1.009400579527539e-24,1.527489708121988e-08,2.7603625234396297e-22,6.526210804816392e-10,0.9999999840724741,
free,127,3.669684739277556e-13,1.5308980230678728,-1.8840340441606176,-1.8907752886130778,1.2164317453940083,1.2635925774811128,23,0.7222222222222222,cluster-2,8.076468083224115e-68,1.143117353407629e-14,1.0,5.930640903419902e-45,1.539749539450042e-26,
free,127,0.0003908132073883695,1.597406688795628,-2.155853271484375,-2.1625944438348337,0.45118124653973934,1.2732291272598397,31,0.7301587301587301,cluster-2,1.3028769257393264e-25,9.530572630246742e-16,0.9999658254250906,1.19675308247584e-06,3.297782182184369e-05,
free,127,6.074708461810138e-10,1.5897949701592904,-1.8054146353654035,-1.8224831587594756,0.5544565756489914,1.3268812882937184,29,0.753968253968254,cluster-4,8.524972278171801e-26,2.3860392015949528e-11,5.647098725425199e-19,2.6225648134792443e-31,0.9999999999761258,
free,127,0.0019922907639645772,1.5891481597068564,-2.439560777559055,-2.4566289791392517,0.6239763395054134,1.2926638502762509,30,0.8095238095238095,cluster-4,0.00021043453326987095,1.4095793380904079e-08,3.839233229438812e-35,3.22503746189201e-13,0.9997895513706416,
free,127,5.228488968425466e-09,1.585696932798071,-1.9307824082261935,-1.9392347284225249,0.6952246718519315,1.3282007665118036,37,0.753968253968254,cluster-1,4.5144587493141353e-39,0.999999999774758,2.2522685795594396e-10,4.470291230113384e-19,2.2865180971455666e-15,
free,127,1.1163052374646897e-24,1.5500604788802508,-2.0056230439914495,-2.0123642884439095,0.9708346870001843,1.265110066970994,38,0.8095238095238095,cluster-2,2.839391511364292e-54,1.8845841167169908e-26,1.0,3.6513968916037706e-43,7.337214934409636e-35,
free,127,0.07473264460105597,1.596131995521116,-1.8116457481083907,-1.8286186204429906,0.44678791676919305,1.3593265912718413,34,0.753968253968254,cluster-4,2.243889454541291e-25,8.3643629515991e-17,1.3125667638406014e-06,0.014247371628000095,0.9857513158052414,
free,127,4.002687197616461e-06,1.512065780951385,-1.9862149456354576,-1.9946672634184162,1.2235607237327757,1.2421838573911,30,0.7777777777777778,cluster-1,3.266026677205167e-68,0.9999997531406868,2.4685930738263824e-07,1.5647394409608814e-45,6.672918373341917e-42,
free,127,1.7487164911721426e-19,1.495508072718244,-1.6980557178887796,-1.7047969623412398,1.52599136472687,1.2487071865166994,21,0.6825396825396826,cluster-2,6.812979781702062e-85,3.717409992599659e-21,1.0,1.71548437571411e-53,4.5379498043089994e-35,
free,126,0.35617497988494273,1.5971142720344451,-2.2260870555090526,-2.241634358239486,0.43771192762586786,1.3117847266823373,34,0.704,cluster-3,9.886137800457444e-25,0.11466548646865064,1.032524754868832e-06,0.8853334810065456,3.027901029524717e-14,
free,127,3.379531947406769e-05,1.559859077708308,-1.7752611055148868,-1.7820023345971767,1.0387419452817424,1.3146796498048898,26,0.6746031746031746,cluster-2,5.102373975758385e-58,2.425713742142331e-06,0.9999975739979032,9.817056272829896e-20,2.8834589384041464e-10,
free,127,0.0005625599279029355,1.574926733349744,-1.9881579782080463,-1.9966101830718894,0.6935407983975148,1.279286970589868,28,0.7619047619047619,cluster-1,5.590593594818377e-39,0.9999482412828932,1.7189883641863125e-12,5.1758715380263425e-05,2.9009142678446567e-32,
free,127,0.00020714229190721759,1.5990804780989396,-2.4110712967519685,-2.429463035500239,0.3778518316313977,1.2839280465121081,26,0.746031746031746,cluster-3,1.2701657662783791e-18,1.7313801987948824e-05,3.214566598870091e-14,0.9999826861979849,1.4435235315726289e-21,
free,127,1.6346042073729244e-36,1.503590143542388,-2.4289574810839074,-2.435698725536368,1.3350539320097194,1.1768336198126446,29,0.7222222222222222,cluster-2,2.3150875752978844e-74,1.5005418965149836e-38,1.0,1.8213552766970113e-56,3.703702633633097e-39,
free,127,1.840341248989174e-10,1.5937008406666608,-2.3434164693036417,-2.3618086898023494,0.49957059124323333,1.2738291161196917,25,0.7936507936507936,cluster-3,6.89309804491577e-12,2.792444887692802e-28,3.4087783074197595e-20,0.999999999993122,3.9798227384918667e-22,
free,127,1.4844191250633366e-05,1.5777497956581612,-2.146665798397515,-2.153407040721884,0.8152980053518699,1.3016698673226879,34,0.8650793650793651,cluster-2,1.076248651348614e-45,8.104607217424376e-08,0.9999990186126111,8.995626082747459e-07,7.786805969880798e-10,
free,127,1.0723893457426568e-10,1.5989578477223743,-2.10022621455155,-2.108678534750072,0.4224915992556597,1.3317319244662154,28,0.7698412698412699,cluster-1,4.98089267202944e-24,0.9999999999961346,6.943369095182373e-13,3.1700796432518848e-12,3.454953179315519e-19,
free,127,0.003628023080424914,1.6048302971966844,-1.8975915383166215,-1.9159722843158966,0.2840695118340919,1.3238422952064923,30,0.7619047619047619,cluster-3,3.784116523153851e-10,0.00041249361613194326,2.1471059248384633e-16,0.9995874540330564,5.197239451620906e-08,
free,124,0.633905091924986,1.5419766879223848,-2.1857516381048385,-2.1905627386588713,1.1591225900957665,1.2813575359552547,21,0.7154471544715447,cluster-1,2.5389681362293454e-63,0.6703857849728464,0.32961421502717037,7.381330497945787e-25,9.721416206331241e-21,
free,127,4.061756166304087e-06,1.584356799002339,-1.797873429426058,-1.8063257471774892,0.6685380109651822,1.3386542609951988,34,0.753968253968254,cluster-1,1.3381938046060596e-37,0.9999997495070859,2.4995983736641215e-07,5.330764825860164e-10,1.2022749399736396e-22,
free,127,3.1928399307878474e-16,1.5774891629075272,-2.008701714943713,-2.0257702383383465,0.7800087515763412,1.3119060238639426,35,0.8174603174603174,cluster-4,9.512746551546014e-44,7.963537802727157e-18,1.4922496678943445e-28,1.3218995693426824e-19,1.0,
free,127,0.694576847630282,1.6008255781218497,-2.644758089320866,-2.6503544290612093,0.36659300796628935,1.2888348900739548,43,0.8412698412698413,cluster-3,3.1268691594352828e-21,0.00024585926001597936,0.4813202206844573,0.5184339190814793,9.740747812308312e-10,
free,127,1.3420441642857653e-24,1.500617522726877,-1.3480126088059794,-1.3547538532584396,1.6461075910433072,1.2954016765811,18,0.8015873015873016,cluster-2,1.6153948241570035e-91,9.591499358894959e-27,1.0,2.2187769438715054e-43,1.2873139996517129e-26,
free,127,0.6819225888503166,1.6015321561835771,-2.6317153089628444,-2.6372528471036807,0.31630292276697825,1.293875468234004,32,0.8095238095238095,cluster-2,7.941246628968326e-14,0.0001809413548508298,0.5798531438189269,0.41996591482613443,2.0773230604712636e-18,
free,127,1.6179005344894456e-10,1.5915547845728102,-2.2896992841104824,-2.2964405285629295,0.4805903397207185,1.2746628703045781,21,0.7777777777777778,cluster-2,3.110627163973217e-27,3.266581561399821e-27,0.9999999999939746,9.655478536628637e-21,6.029354834573284e-12,
free,127,2.7974010306908575e-20,1.495606498608934,-2.0367571012241634,-2.0434983456766234,1.3582302303764764,1.227375257047112,20,0.7380952380952381,cluster-2,1.2197460931800823e-75,5.719129599807211e-22,1.0,1.1716606225341135e-57,2.6156609444087125e-46,
free,127,0.02105221907341682,1.606255824313378,-2.639129638671875,-2.6689220840469083,0.20258337306225416,1.266238500604969,23,0.7698412698412699,cluster-0,0.997182026699903,6.077092808865999e-11,0.0008116272197457224,0.002006346012919158,6.686635185210742e-12,
free,127,0.026107295775113983,1.5817276609428568,-2.4765990249753935,-2.4833148303178914,0.5407815768024116,1.2827056634823517,25,0.7222222222222222,cluster-2,5.448880005587632e-25,0.004005340574757049,0.9959946594252388,1.4833145618247435e-30,1.0883561131370967e-27,
free,127,1.9433117899389323e-05,1.6042516300998537,-2.2796700545183315,-2.2864112954892963,0.2710403081938977,1.3010886879327586,36,0.8253968253968254,cluster-2,1.1237327471631859e-15,1.7148549183138305e-07,0.9999986994872573,5.1081976294311375e-15,1.1290272546733733e-06,
free,127,2.953071539238653e-08,1.563800739123704,-1.9340917632335752,-1.9408330076772926,0.9055213027113067,1.2869446371910898,19,0.753968253968254,cluster-2,1.136608927011501e-50,1.3798501992541341e-09,0.9999999986201544,7.248809454635111e-33,4.3708123264074526e-15,
free,127,0.00039743310266409336,1.6058276851334705,-2.533145694282111,-2.5398867149896485,0.2197702963521162,1.289788468895738,27,0.6984126984126984,cluster-2,9.596132929165203e-13,3.5309886091636036e-05,0.9999646825019028,7.610317807949e-09,7.559032864880216e-13,
free,127,2.8530627626671382e-24,1.5766772735754047,-2.110698790062131,-2.129091010560851,0.6399901382566435,1.2686765558227537,23,0.8015873015873016,cluster-3,1.2263359940571127e-34,4.8954797108813105e-26,5.024448964830065e-36,1.0,4.438454986383482e-31,
free,127,0.07645448915503072,1.5832534058858418,-2.0339187261626477,-2.050644884836348,0.6440903070404773,1.3206717967703978,35,0.7619047619047619,cluster-4,2.9412249721162733e-36,0.014659686842972041,4.954798801050831e-13,1.4596370783603504e-22,0.9853403131565267,
free,127,6.621039255617435e-20,1.5560983564971764,-1.6285169706569882,-1.6352582151094484,0.9670205904742863,1.3249396948119916,23,0.7619047619047619,cluster-2,4.608857665703483e-54,1.3217872906861811e-21,1.0,5.778437653629614e-41,5.1938536582581543e-23,
free,127,4.065031200648049e-25,1.5185912351453228,-1.6583766186331201,-1.6651178630855803,1.2330223744309794,1.2402597651168163,27,0.6746031746031746,cluster-2,9.821067899477552e-69,1.0932440507661263e-30,1.0,2.81761475633956e-56,6.74444787905787e-27,
free,127,0.002215588297417519,1.6007538459231152,-1.849170834999385,-1.8662324335095033,0.4036699430210382,1.3201828012481684,29,0.7619047619047619,cluster-4,5.436510294964728e-23,4.2939944868261884e-08,0.00023693845014361792,5.874250747093396e-10,0.9997630180224728,
free,127,0.5585198213096143,1.6028747575787157,-2.008421169491265,-2.0141866897148324,0.2598278616357037,1.3382189636093018,40,0.8412698412698413,cluster-1,3.5167503059665106e-15,0.7534439781502553,0.24655602183699368,1.2697459685879538e-11,3.679891138696651e-14,
free,127,1.8631948543124989e-19,1.4963344113855075,-1.840270034910187,-1.8470112793626472,1.3759275421382875,1.2403009896146502,19,0.7301587301587301,cluster-2,1.2887454373638935e-76,3.9662299375448304e-21,1.0,4.266055749622904e-48,4.014277868636715e-54,
free,127,6.860613951146801e-09,1.5812068836843232,-2.1346582127368356,-2.141399457187401,0.749969482421875,1.2857548556417815,26,0.7380952380952381,cluster-2,4.316520499880883e-42,2.989558841850118e-10,0.9999999997008899,4.0215777134299954e-22,1.7655519946903972e-13,
free,127,1.818801888844154e-10,1.5726858241612358,-2.408528245340182,-2.4169805655387027,0.8106799989234745,1.288129675235704,34,0.7777777777777778,cluster-1,1.934732978677501e-45,0.9999999999931788,6.597332090795991e-30,6.808218537929129e-12,8.312428600990891e-23,
free,127,0.4145137306217879,1.6059323541115824,-2.0136786032849407,-2.0306398220732578,0.20110291007935555,1.348786843111779,30,0.7301587301587301,cluster-3,1.254557354558774e-10,6.972252493672884e-12,0.0024688726187047615,0.8615577478944216,0.13597337935444098,
free,127,3.718612214317402e-15,1.5551396243403983,-2.484538160909818,-2.4929904811083534,0.9170991191713829,1.2556320493323407,22,0.7777777777777778,cluster-1,2.6123536796441065e-51,1.0,1.0096203595211601e-16,1.9523758787894744e-40,2.7371425577777448e-33,
free,127,9.536031033289582e-10,1.5951702418978948,-2.0648986335814468,-2.0819671569751828,0.47263270100270693,1.2743459233451389,23,0.7777777777777778,cluster-4,2.2548607567264963e-21,3.816139255885278e-11,3.2351459480089316e-19,8.545838877247544e-27,0.9999999999618581,
free,127,2.6623343498087996e-25,1.5575452621326389,-1.7825466366264764,-1.7909989568250118,1.0279553030419537,1.3052637009350463,34,0.8095238095238095,cluster-1,2.0077743385870147e-57,1.0,4.196038108345472e-27,1.623321204016606e-30,1.764023796518178e-28,
free,127,9.08997146913318e-10,1.592009940062575,-1.7805801752045398,-1.7989723957022499,0.5466499628983144,1.3418227766584683,22,0.753968253968254,cluster-3,1.8829433178448637e-21,3.6303452230777635e-11,1.1226693233091023e-19,0.9999999999637055,7.068106305185595e-31,
free,127,4.082676290704063e-06,1.5510974726659266,-1.788238525390625,-1.805307041416247,1.0734733521468995,1.3004867458741898,30,0.8095238095238095,cluster-4,6.196530910346519e-60,7.097426897523988e-14,2.52120263511204e-07,1.8018552524650306e-31,0.9999997478796592,
free,127,7.778777292386257e-11,1.5659331541852972,-1.9222395288662648,-1.928980773318707,0.966583251953125,1.276086619410394,26,0.8412698412698413,cluster-2,4.8720852277190515e-54,2.808277788768008e-12,0.9999999999971863,5.763162998693098e-25,8.589162622568396e-15,
free,127,0.004871969174668162,1.5915506725661794,-1.584901824710876,-1.6019649995055125,0.5794024129552167,1.3700641460700294,28,0.8412698412698413,cluster-4,1.1030400022588171e-32,1.6606815359469606e-07,7.567776708395007e-05,0.0004705309504675687,0.9994536252143067,
free,127,4.724178186915401e-10,1.6006324942609007,-2.701471283679872,-2.7082125281322162,0.37512951948511297,1.262471097865486,27,0.7619047619047619,cluster-2,6.421783870602935e-14,1.8285466520803314e-11,0.9999999999816396,2.067136346987982e-18,2.039771880353345e-21,
free,127,2.793292522669055e-18,1.513840959612572,-2.0811438372754676,-2.089596157474003,1.272841566190945,1.2138786942716853,21,0.7063492063492064,cluster-1,6.2505077242399296e-71,1.0,6.318491066389362e-20,8.140137630293521e-57,9.797052728111364e-30,
free,127,5.275661393021723e-15,1.5919459424206448,-2.0294336033618356,-2.0378859235603715,0.5864555779404528,1.317676806254324,32,0.7777777777777778,cluster-1,2.8850290227987026e-17,1.0,4.506179470145909e-33,1.1303416534028284e-16,6.3071037740777555e-19,
free,127,0.019495796129756843,1.555038034725949,-1.8198202538678026,-1.8282447436563452,0.8654428316852238,1.297654374435546,31,0.7619047619047619,cluster-1,1.8404309137231842e-48,0.9971589402229168,0.0028410597770751837,6.990616715051005e-31,2.633350613675525e-33,
free,127,1.6380185378896652e-08,1.5577295928298387,-2.8132607767901083,-2.820002021237855,0.9001690721887301,1.240160570904459,27,0.6904761904761905,cluster-2,2.2429287308201127e-50,7.439078065878863e-10,0.9999999992560902,5.161053573797385e-36,4.347283121011179e-30,
free,127,1.4014936998715651e-09,1.5936321839736183,-1.6501166876845472,-1.6671852110778402,0.5441317821112204,1.3197511341271615,31,0.7380952380952381,cluster-4,9.731826087912622e-31,5.699929721158293e-11,2.7212477092183594e-16,2.9690539114795944e-19,0.9999999999430145,
free,127,6.136405216089541e-08,1.5909044859936354,-2.1590818870724657,-2.177474107468348,0.6065536859467273,1.2846080193870182,37,0.7936507936507936,cluster-3,3.509856114400295e-34,2.115547951224662e-14,2.9739886081987056e-09,0.9999999970260092,2.142859512764198e-17,
free,127,1.7096445034154628e-07,1.578555750160954,-1.7556077852023868,-1.7740000054033975,0.8092487965981789,1.3346488310131173,25,0.753968253968254,cluster-3,2.3203824194344642e-45,2.4136892860521593e-16,8.574064599189783e-09,0.9999999912940893,1.318435773733287e-10,
free,127,3.6578504903207095e-06,1.5568474588052914,-1.7894350787786049,-1.796176321810106,0.9771760955570252,1.290421847318611,25,0.7936507936507936,cluster-2,1.269001869161769e-54,2.2426436328373973e-07,0.9999997757356279,2.1029670455215868e-33,1.7390777186868535e-17,
free,127,0.1303994455847292,1.5928605999386094,-1.9227919691190944,-1.929347824872609,0.5482571819635829,1.3143366503422447,30,0.7222222222222222,cluster-2,5.5973799473303085e-31,0.02875474326098546,0.9712443916001849,8.647038039037387e-07,4.350170492344283e-10,
free,127,1.43212304566107e-09,1.5873113329639263,-1.8006233755997785,-1.817691898992708,0.6198064849132627,1.3387090383114104,25,0.8015873015873016,cluster-4,6.52117562814025e-35,7.5649077061873435e-25,5.829848866349256e-11,7.469530986864263e-18,0.9999999999417071,
free,127,0.0012920940854047724,1.5871243766095504,-2.2124979815145176,-2.220949959313818,0.6246967465858759,1.3128849962228422,36,0.7619047619047619,cluster-1,3.503847171678912e-35,0.9998701267834353,8.101197090801186e-12,5.767245230686836e-20,0.00012987320843994,
free,127,0.6701498256633285,1.5923899298060595,-2.6376679187684546,-2.6457956896773713,0.5431146096056843,1.2620767297883595,41,0.8095238095238095,cluster-1,0.3931811264175249,0.6068188721549431,6.719794219812289e-31,3.405096897945304e-11,1.3934792122956225e-09,
free,127,2.9656429655050506e-05,1.5862154586025952,-1.8003230057363435,-1.8087753053562066,0.5729069747324065,1.3268016958345776,26,0.7777777777777778,cluster-1,2.5181766273877814e-32,0.9999978942750262,2.1020375450463417e-06,5.6405189245393174e-27,3.6874264300046107e-09,
free,127,3.542784146132796e-06,1.5692896711485647,-2.0764325960414616,-2.0831738391209544,0.847796342504306,1.265315708795447,44,0.746031746031746,cluster-2,1.735618190929469e-47,2.1667238579077851e-07,0.9999997832748826,1.4693607694002535e-28,5.270928632668663e-11,
free,127,2.988543380468324e-09,1.5466987934224545,-1.8498135063591905,-1.858265826556497,1.1698873925396776,1.2682834893092174,30,0.7222222222222222,cluster-1,2.9812187456147987e-65,0.9999999998744329,1.2557970686913017e-10,2.2981044938622853e-30,2.049273411757028e-19,
free,127,5.1940323722804125e-05,1.590591274517371,-2.372632124292569,-2.3793733443049367,0.4756959930179625,1.2973062957636174,30,0.7857142857142857,cluster-2,5.791564951370764e-27,3.857275272953334e-06,0.9999961427247327,8.075525102568459e-20,1.2646039189672456e-25,
free,127,8.392307546071778e-14,1.5868597263094815,-1.8393155796321359,-1.8477678998306712,0.6107937069389762,1.333462106773931,33,0.7857142857142857,cluster-1,2.048468376612946e-34,1.0,5.102334488285453e-18,5.4506821072115405e-28,2.4896918885200363e-15,
free,127,0.006003797608596687,1.6013908678974988,-2.2740466500830463,-2.282497207596263,0.35853636734128935,1.3258608026179755,26,0.8253968253968254,cluster-1,5.642764830587078e-13,0.999313356522116,1.6768152808605283e-20,0.00011866934505568293,0.0005679741322691422,
free,127,0.33873335524719267,1.5982838092916998,-2.2391713059793306,-2.2451928375331707,0.44180081585260833,1.3249194904190482,38,0.7619047619047619,cluster-2,3.832580100994235e-25,0.10629836735275189,0.8936996881214867,1.7830737509711447e-06,1.6145201763574335e-07,
free,127,2.4098687421081845e-05,1.572968464413065,-1.7630887970211,-1.7715411127748784,0.869651133619894,1.3037431175462437,27,0.7698412698412699,cluster-1,1.0815430895179695e-48,0.9999983139962867,3.254115630299581e-11,1.746526976275331e-18,1.6859711664796786e-06,
free,127,0.6926923748935282,1.5635397132888378,-2.1218473179133857,-2.1241481533691755,0.9459375096118356,1.3259319562630152,25,0.7698412698412699,cluster-2,3.453923080297044e-53,0.48492126074503383,0.51507873925346,1.0379172372746836e-18,1.533163015992432e-12,
free,127,5.214381091690859e-16,1.482584651154978,-1.6021752545214074,-1.6089164989738676,1.4924131378414125,1.2506334444509801,24,0.7777777777777778,cluster-2,4.845712108913446e-83,1.3421954762280873e-17,1.0,8.868058969363361e-62,3.1801496197096116e-39,
free,127,1.103121118852989e-10,1.5895777195450966,-2.1279784675658218,-2.1463706880644304,0.6446473129152315,1.308082604647156,29,0.746031746031746,cluster-3,1.2523201645995405e-16,4.008334635756974e-12,2.7811224565095246e-36,0.9999999999959641,3.493061960891327e-14,
free,127,3.928392445302538e-06,1.596375886934016,-2.5294992041400097,-2.5594810155936805,0.47197933647576296,1.2691386081759877,23,0.8253968253968254,cluster-0,0.999999758037661,2.5450458653716618e-11,9.285198159337747e-27,2.419369057052858e-07,6.581204894792464e-19,
free,127,8.261595992832506e-07,1.5727821493294156,-1.9810609592227486,-1.9878022033826208,0.7872082567590426,1.2845606974000903,21,0.6904761904761905,cluster-2,3.8125392507589525e-44,4.61779984978313e-08,0.9999999538219992,1.9094712577910267e-25,1.0467864474146732e-26,
free,127,0.0001669567244235906,1.4957070118409108,-2.1368348129152315,-2.1435759706516038,1.4585037832185037,1.2742812528815866,22,0.6666666666666666,cluster-2,3.5944765577661375e-81,1.3685948843549797e-05,0.9999863140511461,2.0346682439270364e-52,5.56758540142834e-17,
free,127,0.05105225041478772,1.6023259652520876,-1.8873866524283343,-1.905531905203832,0.29494458296167547,1.3492158555719627,30,0.7619047619047619,cluster-3,4.709225224709346e-13,0.008935834700730684,3.9741800599941145e-14,0.991064165298757,5.349529141225258e-17,
free,127,0.18525804228585638,1.5967092542642964,-2.1416984017439713,-2.148339012024539,0.3895145926888537,1.3168960548150026,35,0.7777777777777778,cluster-2,3.13264609623033e-22,4.2712091851873835e-10,0.954430235274195,3.851901761756746e-20,0.045569764298679136,
free,127,4.302588220537151e-05,1.58557748005462,-2.058933047797736,-2.067385337194871,0.6165226012703005,1.270602449040991,25,0.8015873015873016,cluster-1,9.895743802112318e-35,0.9999968522618107,3.1477382152677257e-06,2.9599915482025235e-23,7.934576347054728e-20,
free,127,1.2446896004867386e-24,1.4484326214211602,-2.055522287924459,-2.0622635323769187,1.4444637749138778,1.1909703775336047,15,0.746031746031746,cluster-2,2.1380795625714143e-80,2.1052625812649567e-26,1.0,2.4084442593986433e-78,3.3736955568055794e-57,
free,127,2.3484527981040284e-14,1.5967093669452506,-2.3271659791000245,-2.333907223552485,0.42162341020238703,1.3032056027069312,30,0.8253968253968254,cluster-2,5.561507119303089e-24,4.491736959027214e-22,1.0,5.857039333317919e-20,6.721395617020781e-16,
free,127,0.00043440945831520417,1.5514543653637145,-1.8050988865649606,-1.811840047684581,1.0539452259934792,1.2979532592915297,32,0.7222222222222222,cluster-2,7.399689054682e-59,2.4081897558774303e-07,0.9999611949658214,1.045683206799361e-28,3.8564215215439435e-05,
free,127,0.6907185791291472,1.5866359219360344,-2.1029244971087597,-2.105488177681085,0.6277357687161667,1.3139046214904493,26,0.6904761904761905,cluster-2,1.2740927379125686e-35,0.46516729430740467,0.5348327056921276,1.5853735614442932e-13,2.992942678199261e-13,
free,127,1.6537803648980058e-15,1.5727833972255425,-2.028935229684424,-2.0460037530790576,0.8099704051580958,1.318368991653363,30,0.7936507936507936,cluster-4,2.117185748438479e-45,4.63200821587293e-28,4.3908282203341993e-17,2.0466224343137358e-29,1.0,
free,127,0.020148131400325467,1.5794436613388538,-1.935849767970288,-1.9425722705654203,0.6574837992510458,1.3011811460992133,29,0.8095238095238095,cluster-2,5.431681934822195e-37,0.002952732216830101,0.9970472665904271,1.9417512798546777e-27,1.192744091347871e-09,
free,127,2.4828765390812352e-06,1.55794489798329,-2.028217225562869,-2.034958469074598,0.8605632631797491,1.2808148654195903,28,0.7301587301587301,cluster-2,3.429964431894853e-48,1.4847191494807555e-07,0.9999998515280705,1.4134436045984552e-34,1.995574653742833e-32,
free,127,1.5674797424093314e-12,1.5626642299997973,-2.0112039160540722,-2.017945160506532,0.8367474172997662,1.2599490288495927,21,0.7142857142857143,cluster-2,7.060934256151093e-47,4.930142723614452e-14,0.9999999999999432,3.816317811271414e-39,1.378169289881499e-28,
free,127,0.10959700523549859,1.5705190851435722,-1.8404706819789616,-1.8570035003513656,0.7369125246062991,1.3317487114473345,27,0.746031746031746,cluster-4,2.2140022054074225e-41,0.023027092236439905,8.136639867097994e-32,5.4490369676520505e-14,0.9769729077635183,
free,127,3.4776823541802168e-06,1.6050807317691063,-1.8419119767316683,-1.848653220802467,0.2508033091627706,1.3370880790872024,23,0.7857142857142857,cluster-2,6.307575631740229e-14,1.7157636970015522e-10,0.9999997875736083,2.122547297687746e-07,1.4683962602510556e-14,
free,127,0.03897780260243374,1.5760901479179057,-1.928019005482591,-1.9347192625976022,0.8107663852961984,1.3429655435944023,35,0.8015873015873016,cluster-2,1.9012864939624168e-45,0.006442567818927368,0.9935533762308408,4.8069581710492974e-12,4.055945429963658e-06,
free,127,0.04201672607587925,1.5995759438308845,-2.1411260169322097,-2.158029023006264,0.36042893777682083,1.3206282530565336,37,0.7857142857142857,cluster-4,2.3015342503472963e-17,0.007061690487648574,1.3101476471975721e-20,1.8006560331530207e-07,0.992938129446766,
free,123,0.0003579238529278654,1.593504309540204,-1.8262646682863313,-1.843887507042327,0.5571909338478149,1.2752944531260475,23,0.7459016393442623,cluster-4,1.7212255203547377e-30,3.118239179686061e-05,9.129882626299319e-11,1.9462127766070879e-07,0.9999686228956156,
free,127,0.05072491507216352,1.586458838285675,-2.4151188407357282,-2.4321737121505014,0.6272419606606792,1.2623127790154371,32,0.8095238095238095,cluster-4,0.008866375702945944,1.8285985069580837e-18,2.5139201184469067e-35,7.522518408250646e-13,0.99113362429629,
free,127,3.2505088340561937e-11,1.4726964087389822,-2.0786156842089074,-2.0853569286613607,1.287962906003937,1.2118381979629798,18,0.7619047619047619,cluster-2,9.159921722492945e-72,1.1406878612350383e-12,0.9999999999988631,4.1729562384481395e-57,1.4664847094812593e-63,
free,127,3.872541579289975e-08,1.6001437574843886,-2.2358386422705463,-2.2442909624678267,0.40219668891486204,1.2837782410134237,22,0.7619047619047619,cluster-1,1.790652001116549e-09,0.999999998174701,3.467537077566245e-11,2.636969056179345e-17,6.556635857732095e-23,
free,127,0.03951874542319268,1.5442339956019886,-1.7319989542322836,-1.7404338746917818,1.1416964793768456,1.3116566956967937,25,0.7142857142857143,cluster-1,1.0627197257534158e-63,0.9934450017299266,3.496328865190893e-06,1.4249918788651835e-26,0.00655150194120544,
free,127,4.86205009523305e-07,1.5911574429285282,-1.819316353384904,-1.8260575977814695,0.5637979582538757,1.3278485568257932,25,0.7222222222222222,cluster-2,8.007529217147506e-32,3.871379731562686e-15,0.9999999736500061,1.426621790811422e-21,2.6350001324284712e-08,
free,127,1.2588238782350134e-13,1.5787860403717224,-1.9786747008796752,-1.9854159453321354,0.7580028143454725,1.3013544102912817,26,0.7698412698412699,cluster-2,1.5561525859137483e-42,1.0483343301662579e-16,1.0,3.183043855036165e-28,3.671225986278526e-15,
free,116,0.007826913832351816,1.553605149452471,-1.7465182337267646,-1.7538964367458876,0.9552716222302666,1.1914817263386164,24,0.7478260869565218,cluster-2,7.49452325877885e-49,5.230211218440196e-09,0.9990116323901115,9.541616852080828e-32,0.0009883623796851499,
free,94,9.430356811572768e-07,1.4761167031649063,-2.368688867447224,-2.377796718539905,1.5691546176342257,0.9015739957481699,15,0.7634408602150538,cluster-2,8.736388890526835e-65,5.3127035926627374e-08,0.9999999468729769,1.0860877630127965e-42,1.2134865506433953e-28,
free,127,0.0003677421485568326,1.5922777560221475,-2.1237826610174704,-2.130523847303249,0.5361825537493847,1.2876533945159967,36,0.7857142857142857,cluster-2,2.670687749282239e-30,1.5620324268740693e-11,0.9999675601206225,3.243986376593925e-05,1.218104541912851e-19,
free,127,8.069979354388929e-06,1.525242921106802,-1.9226396215243602,-1.9293808626707227,1.1433634119709648,1.2767342499831462,26,0.7777777777777778,cluster-2,8.656340944168919e-64,5.217882724089058e-07,0.9999994782117139,1.1219260823393928e-45,2.036244352728775e-33,
free,127,0.27053713686496345,1.5654256998993912,-2.344291867233637,-2.350523914981668,0.7388973686638778,1.2864007261115469,30,0.7777777777777778,cluster-2,1.6262374327183629e-41,0.07665565128726415,0.9233434891998004,4.528766593213383e-35,8.595129326790152e-07,
free,127,1.779550843470387e-15,1.5630218029598373,-2.263369342473548,-2.2701105869260085,0.9904693843811518,1.260088413700778,25,0.8571428571428571,cluster-2,2.345663485827447e-55,2.1280661802610113e-17,1.0,2.376225611016823e-29,2.5185950332779513e-17,
free,127,0.022836369767563598,1.5566613390499917,-2.059374711644931,-2.067793517579062,0.9505221149114176,1.2685330202714344,23,0.8015873015873016,cluster-1,3.733234179062488e-53,0.9965794585924329,0.003420541407566503,3.32213790435044e-26,5.131645057665411e-27,
free,127,3.915741135983772e-11,1.5918317335651837,-2.0787870151790107,-2.0971792356776926,0.5055256040077514,1.284994036341244,27,0.7936507936507936,cluster-3,2.8690472211723754e-26,1.3840602092849351e-12,1.3107911613119765e-28,0.9999999999986358,5.121696149397984e-19,
free,127,1.577361507147566e-06,1.6048280096813712,-1.8568839726485604,-1.875276190419828,0.2692088930625618,1.3777581791643516,39,0.7619047619047619,cluster-3,1.4179992341712457e-15,4.6365098978343155e-08,4.156711409674057e-08,0.9999999120677255,6.366074834308176e-14,
free,127,0.1647555238707689,1.5148788709916934,-1.908267404150775,-1.9147556168895734,1.3231457086998648,1.2873387178839348,26,0.7619047619047619,cluster-2,1.0094696395833723e-73,0.03900079768644309,0.9609992023135476,1.388139013343635e-35,4.409583113535784e-33,
free,127,3.2548871314747624e-14,1.5819121256745958,-2.7354858879029282,-2.742227132355388,0.6823206623708167,1.217554889979654,27,0.7857142857142857,cluster-2,2.3245103452834547e-38,9.40721976618987e-16,1.0,1.9376312308651956e-27,2.853320848707578e-25,
free,127,5.069281683337289e-10,1.6009630681603046,-2.2023252952755907,-2.2207175157742745,0.3502365472748523,1.2931414369923369,28,0.7619047619047619,cluster-3,1.97309187953783e-11,2.5643285564512865e-14,3.820551725845505e-19,0.9999999999802185,4.814635569835485e-20,
free,127,2.4679478305699587e-14,1.5571291889262775,-1.8249708761380414,-1.8334231963365768,0.7906595064899113,1.2675695857766005,20,0.7619047619047619,cluster-1,2.459570564721489e-44,1.0,7.074553345585007e-16,3.7769293115978667e-44,6.509863411986994e-36,
free,127,2.0440573067591244e-08,1.6010299825714414,-2.2379907322680856,-2.256382952765044,0.38734856552965047,1.3182803534979906,38,0.8174603174603174,cluster-3,9.34722440946721e-10,2.60986554030186e-12,4.321507167021284e-22,0.999999999062652,4.1823343333233095e-16,
free,102,1.6337421773629436e-07,1.573052798722078,-2.429354200176164,-2.4398781673821963,0.8153839111328125,0.9875424980233227,26,0.7821782178217822,cluster-1,1.5596680336974447e-23,0.9999999917009745,8.172695554046537e-09,7.587403947017254e-37,1.2633503265200705e-10,
free,127,1.4238005750647002e-19,1.5451700927412093,-2.009785209115096,-2.016526453567556,0.9516703688253569,1.286263423122874,17,0.746031746031746,cluster-2,3.2377320102774165e-53,3.0132537451600734e-21,1.0,3.911030140211298e-51,2.773303220075315e-29,
free,127,0.04410531075468772,1.5756023365515097,-1.5224134790615773,-1.5307923271016473,0.7511278287632259,1.3473936802927864,33,0.753968253968254,cluster-1,3.698119153995669e-42,0.9925128700749799,0.0074871299245304725,1.1393323808517995e-24,4.974975159442067e-13,
free,127,1.1893129651750475e-06,1.6063719431420802,-2.2495179664431593,-2.2679101860589186,0.2163775586706449,1.3044217361383832,40,0.873015873015873,cluster-3,6.755854604917471e-12,1.4572516936294565e-08,1.1630793488337666e-12,0.999999934168502,5.125105638002644e-08,
free,127,1.3714736943909242e-05,1.5805320007832302,-2.0167392520453986,-2.035131470880634,0.7273021307517222,1.2972554635566993,22,0.7063492063492064,cluster-3,9.205579966457744e-07,2.3982502799085356e-23,7.679982639910039e-41,0.9999990794419462,3.721974645754814e-14,
free,127,9.820828871220521e-08,1.5762728991604082,-2.2103382020484745,-2.218790522234155,0.7780367633489171,1.2674286712863072,36,0.8095238095238095,cluster-1,1.2220014514992084e-43,0.9999999951234599,5.624336051934311e-25,3.1604280908496635e-22,4.876566417159818e-09,
free,127,2.1688389171703862e-05,1.6016602904835995,-2.5225195696973426,-2.530971885909431,0.391619584691806,1.2890298431067881,38,0.7777777777777778,cluster-1,2.512261356407558e-22,0.999998496341214,3.171107778162982e-09,1.525657331158471e-10,1.5003351217633095e-06,
free,127,0.6938706296287525,1.593963652990563,-1.8795013427734375,-1.9015208199579463,0.465963648998831,1.345581760820684,27,0.7380952380952381,cluster-0,0.7412825320249721,1.6833060807952797e-15,1.4776537908174974e-26,0.04670234768626649,0.21201512028875724,
free,127,9.039873540560053e-16,1.5906924575504786,-2.1637919268270176,-2.1722442470255534,0.5519176092673477,1.2904097462904596,40,0.7936507936507936,cluster-1,3.620461507104937e-31,1.0,1.159562232525962e-19,2.3476603515776923e-17,1.6294985743297482e-25,
free,127,0.17487044514677266,1.5547845716221738,-1.6386508491095595,-1.6451177777839738,1.0633065531572956,1.3546932988956186,35,0.7857142857142857,cluster-2,2.1586302537783926e-59,0.042197975473353494,0.9578018525549613,2.0801622415862029e-19,1.7197168218069453e-07,
free,127,8.012110697733902e-09,1.5931807705505991,-1.8857695812315454,-1.894221901429153,0.5746174008827509,1.3291068769449912,31,0.7936507936507936,cluster-1,2.0265058692833848e-32,0.9999999996481108,2.841842655363599e-15,8.415582007130383e-15,3.518908070621754e-10,
free,127,0.3078095203736354,1.605900900744352,-1.9103838102085384,-1.9278816519540902,0.22642505075049213,1.3382027691874847,30,0.7380952380952381,cluster-3,2.947016744770513e-13,2.1505208612391344e-07,4.367596157396509e-09,0.9077090530369774,0.09229072754305132,
free,127,0.06824560244423239,1.5973952600221935,-1.8719612181656005,-1.8786751354915958,0.44211127814345463,1.3531681408454341,28,0.8095238095238095,cluster-2,4.0701204703413107e-25,5.7185438817036045e-11,0.9872594547330664,2.0842649751103734e-14,0.012740545209741262,
free,127,3.220242258060338e-10,1.5241421909670765,-1.88285743533157,-1.889598679783952,1.40173988642655,1.2700833611302456,20,0.7301587301587301,cluster-2,4.858217870500685e-78,1.2328843609920672e-11,0.999999999987665,4.9098554434332005e-36,5.063467317369229e-22,
free,127,2.417441250154315e-21,1.483022205244765,-1.9080716831477609,-1.914812927600221,1.6449510469211368,1.2207780782343032,16,0.753968253968254,cluster-2,1.8709765306634012e-91,4.702146706870015e-23,1.0,2.2540970479800558e-57,1.6698549389781699e-31,
free,127,0.0062357485870086155,1.604969886849196,-2.225138987143209,-2.2435100050711747,0.24668559877891205,1.3472074741792381,27,0.8095238095238095,cluster-3,1.0232866084559914e-12,0.0007624410299468977,2.4752899062434946e-14,0.9992375568096472,2.1593458941279668e-09,
free,127,0.17899120897786494,1.5365182348307012,-2.0377605768639273,-2.0442186431222082,1.1234279842827264,1.283178185977526,29,0.7777777777777778,cluster-2,1.0412485358965528e-62,0.04352559868366892,0.9564744013163331,1.3090365578900733e-31,5.381428612296908e-30,
free,127,3.826950029590591e-10,1.5736743429699471,-1.663317582738681,-1.6717699029370723,0.8555826502522148,1.345225876631743,29,0.8015873015873016,cluster-1,6.456503269337558e-48,0.9999999999852491,1.475344239369045e-11,2.6053362436160643e-22,4.849172544490262e-22,
free,127,8.890388484475992e-08,1.5763708151065126,-1.877547737181656,-1.8860000573384381,0.7701217771515134,1.3270100528031503,31,0.7857142857142857,cluster-1,3.3390732423653226e-43,0.9999999956385466,4.232117581561027e-09,7.669914293359533e-27,1.2933690256156948e-10,
free,127,7.494835564178209e-07,1.5687578782219194,-1.7739316684993234,-1.7806729128634273,0.8640551229161539,1.3105897563695867,32,0.7777777777777778,cluster-2,2.201378624738473e-48,6.62682429017409e-13,0.999999958348412,8.149698729302755e-29,4.1650923221623966e-08,
free,127,9.190622209128924e-29,1.5710941120554807,-2.2829801304133857,-2.300048653808019,0.7402860386165111,1.2801151182157469,33,0.8095238095238095,cluster-4,1.4764815235742983e-41,2.897004318391048e-33,1.2632796512220139e-30,6.574062033308145e-32,1.0,
free,127,1.3834206240015229e-08,1.5980587811307192,-1.9567384494571236,-1.973806972835314,0.4521038626122662,1.3440172953030864,27,0.8412698412698413,cluster-4,1.1588600106686905e-25,4.143550527295334e-18,5.475782469292657e-10,6.583342464586714e-11,0.9999999993865742,
free,127,0.2652950057614523,1.574796691152022,-1.9882573405588706,-2.003265506967113,0.7903176855853224,1.3522998705031128,28,0.8174603174603174,cluster-4,2.377156202197189e-44,4.609451578237115e-08,0.0745665645618607,2.1650391924693197e-19,0.9254333893436367,
free,127,0.3282154222002355,1.6005025435624625,-1.6265944833830586,-1.6429454335379834,0.2881390428918553,1.3315829394222323,29,0.7301587301587301,cluster-4,1.1511385426207e-16,2.451273189572223e-15,3.558004934087163e-16,0.10143079325418505,0.8985692067458237,
free,127,0.18894129936780912,1.5527579464346641,-2.1982025386780264,-2.2061886525859133,0.9876783476101134,1.3092653752006178,25,0.7777777777777778,cluster-1,3.1871080814499913e-55,0.953213834516505,0.046786165483488594,1.8578553604337793e-31,1.9864161281564954e-17,
free,127,0.0007698511491045645,1.6035808721507476,-2.1184625099963093,-2.1355305464418106,0.2795732152743602,1.3365580323958461,36,0.8174603174603174,cluster-4,3.3014884047801206e-15,3.8018583462331865e-16,2.9986598220301756e-10,7.315941042025042e-05,0.9999268402897318,
free,127,1.1064416143756581e-11,1.5546367653166362,-1.9559632549135704,-1.962704499366028,0.9578128123846579,1.285071568744601,26,0.7698412698412699,cluster-2,1.484061752138332e-53,3.737502510003462e-13,0.9999999999996305,1.7033693832301188e-37,1.4059610984773902e-30,
free,127,0.6357286405725411,1.560136323692811,-2.007774893693098,-2.013543311889673,0.8893616443543921,1.2902652355135575,35,0.7698412698412699,cluster-2,5.951723415058339e-50,0.00044573651113654847,0.6725727536525449,1.2382375282711404e-27,0.32698150983630647,
free,127,2.5450906739709672e-15,1.5043568985744846,-2.282039852592889,-2.288781097045349,1.426894300565945,1.225903636474403,20,0.7380952380952381,cluster-2,1.991018216882285e-79,6.837690297927172e-17,1.0,2.663172596087072e-54,2.3699660161494063e-25,
free,127,1.0679200605245538,1.6063567680568278,-2.263643279789001,-2.2715033410071643,0.21140175166092545,1.2841192403256267,42,0.8571428571428571,cluster-4,6.73542110809871e-05,0.2409926173438735,9.716557031547847e-13,0.3148608519997729,0.44407917644430095,
free,127,4.099281530514606e-05,1.5816521587721433,-2.1467768150990403,-2.1535180406255607,0.6978709303487944,1.2913454967434883,26,0.7301587301587301,cluster-2,3.225885496748995e-39,2.986865804482256e-06,0.9999970127284709,1.7438639663682752e-23,4.0574015925222e-10,
free,107,0.01690476092355886,1.586527252708523,-2.603794846579293,-2.625545583908437,0.523998795268692,1.0605120238525805,29,0.8018867924528302,cluster-3,4.456431531557776e-25,0.002404990311228368,7.137216240635244e-24,0.9975950062866583,3.402117342716693e-09,
free,127,0.020979909013899695,1.5980295908995379,-2.526078351839321,-2.5556075580274,0.37837399460199306,1.283454173761213,27,0.7301587301587301,cluster-0,0.9969156195668716,1.0164397136895216e-05,0.00307421603598458,7.289796407541118e-19,1.3467583618690441e-21,
free,127,3.8841206122666907e-20,1.5869614958117508,-2.1357609305794782,-2.144213250778014,0.6142775167630417,1.245978578602796,22,0.6428571428571429,cluster-1,5.699807946406263e-23,1.0,1.316068038943233e-34,7.37697560567043e-22,4.741661391153418e-25,
free,127,3.0140284601984994e-07,1.6008231063544867,-1.8455993171751968,-1.8639915371463303,0.4110280434916338,1.3277497787963413,28,0.6984126984126984,cluster-3,3.8017506654503626e-13,1.7326487715106139e-09,1.3863245967717977e-08,0.9999999844037292,2.1359160114214035e-23,
free,127,6.86454384160889e-15,1.5530911223157395,-2.1185944324403296,-2.1270467526388654,0.9769676388718014,1.2505831499462878,32,0.7936507936507936,cluster-1,1.303046370447646e-54,1.0,1.8962038607498696e-16,2.0968250917827405e-39,3.251308597055968e-31,
free,127,1.8458291680049886e-05,1.5863376546239834,-2.464964859128937,-2.47170609555969,0.5664139394685037,1.251251294881436,30,0.7301587301587301,cluster-2,5.743974528455426e-32,1.26603368475781e-06,0.9999987339663278,4.604238466694416e-28,1.2582864397288155e-14,
free,127,0.0011550565375690212,1.5605243161024618,-1.9327510323111468,-1.94120223045217,1.0086343119463583,1.3079493526796107,30,0.7698412698412699,cluster-1,2.3351892112146923e-56,0.9998853365733138,0.0001146634266758945,2.4547284030038803e-18,2.929171194077896e-20,
free,127,0.0004934503209377695,1.604157950921872,-2.2370889017901083,-2.2541563907486735,0.3094206081600639,1.2894028734564014,24,0.7619047619047619,cluster-4,8.223171934260013e-11,4.37948569646372e-05,8.585459154145507e-18,6.654160856590116e-07,0.9999555396446997,
free,127,0.08944350449049442,1.5982249951352587,-2.576307401882382,-2.5829347937423885,0.40508816936823333,1.2267861163956417,38,0.8174603174603174,cluster-2,4.46071815729808e-23,0.017772626360338745,0.9822102848317483,1.7088807906988908e-05,1.3108876070252273e-15,
free,127,1.5070050156496635e-05,1.5989840899833487,-2.1797422874630907,-2.1968107869212954,0.45317546213705695,1.3151242250310973,36,0.7936507936507936,cluster-4,1.0114071877370194e-25,1.0144037939480076e-06,2.676460703270767e-09,5.230242263215604e-12,0.9999989829145249,
free,127,2.2295573644096152e-05,1.6064157240606007,-2.1655191736897144,-2.1825876869495673,0.22696355384165878,1.3332024930638173,28,0.7222222222222222,cluster-4,2.4587487721297726e-08,3.0320329336434536e-13,1.1716555492778901e-10,1.5165851037638406e-06,0.9999984587099616,
free,127,0.0025310110320735076,1.5670392597318443,-1.947975218765379,-1.9547147194282668,0.738342525452141,1.2784361860587246,25,0.7380952380952381,cluster-2,1.8893122467653137e-41,0.00027517022079753014,0.9997248297792111,3.7529817711855467e-31,1.626736781521098e-29,
free,97,6.715008527671545e-05,1.6004512954343957,-2.2146474307345363,-2.2234735681036124,0.36756849780525114,0.9911671897761962,20,0.7916666666666666,cluster-2,1.5629080116395472e-06,3.2795233717089105e-06,0.9999951575685919,3.564603375227609e-14,3.277930762915473e-16,
free,127,0.10156635518799154,1.5969584564930037,-2.1454635980561023,-2.153859815352577,0.4612683874415602,1.3591502473053207,28,0.753968253968254,cluster-1,3.543070683318514e-26,0.9790883092942776,7.1546845046660416e-12,1.4327701165824209e-11,0.02091169068426478,
free,127,8.623358216383203e-05,1.5836611767076831,-2.131410373477485,-2.1484787400037404,0.6822269469734255,1.3125090394876038,28,0.7619047619047619,cluster-4,2.352325945892663e-38,6.646677953195034e-06,1.857651386997705e-08,1.2921209794917965e-20,0.9999933347455552,
free,127,2.345994032021381e-16,1.5468127926198978,-2.017886905219611,-2.0246281496720715,1.0132081039308565,1.2475626097848105,38,0.746031746031746,cluster-2,1.3064793606891373e-56,1.4116448021098314e-18,1.0,3.546063467581932e-46,4.418802943275126e-18,
free,127,9.35682084038028e-05,1.5811290382090033,-2.315535417691929,-2.332603769565954,0.6273587444635829,1.2572086647585827,34,0.7777777777777778,cluster-4,2.4990493900997093e-35,7.290369940587192e-06,1.9170926893834645e-09,1.780621316547136e-29,0.999992707712963,
free,127,0.00016938221233244707,1.6008014060268423,-1.7568746251384104,-1.775266498865925,0.37643913208969004,1.366061708155827,25,0.7857142857142857,cluster-3,5.0916380042698544e-15,1.195186215225264e-05,1.727203626313834e-21,0.9999865223559992,1.5257818510995628e-06,
free,127,4.517597101631353e-12,1.5486600682295735,-1.8292623204509104,-1.8360035649033697,1.0716434989388535,1.3066323188848707,28,0.753968253968254,cluster-2,7.817628239778089e-60,1.480721618131519e-13,0.9999999999998579,1.0391095547050751e-38,3.368003434266492e-17,
free,127,0.0014751084602736876,1.5498086649404859,-1.9719249094565083,-1.9803757569075349,0.884761419821912,1.29311225472604,30,0.753968253968254,cluster-1,1.5869576085341445e-49,0.9998495014894078,0.00015049851059723623,3.092681544065141e-44,2.6675291672745056e-17,
free,127,1.0553566182109151e-08,1.55055864572925,-2.287222554364542,-2.293963798814028,0.8147388368140995,1.231707450950703,27,0.7936507936507936,cluster-2,1.5910321035833847e-36,4.694775500069519e-10,0.9999999995305302,1.3075044389892873e-44,1.1554581232892297e-45,
free,127,9.980255394028122e-12,1.5715829696162056,-1.7058063416969118,-1.714258661895444,0.9081116924135706,1.3412138254314323,31,0.7698412698412699,cluster-1,8.17969452816746e-51,0.9999999999996589,3.342820217118883e-13,3.1328204197271925e-22,1.0538962874538527e-15,
free,127,1.2153299855492284e-24,1.562057029344237,-2.1165274071881153,-2.123268651640575,0.8069989061731051,1.2750126454246755,26,0.8015873015873016,cluster-2,5.04701915500319e-44,5.923344025091911e-28,1.0,3.08782852375215e-45,1.990912413849589e-26,
free,127,0.005588834685265794,1.5761767278389183,-1.732869305948573,-1.749922258228829,0.8043626199557086,1.339199988402591,32,0.753968253968254,cluster-4,4.3130691838936436e-45,0.0004790121234188563,0.0001474835838625592,6.762905946324498e-14,0.9993735042926418,
free,127,1.968283829204924e-07,1.6006829244985856,-1.585623673566683,-1.5940759937138504,0.4178788793368604,1.3581757470299092,38,0.753968253968254,cluster-1,8.947950809970798e-24,0.9999999902158265,3.912396988009109e-09,5.870157282348054e-09,1.6328383380806707e-12,
free,127,4.1894845018264186e-06,1.5073442247915412,-1.9743075633612204,-1.9810488061716403,1.387042909156619,1.2659964975399012,34,0.753968253968254,cluster-2,3.1411922914278455e-77,2.591567415180033e-07,0.9999997408432699,3.6506958481856126e-45,1.7474366850640659e-32,
free,127,5.459278840366685e-08,1.5816115041440697,-1.8170593742310532,-1.8255116944038532,0.7552165834922491,1.3511435625610069,35,0.8333333333333334,cluster-1,2.21680683892178e-42,0.9999999973698834,2.6299878153246773e-09,1.668209743609522e-19,1.3074901456236227e-13,
free,127,7.185376141089208e-33,1.5006996228106195,-2.0450091024083417,-2.0517503468608016,1.484055406465305,1.237129427334639,14,0.6111111111111112,cluster-2,1.4006564287598076e-82,9.124208314509895e-35,1.0,8.4800074193568e-51,4.0409694353007885e-37,
free,127,2.704555174502215e-09,1.5818395080276444,-2.2283865861066685,-2.2351278305584112,0.6253724586306593,1.2685170572876663,32,0.7936507936507936,cluster-2,1.4144711600178165e-23,1.131492658075556e-10,0.9999999998868248,1.7624211760500243e-30,3.2161211080540244e-35,
free,127,2.0855842206862177e-19,1.5846681264484994,-1.7987909992848794,-1.8072433194834148,0.6401084839828373,1.3378809949664712,27,0.8174603174603174,cluster-1,4.949496637249504e-36,1.0,2.0887491526575974e-21,2.29565291947575e-21,2.164990932381452e-28,
free,127,0.00023981287857762463,1.5479560315443412,-1.936872587429257,-1.9436137031556278,1.0536410113957921,1.2718028836178754,27,0.8015873015873016,cluster-2,7.691314637659321e-59,2.0316088177588478e-05,0.999979683911822,2.2937715330392283e-33,7.310760873562257e-24,
free,127,7.036777353599544e-05,1.5970812269430588,-1.927980798435962,-1.9450491960801244,0.4922339972548597,1.3037688905586449,27,0.7698412698412699,cluster-4,7.08981761014529e-28,5.297826290715959e-06,3.930073762704782e-08,5.593663398500499e-11,0.9999946628170484,
free,127,0.023158195032882717,1.5692031322281592,-1.7983973946158343,-1.8051312405151563,0.9162130280742495,1.327249912086779,27,0.6904761904761905,cluster-2,2.913344631363882e-51,2.0803692419771327e-11,0.9965226617608188,4.6327324154747196e-12,0.003477338213744385,
free,127,2.4774023851886663e-14,1.5966685277744346,-2.0111691932978593,-2.019621513496395,0.4515678826279528,1.3121899694975272,30,0.746031746031746,cluster-1,1.240489712515898e-25,1.0,3.2987630438457816e-20,7.098775319233805e-16,2.5683652291857255e-19,
free,127,1.009377104718805e-06,1.5843498314471418,-2.153348907710999,-2.161801227350849,0.5839694766547736,1.3041222828052024,32,0.7777777777777778,cluster-1,6.179173202719487e-33,0.9999999429044822,5.7094479472276764e-08,2.4342921210039823e-30,1.0130327445394798e-12,
free,127,5.9211759717588665e-09,1.5833268136142478,-1.8097352756289986,-1.8268037990175992,0.7092925544798843,1.3152697352509723,26,0.7777777777777778,cluster-4,7.562859054871451e-40,2.564842497520791e-10,1.520265184465647e-14,4.9747238340850624e-23,0.9999999997434941,
free,127,0.44249251894108393,1.597713520784004,-2.1033589520792324,-2.1113927649631523,0.42882003183439954,1.3402988468928902,35,0.7857142857142857,cluster-1,1.8691962485248704e-24,0.838291267723405,2.3510752927409315e-13,0.16170873214921108,1.2712812252865653e-10,
free,127,0.3231026575270461,1.5969506308978798,-2.383908489557702,-2.4013435213311816,0.4638909767931838,1.2857656444902525,23,0.7222222222222222,cluster-3,2.3411334912991056e-26,0.0006286767339400835,7.594687389771846e-06,0.9026475110060864,0.09671621757257588,
free,127,0.0017009927887518149,1.6001017009593004,-1.5138247031865157,-1.5308880714236968,0.3501252902774361,1.384698949279637,37,0.753968253968254,cluster-4,4.8822861135665697e-20,2.436656595154036e-17,0.00017640302168697825,4.7195772458889086e-14,0.9998235969782596,
free,127,0.041932977027870966,1.6019674310210044,-1.929973091666154,-1.9596720903802334,0.3086303951233391,1.3170910284569337,31,0.6904761904761905,cluster-0,0.992955743124972,8.781576528460996e-16,9.4253447266921e-18,5.2073636341758e-07,0.007043736138672427,
free,127,7.941144506303635e-14,1.577156002157155,-2.17617966058686,-2.184631980785396,0.8246277336060532,1.3044061406113032,35,0.8095238095238095,cluster-1,3.2910021055697986e-46,1.0,2.8884339316404997e-23,5.2327288415147385e-17,2.297745099187912e-15,
free,127,7.535448292348344e-14,1.5681156849827789,-2.358508973609744,-2.3652502180622044,0.7958325964259352,1.2774394922349956,31,0.8174603174603174,cluster-2,1.275074165125147e-44,2.1023611344915045e-15,1.0,7.792790394498732e-39,1.1732549539044079e-16,
free,127,3.830211919952522e-10,1.6003776625688593,-2.0642036978654037,-2.0726560180639026,0.40424256812869075,1.3258676995880017,35,0.7857142857142857,cluster-1,5.0563808811081505e-23,0.9999999999855618,7.915416420747151e-17,3.1715311227079283e-12,1.1290818416388393e-11,
free,127,0.4582722512044256,1.6069596862683242,-2.1399774025744343,-2.1462931908477962,0.19128105584091992,1.2841604109495215,27,0.8015873015873016,cluster-2,2.3357732743631025e-11,1.3972063783584138e-07,0.829112913971799,0.00011846244670117235,0.17076848383750176,
free,127,1.4234782958801873e-07,1.5680567151478597,-2.5033451590951032,-2.5117974792231053,0.8230463463490403,1.243880990575082,22,0.746031746031746,cluster-1,4.023001573886917e-46,0.9999999927917997,7.2081977500996795e-09,6.697274012523398e-27,2.0020275631967453e-30,
free,127,0.08572043135124319,1.5977736819909687,-1.6660078153835507,-1.674414946839045,0.458963829701341,1.3566125006623846,37,0.8095238095238095,cluster-1,4.7672079212422384e-26,0.983099194739965,1.6764145910418273e-08,8.018255001856099e-08,0.016900708313331108,
free,127,7.251373501996297e-15,1.589307658592304,-1.723390954685962,-1.7301321991384222,0.5285059410756028,1.322446437332824,33,0.7619047619047619,cluster-2,7.497118391184181e-30,7.120169748707824e-17,1.0,7.08017250994203e-30,1.2575093952681426e-16,
free,127,0.08820790031740353,1.5814988838906068,-1.7853866937592273,-1.802047390566927,0.6935100405234991,1.3587862132651325,31,0.8015873015873016,cluster-4,5.514645428664562e-39,0.017463895520337492,1.7620119954297604e-05,2.7691091972225626e-18,0.9825184843597201,
free,127,0.01790339941631128,1.5953961154958298,-2.1326596718134843,-2.139384752591682,0.4789296548197588,1.2984254633526957,40,0.8333333333333334,cluster-2,3.8311727425551794e-27,0.0025432013093088573,0.9974428817051271,1.3916985558751609e-05,2.6794669006639644e-15,
free,127,0.017058066500950486,1.591562590141816,-1.886806458000123,-1.8935322804540948,0.5378946619709646,1.3490505890212154,27,0.7063492063492064,cluster-2,1.9590532000653747e-18,0.0024304573066387387,0.9975695426932191,1.5605335370660202e-13,2.1436228191888138e-30,
free,127,5.121522329357909e-22,1.5358407149584419,-2.2434680368017963,-2.2502092812542562,0.9915127491387796,1.2646082870530235,26,0.7777777777777778,cluster-2,2.054558481571184e-55,9.664418286985153e-24,1.0,1.2750005581470436e-45,7.771173119673371e-48,
free,127,0.5955419271822449,1.551217184960984,-1.9165526863158218,-1.9265227919090346,1.0936827171505907,1.3120853880030652,26,0.746031746031746,cluster-4,3.413228007077614e-61,9.18939428303275e-07,0.28274642524062116,5.434809370679483e-20,0.7172526558199641,
free,127,3.809283521525509e-10,1.534165973117414,-1.926693893793061,-1.9351462139914528,0.9737246055302657,1.2691150855694378,29,0.746031746031746,cluster-1,1.9671191642985143e-54,0.999999999985306,1.4682027742678483e-11,1.4804874048013572e-39,5.485102427318978e-49,
free,127,6.721995121315395e-11,1.5312724213107027,-1.8991230641763042,-1.9058643086287532,1.146444245586245,1.270817595397344,25,0.746031746031746,cluster-2,5.85342384192895e-64,1.4436817956091712e-12,0.999999999997641,9.799130842743986e-48,9.201277130052887e-13,
free,127,0.0068575810164555485,1.5527430145136625,-1.6444135050135336,-1.652863601852944,1.1057813749538632,1.3513319000849855,31,0.8333333333333334,cluster-1,1.0228693511394784e-61,0.9991560701307021,5.492971523129313e-18,7.131400084092445e-06,0.0008367984692118008,
free,107,0.9451478750380033,1.588102993317613,-2.3903822854300527,-2.3939393642828013,0.5590218517267815,1.0936563197474487,31,0.7264150943396226,cluster-1,5.372538786790498e-27,0.510094739362304,0.3867118987109938,0.10319336192665984,2.897700538250375e-14,
free,127,1.8847418790305332e-05,1.5101252439659478,-2.077587217796506,-2.0860395253259654,1.5392963079016977,1.2695309527875471,26,0.7301587301587301,cluster-1,1.2574684161124255e-85,0.9999987052873248,1.2947126831814461e-06,1.2256275938276933e-35,1.17276002798962e-18,
free,127,0.0002448078811550394,1.60733366716777,-2.5287033441498523,-2.5457717279628502,0.17584612989050186,1.329218998613683,32,0.8095238095238095,cluster-4,2.0004490870934005e-10,8.40089913427988e-10,6.932100978072531e-08,2.0664370091476485e-05,0.9999792652687772,
free,127,3.9059478324598185e-07,1.5989901089217946,-1.9254199651282604,-1.933872285280224,0.44315139890655764,1.3227419470046615,24,0.7619047619047619,cluster-1,4.021015170350768e-12,0.9999999790960035,1.6929330060688017e-15,2.0899983301261167e-08,3.612498516620318e-25,
free,127,0.0012208101328231049,1.601105793696918,-2.718361922136442,-2.736749926880058,0.3733590193620815,1.2386679064207575,26,0.7380952380952381,cluster-3,2.5537670701929617e-21,1.3042493560408844e-10,0.00012193483468417775,0.9998780650348145,5.042670559137162e-14,
free,127,9.604727000198463e-05,1.5630279795199145,-2.208881288062869,-2.215622498156399,0.980735959030512,1.2748523140292676,29,0.8412698412698413,cluster-2,8.074461713581534e-55,4.572651757683933e-06,0.9999928882577865,2.2807825110065003e-19,2.539090475598131e-06,
free,127,1.9005297278329818e-10,1.52772816920178,-1.71402301938515,-1.720764263837565,1.257125373900406,1.2899394177587946,29,0.7301587301587301,cluster-2,4.599897516497113e-70,7.126573644567196e-12,0.9999999999928662,6.637457111835202e-41,2.4201154628994663e-31,
free,127,0.1803774409948798,1.6029285522517807,-2.430748166061762,-2.4475163482662867,0.27482665054441435,1.339348075537001,35,0.8174603174603174,cluster-4,6.641950328341289e-16,9.133032370886241e-10,8.714678465688271e-15,0.04397500731945439,0.9560249917672585,
free,127,0.452550049765014,1.6070200140197137,-2.056150661678765,-2.069114649316588,0.18933826356422223,1.3486384410561183,24,0.8253968253968254,cluster-4,0.0032450459072781816,3.0350590946805316e-11,0.15498214505011965,4.46743470119065e-07,0.8417723622688076,
free,107,1.0447282363995453e-13,1.5946971579579703,-2.36381402416764,-2.384072925766878,0.47607678564909506,1.0837690684494583,30,0.7830188679245284,cluster-4,7.532606076331548e-23,4.440040054762039e-19,5.700042782466144e-17,3.061719206003903e-15,1.0,
free,127,2.1939334227613702e-40,1.4224569024339373,-1.584776510403851,-1.591517754856311,1.6412210539570005,1.2185257837304242,15,0.6825396825396826,cluster-2,3.0046756035163553e-91,2.288188158212139e-42,1.0,2.55844708520247e-81,3.2772622752642933e-59,
free,127,0.05780809143543655,1.5921188409406843,-1.8824895423228347,-1.8992568872744218,0.49479062538447316,1.2960850448279806,35,0.8333333333333334,cluster-4,5.070928630706736e-28,7.390087813926889e-09,0.010394806493821346,5.903464581273586e-21,0.9896051861161035,
free,127,1.851940577959491e-08,1.5968220975917635,-2.312887837567667,-2.319629082014792,0.47365083469180647,1.2969360938715315,30,0.7777777777777778,cluster-2,7.509294381227646e-27,8.407228704948121e-10,0.99999999915525,4.1255840034295967e-19,4.051254094616358e-12,
free,127,0.00021216042324816888,1.577786189750952,-1.8245073453647884,-1.8329594916585075,0.5745578075018454,1.3347891182584326,27,0.753968253968254,cluster-1,2.0418650918286265e-32,0.9999822279575165,1.77720424707358e-05,4.492902389255541e-32,5.386737396563693e-27,
free,127,1.39514963800354e-06,1.568462155984212,-1.805150670329417,-1.8118919142719454,0.8736523004967396,1.3086509922996448,34,0.8571428571428571,cluster-2,6.506666802167743e-49,8.04804986252266e-08,0.9999999195194992,9.391671813240197e-28,1.8740450637492372e-19,
free,127,0.01557685245360269,1.5554514226973997,-1.8938896599717028,-1.9023205818387419,0.9876350943497787,1.298268632644812,29,0.8095238095238095,cluster-1,3.354609164166571e-55,0.997814529471006,0.0021848430150933026,6.275139118270232e-07,2.9453896825387287e-28,
free,127,9.54967428064496e-07,1.601369463953048,-2.056863138994833,-2.0636043831062505,0.35011760080893195,1.2745408965839629,27,0.7063492063492064,cluster-2,4.8879182803809606e-20,5.3822222387307676e-08,0.999999946166669,1.1116109135123649e-11,9.390931698209552e-18,
free,127,3.5745709832780666e-05,1.5804189775499808,-2.4128384327325296,-2.4195796608541107,0.7738669087567667,1.2560379852640107,29,0.6984126984126984,cluster-2,2.075203060126257e-43,2.577434699119613e-06,0.9999974225651973,1.6465306105263413e-14,9.298388152740871e-14,
free,127,5.745275676284671e-09,1.582267042156599,-1.9870970718503937,-1.9938383163023266,0.7117689237819882,1.3202080248490535,40,0.8650793650793651,cluster-2,5.522056797887837e-40,7.27735078740005e-17,0.9999999997514522,1.1397240002984797e-24,2.485475443999432e-10,
free,127,1.2644253707941011e-05,1.5725268950587339,-2.2416869636595718,-2.250139275601591,0.7600061611866389,1.3048325618730212,29,0.8015873015873016,cluster-1,1.2065808203397845e-42,0.9999991562275035,8.437725038793088e-07,2.122565385458048e-19,2.0591012627845926e-31,
free,127,0.0028526748935235953,1.5933029706925987,-1.8447009709876354,-1.8531530251786736,0.5502012958676794,1.3519630599088688,33,0.7698412698412699,cluster-1,0.00022823445061715222,0.9997047973665957,4.5009030814382e-31,6.695933876165326e-05,8.844028109132134e-09,
free,127,1.4041204213883054e-08,1.5902956232529781,-2.3047264279343014,-2.3231186484318345,0.5684833676796259,1.252924617245387,31,0.7777777777777778,cluster-3,6.308071054427623e-10,1.6849015763764951e-12,4.4164459099603707e-32,0.9999999993675033,6.92014020354846e-24,
free,127,1.2897590617652166e-08,1.5726649200897016,-1.737358994371309,-1.7458113145641772,0.8064368540846456,1.337857286371579,27,0.8253968253968254,cluster-1,3.31629672275351e-45,0.9999999994208508,5.79161529083196e-10,2.6702039093081404e-30,5.707372294250507e-18,
free,127,0.15974977024504936,1.5569369151360837,-2.095954955093504,-2.1040354900835556,0.8020125261441926,1.2992410188443881,39,0.7063492063492064,cluster-1,5.5989010832026696e-45,0.9625511984140322,0.037448801585968944,1.3459199267925083e-40,1.240733672758245e-17,
free,127,1.4099424941332086e-16,1.52408852240996,-2.6874995194082185,-2.694240763860679,1.0220394585076278,1.1784320836717983,33,0.7857142857142857,cluster-2,1.603188187395106e-49,3.508064246895352e-18,1.0,6.983557746329848e-51,4.2560396582418564e-57,
free,127,0.00016259198206952029,1.587046936180729,-1.8312075156865157,-1.837948736181452,0.619861512672244,1.342070308447834,31,0.7936507936507936,cluster-2,6.475675131992274e-35,3.386151268601242e-08,0.9999867243108026,1.3241827675898083e-05,8.497186450505671e-21,
free,127,0.22746027562823634,1.6048555972122642,-1.9534133550688977,-1.9691038193550896,0.23598786601870092,1.35095090564436,37,0.7936507936507936,cluster-4,4.040610110617437e-08,0.060178922221323754,9.058164538136244e-14,2.616981919235773e-12,0.9398210373698788,
free,127,5.667894931812865e-13,1.5887182885795916,-2.1413007120447833,-2.1480419564972437,0.5875592569666588,1.285443463336746,25,0.746031746031746,cluster-2,3.9168291416568586e-33,5.422942015268091e-17,1.0,1.1506001857766179e-26,1.783972588954825e-14,
free,127,4.086503677194496e-11,1.5958098461153618,-1.746384508027805,-1.7548368282263367,0.5256499042661171,1.3401791493976134,39,0.8174603174603174,cluster-1,1.017582641342451e-29,0.9999999999985789,1.0017295490130862e-15,1.0578204150902787e-13,1.3254034672991635e-12,
free,127,8.573574372428531e-06,1.5613103055184863,-2.038577823188361,-2.04531906411365,0.8300081988957926,1.2841706217495164,22,0.7857142857142857,cluster-2,1.6617519896830475e-46,5.566794861564747e-07,0.9999994433205033,3.473469698837238e-39,1.0271824405993744e-17,
free,127,1.2380416801856673e-13,1.5091587368949366,-2.181559885580709,-2.1883011300331687,1.20112693966843,1.2522261264230774,20,0.7698412698412699,cluster-2,5.641104573559885e-67,3.726422872877343e-15,1.0,4.689381944793915e-50,1.0937465559436818e-49,
free,127,1.170952441543656e-14,1.5791718719959864,-2.6960703932394194,-2.7028116376918794,0.8054357814037894,1.2182084430308557,27,0.7698412698412699,cluster-2,3.765892731596585e-45,2.654724110074519e-16,1.0,4.315430591986852e-21,5.854300745839768e-17,
free,127,9.035346179357565e-18,1.5433295534241003,-2.337789460429995,-2.3462417806285307,0.8718636580339569,1.2117802632526586,25,0.746031746031746,cluster-1,8.166047309844607e-49,1.0,2.100913777272147e-19,1.899229841491046e-46,1.1241886850077961e-45,
free,127,0.3106486881409214,1.6012538208491542,-1.984616857814038,-2.000098653926758,0.3336819626214935,1.355237588728023,28,0.7777777777777778,cluster-4,3.6492553080579277e-19,1.0918745354986677e-12,0.050260120349593505,0.02383557498227026,0.9259043046670432,
free,127,1.3548384129935632e-06,1.5915803848210641,-2.3481505386472685,-2.3566028580824083,0.5347141055610236,1.2515041054041016,29,0.7380952380952381,cluster-1,5.72735706997663e-23,0.9999999219849117,7.801508719332229e-08,1.2892328002825827e-15,3.2183258614788274e-30,
free,127,0.6920696461108472,1.5791138198037098,-2.404765451986959,-2.407175780153802,0.6482620839997537,1.2736325701219537,32,0.746031746031746,cluster-2,6.589098120922385e-25,0.4767928096635718,0.5232071903364448,9.194321239293237e-37,1.7862089889379357e-18,
free,127,1.413480560816003e-08,1.5481115066733768,-2.034479096179872,-2.0429314163721704,1.055059237742987,1.2687619772729108,39,0.7301587301587301,cluster-1,6.423719380160993e-59,0.9999999993625579,6.374642302664029e-10,1.083251302178416e-31,4.7818948340910726e-33,
free,127,3.7606894879283304e-05,1.5932702524357736,-1.958002405842458,-1.9763945506103586,0.5516250490203618,1.3252476192006113,37,0.753968253968254,cluster-3,3.7575003478362245e-31,2.7215240613244276e-06,4.32662205035397e-16,0.9999972779903984,4.855408328986855e-10,
free,127,3.373131967345814e-05,1.5984588693075727,-2.5479013037493847,-2.5563536227097696,0.41272669514333193,1.2552576081682791,24,0.7698412698412699,cluster-1,2.4212762030055635e-06,0.99999757872374,4.073267538549335e-18,4.059067571050255e-14,1.721445654108699e-23,
free,127,4.815664769470287e-15,1.5916245403264442,-3.0594506451464074,-3.066191889598868,0.5153241495447833,1.2081719894131917,37,0.8015873015873016,cluster-2,4.9556215977215676e-27,4.046131656630662e-17,1.0,8.897640956254129e-17,3.7765115178458e-29,
free,127,2.9565209637948537e-05,1.5855100543847993,-2.345788910632997,-2.3525301417744657,0.5551325279896653,1.2557897127002235,31,0.7380952380952381,cluster-2,1.7265324661274695e-20,2.100819075839753e-06,0.9999978991809155,2.4068160364235914e-31,4.134647129655747e-28,
free,127,1.1523651469698278e-20,1.5310995931617513,-1.522665909894808,-1.5294071543472683,1.2838370255597933,1.312794177228395,26,0.7777777777777778,cluster-2,1.54687900596064e-71,2.3131361017430805e-22,1.0,1.6942415043951305e-41,1.2588455915721612e-28,
free,127,0.008284885947778075,1.5986981210616908,-2.455056258073942,-2.461795256545714,0.4470457542599653,1.2597312930389453,28,0.7301587301587301,cluster-2,2.2006756609165863e-25,3.176362048831932e-06,0.9989484512412253,1.3031431378440128e-07,0.0010482420824325157,
free,127,3.5413031979394245e-20,1.4711193556494475,-1.804445642185962,-1.8111868866384222,1.6847316711906375,1.2395972262922976,15,0.7063492063492064,cluster-2,1.1966086218469921e-93,7.275805590280678e-22,1.0,8.31737879728068e-60,5.008975877592714e-40,
free,127,1.2454677002467307e-18,1.588514916306162,-2.5716708926703986,-2.5801232128689344,0.5428841658464565,1.2292317325752538,32,0.746031746031746,cluster-1,6.588685418831479e-21,1.0,2.0724559029679516e-20,1.1402684616084662e-30,3.3962115755972794e-29,
free,127,1.306746339209934e-10,1.5004337135382033,-1.9237827090766486,-1.9305239535290781,1.451191819558932,1.2586957307705084,23,0.6904761904761905,cluster-2,9.097789287125568e-81,4.829665542652997e-12,0.9999999999951683,6.77333694706239e-46,3.862789379207836e-40,
free,127,2.3039694616639789e-07,1.5803199932934757,-1.987551711675689,-1.994292956052277,0.7328313391978347,1.3148084890404763,32,0.753968253968254,cluster-2,3.8053528591189575e-41,1.1974594845300698e-08,0.9999999880253939,3.750709116568505e-23,2.646831395743464e-20,
free,127,0.2975567158958773,1.595746490059854,-2.0411799873892718,-2.0475117666468647,0.4733898733544537,1.298119939472398,29,0.7698412698412699,cluster-2,7.201812677922538e-27,0.05617563658897476,0.9277890956297814,1.52342691441644e-10,0.016035267628883746,
free,127,1.704983846265641e-24,1.543486649813926,-1.9341041384719488,-1.940845382924409,1.0333992064468502,1.2509158084936767,15,0.746031746031746,cluster-2,1.0056670793941511e-57,2.822498749783803e-26,1.0,3.164367254619125e-48,7.122058599786928e-28,
free,127,6.556071338764913e-09,1.579867448159193,-1.9510195274052657,-1.9594718476010091,0.7637422816959893,1.315676381086615,27,0.7619047619047619,cluster-1,7.507400167375215e-43,0.9999999997146745,2.853266433609431e-10,3.2284820403369615e-23,3.3350582641635265e-16,
free,127,8.628750594997624e-09,1.587342679432527,-2.5803748904250736,-2.5888272106198884,0.6389470137949065,1.2435487690282445,41,0.7619047619047619,cluster-1,2.4542770337221787e-20,0.9999999996197175,3.8028733868261533e-10,1.8279873106962766e-20,5.736174905667221e-36,
free,86,3.525871803971648e-08,1.553876803971065,-2.1023616347202037,-2.1123167282664492,1.0713564850563224,0.8634920326782083,15,0.788235294117647,cluster-2,9.672928391677705e-41,7.803729752249892e-11,0.9999999983535872,2.760952302910628e-22,1.5683779906573818e-09,
free,127,0.1288707618739238,1.5977655448749362,-2.2319725216843014,-2.238531198034764,0.44956117164431575,1.316162403886057,26,0.7619047619047619,cluster-2,1.55523189816991e-25,0.0283249515898056,0.9716750308198793,1.97703675385399e-11,1.7570544123632425e-08,
free,127,0.0009771919168636615,1.5879803008653375,-2.1187804214597685,-2.135846161016536,0.5077132577971213,1.29918766062117,31,0.7222222222222222,cluster-4,2.4493476959969485e-13,9.927301602943401e-29,9.525282623894491e-05,4.0889654225780065e-28,0.9999047471734973,
free,96,0.0007558343150427329,1.533245675595852,-1.917121410369873,-1.926038914072352,1.064796288808187,0.9639792865939416,15,0.7263157894736842,cluster-2,4.038259437383375e-45,7.16897689756317e-05,0.9999283102310133,1.204710313312233e-28,4.417515398315966e-30,
free,127,0.005738967309768384,1.583360376622909,-2.2413553553303394,-2.249800885859243,0.7022371066836861,1.273630527526453,29,0.7142857142857143,cluster-1,1.8515296787573157e-39,0.9993063135897143,0.0006936864102668176,6.705241920504493e-15,1.7399564004141995e-15,
free,127,1.2532693907246403e-29,1.5737878732318893,-1.9072210356945127,-1.925613256193233,0.6225254329170766,1.2343393339934596,35,0.7222222222222222,cluster-3,8.932179085893787e-35,4.61701445491698e-35,8.230188622181447e-34,1.0,1.7594176146416698e-31,
free,127,3.913098319076114e-09,1.582953020672857,-2.3172174889271653,-2.3239587333785794,0.6936311496524361,1.2759598508329908,28,0.7222222222222222,cluster-2,5.527096435336184e-39,1.6474680622945037e-10,0.9999999998339604,1.3110818796848793e-12,2.8455815598653116e-25,
free,127,0.0006372041055828023,1.5928310551965994,-1.502194021630475,-1.5205845900513812,0.45066761407326505,1.3724957768119919,29,0.6825396825396826,cluster-3,3.060087238439288e-24,5.937653149644367e-05,4.1633668349672894e-16,0.9999406234684893,1.3906634831306885e-25,
free,127,0.2041277601907155,1.600929544485754,-2.1137322853869343,-2.130444636234584,0.38516619824987686,1.3355454957178363,39,0.7619047619047619,cluster-4,5.406264061507523e-22,3.3058076101724004e-05,2.1485784209724588e-06,0.05178067267369041,0.9481841206717978,
free,127,0.26815562665839043,1.5788109820584308,-2.081386536125123,-2.0890755918702677,0.7125568540077509,1.2975591052953501,30,0.7619047619047619,cluster-1,4.6179816048441485e-40,0.924293577522339,0.07570642245444162,3.9228258890135914e-22,2.3203568482905967e-11,
free,127,0.6927363287285644,1.5798007564598886,-2.7410460945189468,-2.747885981149674,0.7228996697373278,1.230096465757902,36,0.7936507936507936,cluster-3,3.736568671640168e-16,0.485668294545735,6.909131039334377e-41,0.514331705454267,1.7502143383416046e-14,
free,127,1.0160763183414696e-07,1.5928064084825901,-1.9010608102392963,-1.9095131304245079,0.5436213936392718,1.3204544472386606,24,0.753968253968254,cluster-1,1.0383529881395844e-30,0.9999999949456821,8.958244678132774e-21,3.111252957799211e-14,5.0542955623980014e-09,
free,127,1.238009880753091e-15,1.5166138530792024,-2.110025721272146,-2.1167669657246058,1.168439489649975,1.2156727562326362,28,0.7063492063492064,cluster-2,3.5830552529491836e-65,3.2611945464576676e-17,1.0,1.7921567603974196e-60,1.4742520586811883e-27,
free,127,0.0019352166665544605,1.5880473141059652,-2.0462137057086616,-2.0546654887382205,0.48156762310839074,1.3265960316023615,37,0.7698412698412699,cluster-1,7.733937613613871e-23,0.9997962624433714,2.2679563347931163e-25,2.7469895906657338e-27,0.00020373755664123913,
free,127,0.000905612079596413,1.5729165296341427,-2.127818190206693,-2.1345592489163603,0.7605576402559056,1.2733503705402331,30,0.7063492063492064,cluster-2,1.1248683797114673e-42,5.179068770039633e-18,0.9999124435831785,3.6321826546744655e-29,8.7556416822341e-05,
free,117,1.527880686246225e-05,1.5355030202596895,-2.163232656625601,-2.170550068709033,1.2841122619107241,1.16723043909339,23,0.75,cluster-2,5.637724126921377e-66,1.0335748925367478e-06,0.9999989664251187,7.49978228843488e-27,9.157948795709888e-21,
free,127,0.11012322592890252,1.6068121748816124,-2.5947967289000986,-2.6014217836627886,0.21391428549458658,1.275153432301827,39,0.8015873015873016,cluster-2,3.5698923730782616e-05,0.017101723135600794,0.9793692272603584,0.003493350678744386,1.5574662434808364e-12,
free,125,6.971674954929536e-08,1.6048618641755656,-2.186416259765625,-2.195003817075885,0.29541650390624996,1.3212613433934681,35,0.8064516129032258,cluster-1,9.178681706035272e-17,0.9999999966956352,5.114046979904412e-10,2.683988460086586e-09,1.089973801914183e-10,
free,127,0.0032740620387443856,1.5147435578483324,-1.7082865557332678,-1.7167373563330064,1.232289471964198,1.2668748125093767,26,0.8095238095238095,cluster-1,1.0775394204442034e-68,0.9996568021894411,8.595631277963032e-05,2.2138520224621723e-47,0.0002572414977693774,
free,127,1.4080499081368088e-11,1.6005340507733576,-2.0914662278543306,-2.0999185480528655,0.37998854269192917,1.3181059050038872,33,0.7936507936507936,cluster-1,1.019645952931751e-14,0.9999999999995453,1.1004751389019647e-21,4.68380287134429e-13,4.373590988944375e-18,
free,127,2.7019531770449436e-06,1.5549335226069394,-1.9852887251245694,-1.9920299685477567,1.0343571460153176,1.278601652007989,27,0.7142857142857143,cluster-2,8.904686287020715e-58,1.6244611763138193e-07,0.9999998375538856,6.995503414027888e-28,9.388425739337994e-25,
free,99,0.0004656659410772278,1.5759413628371848,-1.9168403702552872,-1.9254880900644278,0.7927401764224273,1.013618237967016,21,0.8163265306122449,cluster-2,8.241318312672083e-35,5.384022588184039e-06,0.9999595323739426,4.5237389431356006e-17,3.508360346096503e-05,
free,127,0.0010928707435980576,1.586615801592762,-1.9730630709430363,-1.9798040869746958,0.635650875061516,1.2935160491285775,27,0.8174603174603174,cluster-2,8.717168844172988e-36,1.1985399960244033e-18,0.9998923021962354,1.646620905629835e-07,0.00010753314166308643,
free,127,1.0032309360082333e-06,1.5709962533479938,-1.681108009158157,-1.6878492532511968,0.8996986929825912,1.336261633244525,26,0.7301587301587301,cluster-2,2.3810000397191075e-50,5.6725420594333785e-08,0.999999943273197,2.6190701674580125e-20,1.3930861634553507e-12,
free,127,0.0003164083554583117,1.586277502716647,-2.2317411167415107,-2.2501330809557762,0.5583587406188486,1.3339196314658364,32,0.7698412698412699,cluster-3,1.3915515746371407e-10,1.5976763818858718e-31,1.8049743229585216e-27,0.9999724885276304,2.751133320573046e-05,
free,127,4.913868700095848e-14,1.6008902511034466,-2.018887737604577,-2.027340057803112,0.33455123300627454,1.308167611102697,42,0.8253968253968254,cluster-1,3.5293374958076906e-19,1.0,1.5282163239216681e-18,9.267907860903097e-17,1.3324733714524218e-15,
free,127,2.960254844878671e-14,1.5538532653625898,-1.6580548624354086,-1.666507182633944,0.9069865069051428,1.30691737940617,24,0.746031746031746,cluster-1,9.43620008493153e-51,1.0,8.531587297734136e-16,8.656979532550194e-40,2.5411433792016723e-36,
free,127,0.4040477455084067,1.5807428359395357,-1.6949831744817299,-1.7089424703322702,0.7390149935023993,1.3408876948075246,42,0.8412698412698413,cluster-4,1.4930993859752963e-41,0.13948965259750187,7.814766787129445e-07,5.985980614782909e-09,0.8605095599398349,
free,127,0.009371719510049267,1.592100216721366,-1.7658201202632875,-1.77255366081446,0.5696348655880903,1.362086936683209,24,0.8015873015873016,cluster-2,3.8109528941255565e-32,0.0012149670831981525,0.9987849539579495,5.672212520611183e-12,7.89531676169748e-08,
free,127,1.5692534031274267e-07,1.593729352703096,-1.7521269790769562,-1.7705191993315548,0.5591008944774238,1.3348142117568274,27,0.7857142857142857,cluster-3,1.4540085747945929e-31,3.307513628372456e-09,4.398356362380789e-09,0.9999999922941356,3.053880588364256e-15,
free,127,0.39453121569789007,1.591026047892579,-1.938515730730192,-1.9526362639634591,0.564905121570497,1.3318900500765525,27,0.753968253968254,cluster-4,6.040174848313877e-32,0.1310357606460892,0.0007697958326108232,2.575555679210357e-10,0.8681944432637533,
free,127,6.902640250513524e-09,1.5550348189857468,-2.039303757074311,-2.0477560772699004,1.0793903981606792,1.3166416459381804,27,0.7380952380952381,cluster-1,2.9227501725316916e-60,0.9999999996989004,3.0111678104792355e-10,1.3029300667783882e-27,2.3529914010659525e-20,
free,127,0.02409473147638153,1.6065892667067116,-2.5195982925535185,-2.526332327994463,0.22488547497846945,1.3010211340927103,35,0.7936507936507936,cluster-2,0.00016813312605728028,3.333265665378163e-07,0.9964770865193954,3.933862442765889e-13,0.003354447027576034,
free,127,7.506397141718331e-17,1.566339880891181,-1.9868243360143947,-1.9935655804668548,0.8076342485082433,1.26670424499583,37,0.7936507936507936,cluster-2,2.84846320971479e-45,1.838100316538522e-18,1.0,5.765540755335657e-39,2.4722331751050316e-28,
free,127,2.2055235339718895e-09,1.5216881675847205,-2.0591980941652315,-2.067650414362872,1.3493597075695125,1.2638605756930044,27,0.7698412698412699,cluster-1,3.762934530098858e-75,0.9999999999085389,9.145785760583097e-11,2.5619063261764697e-42,2.7058538754111975e-17,
free,127,4.138704834198964e-08,1.5499264804231192,-2.1257302592119833,-2.134182579391277,0.876202680933194,1.308519410020791,40,0.7698412698412699,cluster-1,7.458377220169937e-46,0.9999999980336156,1.966406429512495e-09,4.70642725793871e-49,8.985588280688856e-29,
free,127,5.31419637767967e-07,1.5999663348627573,-1.9925758181594488,-2.009644340879036,0.390234038585753,1.343228379896853,31,0.753968253968254,cluster-4,2.8435190499385876e-18,2.863540765245506e-08,2.995613693565128e-22,2.3415956308792876e-10,0.9999999711304217,
free,127,0.6007818181200872,1.5904437604430217,-2.3034845787709153,-2.3199103701636172,0.5684362696850394,1.3308949049107874,25,0.7857142857142857,cluster-3,0.1302191946116859,0.05659245300034325,3.610460322194015e-32,0.8126283170907153,0.0005600352972624476,
free,127,6.117163264455417e-07,1.5729912156178805,-1.7770968459722565,-1.7855491658420632,0.8472670908049333,1.326931234180606,24,0.7936507936507936,cluster-1,1.8562880188588273e-47,0.9999999664056537,3.359434409511222e-08,7.314295658302723e-21,3.194024761647737e-22,
free,123,1.0253954006405075,1.6074003504906578,-2.613821138211382,-2.6198448291206597,0.13908026470401413,1.2496164000639225,38,0.8524590163934426,cluster-1,1.6006514043771668e-08,0.43024627089283674,5.472079567191511e-08,0.4057113505193961,0.16404230786048338,
free,127,6.31745061584409e-05,1.5871581455329693,-1.676939956785187,-1.6853922303428464,0.6722988819512796,1.328072196666165,36,0.8253968253968254,cluster-1,8.300126531864508e-38,0.9999952335394278,4.766439268221851e-06,4.383705631160558e-12,1.6919212679251553e-11,
free,127,9.92348498565429e-07,1.604593634830391,-2.3285015436608023,-2.33695386373449,0.28788264717642686,1.317759626646568,36,0.7063492063492064,cluster-1,3.783438425365637e-11,0.9999999439436935,9.411433168056436e-13,5.6017517959971504e-08,1.3234808064207686e-16,
free,127,0.0013171290239613763,1.5792971954223496,-1.9505725770484743,-1.9590242706824823,0.7620354599840058,1.3214960000793883,30,0.8095238095238095,cluster-1,9.323443424695707e-43,0.9998764534880332,4.647648910724587e-05,7.707002285958438e-05,5.686965299298971e-15,
free,127,5.504892864029713e-13,1.5370353509625014,-1.93143024594765,-1.9381714904001104,1.1320362241249384,1.2876954333628348,24,0.7063492063492064,cluster-2,3.648296676709355e-63,1.644902595629078e-14,0.9999999999999716,9.212134087415369e-42,7.282314254474205e-34,
free,127,2.0573540492386407e-05,1.5849524491430325,-1.9633385365403544,-1.9717908428195359,0.6147124523252951,1.3403259271517751,35,0.7698412698412699,cluster-1,1.2453421282834993e-34,0.9999985775156573,1.4224843531745367e-06,2.2609361621752572e-23,4.1316668703536303e-22,
free,114,1.1203086989682308e-15,1.5620489362058971,-1.7631072998046875,-1.7706172826596212,1.0097739236396657,1.1326119167802706,27,0.8938053097345132,cluster-2,1.015140833190492e-50,2.9045082119949024e-17,1.0,5.74334202527378e-26,3.371264955112255e-19,
free,127,0.5166363225359295,1.6054291604551836,-1.574077095572404,-1.5865015798871356,0.24130861777958912,1.386674673545172,32,0.8253968253968254,cluster-4,3.864118356721091e-14,0.212001903426851,2.414671392493668e-09,2.907469953729019e-06,0.7879951866884805,
free,127,5.197990815290024e-20,1.518381245697332,-2.01396095095657,-2.0207021954090303,1.1783149298720472,1.2304755625706738,16,0.6746031746031746,cluster-2,1.0222795133972455e-65,1.0766242052131185e-21,1.0,1.494031331952724e-52,1.0071561622552179e-43,
free,127,5.296188461136618e-05,1.5881443983813213,-2.607754925104577,-2.616207234889995,0.5685367133673718,1.2580215514352497,28,0.7936507936507936,cluster-1,4.386608784073222e-32,0.9999960638764537,5.170661708382998e-09,2.4570726674236174e-24,3.930952905069804e-06,
free,127,1.0695079946422241e-08,1.5938009085464764,-1.85350757508766,-1.861959895283052,0.5653822290615771,1.348913357357197,37,0.8253968253968254,cluster-1,6.548132434761082e-32,0.9999999995383462,2.798378147689406e-10,1.8181074908881464e-10,6.905905107712119e-15,
free,127,1.1703446391174818e-07,1.5597492655008078,-1.7272259569543553,-1.735678277095499,0.9328038974071113,1.3070029870139561,25,0.7777777777777778,cluster-1,3.5549104004360236e-52,0.9999999941348676,5.8651434442542655e-09,4.077741391916113e-17,5.071417370400609e-35,
free,127,1.7733303699463205e-13,1.5962922926248662,-1.972886573611282,-1.9912787941100023,0.4737206406480685,1.3196340771915906,24,0.7698412698412699,cluster-3,7.443016040849141e-27,3.3934462738065303e-18,5.569671163675577e-20,1.0,5.393445801702899e-15,
free,127,3.2999397199216723e-09,1.5880466838036247,-1.62666404904343,-1.6334052934950078,0.6621874711644931,1.3760362101757457,28,0.7222222222222222,cluster-2,2.997682837579741e-37,1.392694464057967e-10,0.9999999998607336,1.0332001487833717e-16,1.0006787346031842e-16,
free,121,0.3817813723916733,1.5859000766935718,-1.9106831195925877,-1.9191595126901322,0.5885009765625002,1.2855108709614833,35,0.8083333333333333,cluster-1,1.0356481988226357e-31,0.8724131171943339,5.855076181681154e-07,1.1172019791913742e-20,0.12758629729805543,
free,127,5.312081778781516e-06,1.5939660297937945,-1.5462063766839935,-1.5546586961389313,0.5504238098625125,1.381890889300982,36,0.7698412698412699,cluster-1,4.376781761240456e-31,0.9999996663376566,7.577825283376195e-15,3.3335333825693303e-07,3.0901095807579166e-10,
free,127,3.838693066917532e-05,1.5869530765672701,-2.0558284248892718,-2.072896929759336,0.5714452548289861,1.3125806509323987,32,0.7619047619047619,cluster-4,3.031849499631018e-32,2.3464111080352943e-23,4.841617703943411e-22,2.7833010671085615e-06,0.9999972166989517,
free,127,0.0009145178594383422,1.5790079682122826,-2.1716731514517718,-2.178413835066979,0.6128652978131153,1.2723543372606403,28,0.6984126984126984,cluster-2,1.5744591642390551e-34,8.851005273163779e-05,0.9999114899071049,1.8916859078046559e-32,4.015557219512756e-11,
free,127,0.37344660932779217,1.5938548309093907,-1.9239380603700171,-1.929838607353824,0.5229272316759968,1.3381199868785107,42,0.7936507936507936,cluster-2,1.2612390756349577e-29,0.12278923775832985,0.8771172133958829,2.2585040465468942e-05,7.096380532839127e-05,
free,127,2.0394139883140636e-15,1.55306663870667,-1.6676808755228838,-1.674422119975344,1.0364920548566685,1.3072786054790566,26,0.7936507936507936,cluster-2,6.789955765243972e-58,7.732234928030395e-24,1.0,6.964528917880469e-38,5.445828491603249e-17,
free,127,3.1303707144692335e-07,1.6017320083406086,-1.9772414560393086,-1.9856937760759776,0.3756294550858146,1.2989924312239838,31,0.7380952380952381,cluster-1,2.156384780322301e-14,0.9999999834545009,1.6540817731722564e-08,4.671296932189009e-12,1.9142887437016686e-21,
free,127,1.8142467789836507e-11,1.5889691676041882,-1.9325730932040477,-1.94964161659868,0.608548742579663,1.3219050445527794,29,0.7619047619047619,cluster-4,5.935988550778611e-13,4.8888036801224124e-24,2.7242764071138107e-34,2.5754258789259357e-14,0.9999999999993747,
free,127,3.637018581795815e-06,1.6035272760152786,-2.1432759442667324,-2.1517282633427652,0.3341326375645912,1.3229249862387664,30,0.7619047619047619,cluster-1,3.7220387999561447e-19,0.9999997864731768,8.557826992495648e-08,1.2794391955480292e-07,4.6377027404221055e-12,
free,127,1.706817524643946e-06,1.598907277642172,-1.81608497439407,-1.833153495444083,0.42668740580401066,1.3487067702824107,31,0.7619047619047619,cluster-4,2.9233832565233785e-24,9.968845939365066e-08,3.373352073050862e-17,1.0454131117227748e-12,0.9999999003104897,
free,127,0.640783722164187,1.5851117228151936,-2.2434106060839074,-2.248150956584674,0.5849912147822343,1.3039316842624404,31,0.7777777777777778,cluster-1,3.6520111764186104e-33,0.6729085999940122,0.32575502551873015,6.806778926281484e-21,0.001336374487276584,
free,127,2.466781499391378e-10,1.544921607597199,-1.7625263844888042,-1.770978704687248,1.2250224436361958,1.3196457870151639,23,0.7380952380952381,cluster-1,2.7126770314534788e-68,0.9999999999906493,9.345004446285908e-12,2.1264204986652008e-23,1.4462574221113746e-25,
free,127,0.045700792341156336,1.5306254665749155,-1.9460432398037648,-1.9527347348122466,0.9061077448326773,1.2922666311012936,25,0.7857142857142857,cluster-2,1.0467868168111617e-50,0.007815060530758016,0.9921849394692392,8.759593802642958e-42,1.4825876282598175e-44,
free,127,1.1649917750417966e-06,1.5810545500807192,-1.931441780150406,-1.9381830241821794,0.7596684253121926,1.309512811496928,26,0.8095238095238095,cluster-2,1.2594609659945732e-42,6.637340241239493e-08,0.99999993356113,2.9946142369882076e-18,6.547477607551219e-11,
free,127,2.158063555335368e-09,1.5582315806500044,-2.0752962367741143,-2.0820374812260085,0.8949195681594486,1.2689795514081919,28,0.8015873015873016,cluster-2,4.368717524418814e-50,8.928472690992179e-11,0.9999999999106421,5.762745287507752e-40,9.089114896223981e-14,
free,127,3.994557501519237e-06,1.5898742352942392,-1.684782974363312,-1.7018514961185045,0.5015246774267963,1.3582568647541675,20,0.7777777777777778,cluster-4,2.1787434778192724e-28,4.797165448735863e-19,1.4060923393453556e-26,2.46325004651005e-07,0.9999997536749864,
free,127,0.420539893183673,1.5993110799045844,-2.448161207784818,-2.4665778893179486,0.347529133473794,1.2710193547573136,28,0.753968253968254,cluster-0,0.8512470205197293,5.780261865228213e-20,0.14875297944846727,3.180109315006379e-11,3.199056163692736e-17,
free,127,3.2166717010547067e-06,1.5854847537420205,-2.3434513122078,-2.3519036305115786,0.7051872193344,1.266371403159111,41,0.746031746031746,cluster-1,1.2738471536392867e-39,0.9999998050580151,1.9324833878291485e-07,1.6872514551544637e-09,6.398266053404654e-12,
free,127,0.0007346917600329714,1.5732319979016758,-2.3542953851654773,-2.3627470254884235,0.8011611578032727,1.2485241323199943,21,0.7222222222222222,cluster-1,3.778236625292161e-22,0.9999305221007988,6.947789918109221e-05,6.480467568563e-45,3.074967292986787e-22,
free,127,5.6505928238174444e-05,1.5989565059997046,-2.1617294671967273,-2.168470684879807,0.37516556386872546,1.290238648471186,35,0.7777777777777778,cluster-2,2.0304473061585967e-21,4.224895869822214e-06,0.9999957751041397,1.6829694915693924e-17,1.9257690850159383e-17,
free,127,8.347633933923828e-07,1.5991768300195324,-2.0377488023652806,-2.046201122106969,0.4251343734621065,1.345974692189945,30,0.746031746031746,cluster-1,3.560769793016391e-24,0.9999999533125117,4.668740978117434e-08,7.149820498764668e-14,2.2853744825499296e-16,
free,127,1.5632594651899422e-09,1.5123462477530618,-2.500663937546137,-2.5074051819981924,1.3935734305794782,1.2178391657416165,28,0.7301587301587301,cluster-2,1.3705696781600156e-77,6.387320983819759e-11,0.999999999936108,1.0586100037813006e-31,3.4922358904714467e-44,
free,127,4.898568734728172e-05,1.5970017126859943,-2.328377070389395,-2.3368293887277196,0.492084413062869,1.2984986884352911,31,0.8095238095238095,cluster-1,3.619155026176417e-06,0.999996379872259,9.71153496662692e-10,7.225804120168653e-28,1.5384749994799282e-12,
free,127,0.513105525184222,1.590576424034799,-2.376217098686639,-2.3924634851506332,0.500453678641732,1.2862689138389771,33,0.753968253968254,cluster-3,3.1076357043603597e-18,1.0786343060322857e-18,1.9735910372439442e-28,0.7906414733433023,0.20935852665667318,
free,127,2.5070268464884507e-14,1.5428924173202778,-2.4614089605376477,-2.4681502049901076,0.9046484278881644,1.2521999911020052,31,0.7380952380952381,cluster-2,1.2698570154919822e-50,7.18990980089163e-16,1.0,6.017656014304429e-43,1.3451081898970105e-45,
free,112,9.928962170292014e-09,1.5908544776853073,-2.300424575805664,-2.3080686654941287,0.5083511897495816,1.134434861461333,25,0.8288288288288288,cluster-2,1.8762855899707697e-25,4.4044153275131286e-10,0.9999999995595772,1.4215247848254604e-23,5.37452185531187e-18,
free,127,1.9352313539051054e-06,1.5514210820827952,-1.7221777007335752,-1.7289189444642343,1.0339142806886688,1.2876822210109737,26,0.8174603174603174,cluster-2,9.419873242378711e-58,1.1391903913473524e-07,0.9999998860809634,4.982517543852124e-35,1.0480588439607558e-15,
free,127,6.852079732538233e-17,1.5714673528521588,-1.5870211143193282,-1.5937623587717884,0.7388549564391611,1.330078254048327,16,0.6746031746031746,cluster-2,1.770760906668675e-41,6.264355675310483e-25,1.0,8.025818997253085e-39,1.6740435730695148e-18,
free,116,0.00399029565136163,1.6042869695493625,-2.189082310117524,-2.1983350511538635,0.3092607958563445,1.2138252447445284,27,0.7652173913043478,cluster-1,2.629198651686636e-16,0.9995700284799488,8.640072364384603e-08,0.0003352825745712627,9.460254475133969e-05,
free,127,9.00938628141367e-12,1.5677083080438063,-1.4043024018054873,-1.4127547220040197,0.9366596852700539,1.3458164229051501,25,0.7698412698412699,cluster-1,2.1785179505170932e-52,0.9999999999996874,2.9816160788254144e-13,3.003800840104499e-26,2.9108335423810435e-15,
free,127,1.7471580923714307e-05,1.590770673450682,-1.748027290884904,-1.756479599404478,0.6044144517793433,1.3412796063605903,28,0.7380952380952381,cluster-1,4.605524643386362e-34,0.9999988064716961,1.1935281867256282e-06,1.17702538003292e-13,4.547764516098293e-15,
free,127,0.002808905204891363,1.5876660093659432,-2.1406668114849903,-2.1491183664084637,0.6455450583630657,1.3055161466143181,32,0.753968253968254,cluster-1,2.4807125268906562e-36,0.9997049360052768,3.6847471622882343e-07,3.76888162649886e-05,0.00025700670374851796,
free,127,4.487653331452382e-14,1.5915328493104939,-2.4887877937376968,-2.495529038190157,0.5385965662678398,1.2356629211739514,25,0.7142857142857143,cluster-2,1.965582961429292e-30,3.440816740676799e-25,1.0,1.3085765836970371e-15,7.629442044676255e-19,
free,127,2.0585330231408435e-05,1.5921151755226788,-2.393881489911417,-2.4122736971507974,0.5880278339536171,1.2962593182698623,44,0.7936507936507936,cluster-3,3.690536104739746e-33,8.282768689809184e-13,2.665482060353859e-12,0.9999985766436805,1.4233528324932684e-06,
free,127,0.03336167022180844,1.5625362903552527,-2.315163920244833,-2.321871106594142,0.8634847806194634,1.2865845068246342,25,0.7698412698412699,cluster-2,2.3540679721041086e-48,0.005358035716538532,0.9946419642834251,5.713554057909765e-32,9.272077542315699e-15,
free,127,0.3004328040517231,1.555121555257383,-2.3242281215397393,-2.3317772275384163,0.9374009980930116,1.2530770196036618,30,0.6746031746031746,cluster-1,1.8061261816122778e-52,0.910907651510159,0.08909234848985553,5.120243226492862e-32,1.0336454524003494e-19,
free,127,0.5443459820261981,1.550516472954317,-1.8067073071096826,-1.8128250486504607,1.0086971493217887,1.2972407363617582,27,0.746031746031746,cluster-2,1.7741973660193323e-56,2.450011303680468e-07,0.7657656382841604,2.7098050131965674e-30,0.23423411671470978,
free,127,1.90411275778153e-09,1.5687759702279171,-1.674341156726747,-1.691409680119535,0.9259028397207187,1.3227576549240534,28,0.7698412698412699,cluster-4,8.540027185255962e-52,7.845996531136422e-11,4.5926153853927617e-20,3.4694741379736604e-23,0.9999999999215277,
free,127,0.3475242877637763,1.5503109733015035,-2.1104236512672245,-2.116414806133114,0.8276004340704968,1.2940257987339172,15,0.7380952380952381,cluster-2,2.0068820965267996e-46,0.1104831499826139,0.8895168500174144,8.059994131788014e-40,1.7928278689800984e-29,
free,127,2.6038846935387027e-14,1.5793122570413556,-1.8675125001922368,-1.8759648203907722,0.7338601660540724,1.3284334025687952,24,0.6825396825396826,cluster-1,3.339254985549412e-41,1.0,3.194448912144951e-16,4.1332933090433873e-16,9.415266361632754e-30,
free,127,0.666200745368878,1.6045831255196743,-2.42425537109375,-2.432394620867576,0.23927703617125973,1.2934473890259663,29,0.7222222222222222,cluster-1,0.38444983341804184,0.6155501576331801,9.524577202549943e-12,8.939235641763996e-09,3.9069962738578026e-14,
free,127,0.00017773876670411224,1.6009088474150772,-2.117576779343012,-2.1359689728300113,0.35997357706385325,1.3208655927713644,39,0.7619047619047619,cluster-3,1.4523767989852942e-05,1.3536893247073214e-16,1.3980004512978925e-20,0.9999853939635014,8.22685002454968e-08,
free,127,4.039460849604255e-08,1.595425098477961,-1.9946567805733268,-2.0130490010187083,0.42356980691744583,1.3498908592332333,35,0.7063492063492064,cluster-3,3.0291481694688965e-20,1.916931157477532e-09,1.1141646754102513e-22,0.9999999980830694,4.34348382790567e-24,
free,127,2.4850678525104154e-11,1.5576794329088344,-1.5552697369432824,-1.5620109813957372,1.0165064053272639,1.33788111183167,22,0.753968253968254,cluster-2,8.593764001210213e-57,8.639448526841853e-13,0.9999999999991473,7.09915081287851e-32,3.680634178875531e-23,
free,127,7.439502117025439e-13,1.494714789125449,-2.322000818928396,-2.3287420633808558,1.20964614988312,1.2080020994796294,24,0.7301587301587301,cluster-2,1.9119816082078868e-67,2.3713267359131378e-14,1.0,6.561506550156295e-63,1.786994880786307e-46,
free,127,1.8028913572822953e-05,1.5190327728173354,-2.1187532680241143,-2.12720557614332,1.3630784402682083,1.223931387456531,14,0.7301587301587301,cluster-1,6.58967426781765e-76,0.9999987655563362,1.2344436805567614e-06,4.854013000742996e-38,1.4221059064133255e-27,
free,127,0.00701134669099055,1.595942708384981,-2.5261091097133366,-2.5431565941990164,0.47164196104515277,1.2723551520753524,29,0.746031746031746,cluster-4,9.683990945460443e-27,0.00037801162313045407,0.0004160269906312625,1.7337866586452814e-14,0.9992059613862015,
free,127,0.0017808676215069722,1.5758742232188232,-2.5435303214966782,-2.5519808247155455,0.671283631812869,1.2328059761689807,28,0.7936507936507936,cluster-1,9.4406667082967e-38,0.9998143272423665,0.00018567275763213155,3.274368861574981e-28,3.1085108442214557e-25,
free,127,0.00013764519593896304,1.5867624255569872,-2.004086712213952,-2.0211549117301555,0.5851277028481792,1.3165759033668838,31,0.7777777777777778,cluster-4,5.333878907167605e-33,1.2511271993358015e-08,1.1071078242995497e-05,1.1594270069993452e-24,0.999988916410477,
free,118,9.542691795664771e-08,1.6027667058225203,-2.1616029901019598,-2.1799733499070135,0.3513090489274364,1.2170159198289094,30,0.7948717948717948,cluster-4,9.920953034655662e-19,4.708678001968267e-09,1.5143925286303857e-11,1.4983995563226995e-12,0.9999999952746919,
free,127,0.2094187861458914,1.599958685642981,-1.8081511249692421,-1.8251028966833287,0.34205519308255417,1.3503520781032576,41,0.7380952380952381,cluster-3,1.3255826916514437e-11,0.05375228123993312,1.2876982989956412e-19,0.9462477187467986,1.3742944014450098e-16,
free,127,6.074050167054651e-07,1.5563575190504861,-1.9926803468719243,-1.9994215911131161,0.9421016663078248,1.269381828828851,31,0.746031746031746,cluster-2,1.0914566511142525e-52,3.334359357204024e-08,0.9999999666562479,5.1453441389816476e-37,1.5650995579896408e-13,
free,127,1.3983234944502331e-11,1.4936100806666102,-2.30024154542938,-2.306982789881837,1.4908336729515255,1.2068932923003457,29,0.8015873015873016,cluster-2,5.922071206450606e-83,4.768318180834082e-13,0.9999999999995453,1.9051495049077942e-55,8.015911647335575e-30,
free,127,0.019604521139327518,1.598581224591782,-1.988912146861159,-2.0058972920927034,0.41601838840274374,1.3341736836246056,36,0.7777777777777778,cluster-4,1.1300457217520466e-23,1.258313441695259e-14,0.0028596215485464376,3.613353468110043e-12,0.9971403784478142,
free,127,0.0011476198723016045,1.5875849311584518,-2.0625663216658463,-2.069306844742727,0.5472863865649606,1.302387224101344,27,0.6904761904761905,cluster-2,6.518556387394949e-31,0.00011384413785343844,0.9998861558621746,1.235504660644313e-23,2.525953276788285e-20,
free,127,0.6674515187909648,1.5802952670617312,-2.9387983186977116,-2.9426881936131943,0.6434355007381889,1.242449150188731,30,0.7857142857142857,cluster-1,1.9880140438074065e-36,0.6128601057703409,0.38713989422967426,5.857747494780819e-18,6.899301898480962e-24,
free,127,4.480622416714805e-06,1.575912031855556,-2.185481033925935,-2.1922222766144297,0.7107330081969732,1.2919918696754495,27,0.7142857142857143,cluster-2,6.298499310542564e-40,2.783996844099848e-07,0.9999997216002999,1.5910053627689169e-31,1.6002374123579607e-18,
free,127,0.001758520635275359,1.5077638836683462,-2.028402974286417,-2.035143058640335,0.9705310731422245,1.2646992256114946,17,0.6507936507936508,cluster-2,5.983995237571024e-54,0.00018307377890413418,0.9998169262211101,2.9504734295746456e-54,5.755554043192171e-50,
free,127,2.2341802178243506e-14,1.5998872220191835,-2.033098355991634,-2.039839600444094,0.36957676204170786,1.2812166253418371,27,0.753968253968254,cluster-2,6.283027601276773e-16,4.129012084255171e-21,1.0,2.9480522881819236e-18,5.790001229715322e-18,
free,127,0.6953144096382544,1.577200979191919,-1.8540216881459153,-1.859617743053891,0.7451354499876968,1.3253764536417962,37,0.753968253968254,cluster-4,4.225789451026734e-42,0.0005039794271432901,0.46964831496815795,6.380412966488652e-17,0.5298477056046849,
free,127,0.04073401528188877,1.6073777967261695,-2.4247467761903296,-2.43318384819107,0.16385248139148612,1.3023464840524723,34,0.8174603174603174,cluster-1,5.95238319751144e-09,0.9931967922081126,9.113522851503789e-10,0.00680288836057642,3.1256758865768634e-07,
free,127,3.372520691560026e-18,1.5764547205108848,-2.0240605872447097,-2.04245280774343,0.8288576621708907,1.2863554233473902,25,0.7619047619047619,cluster-3,4.453096500565925e-21,7.175975604216172e-20,1.1479582973579417e-23,1.0,1.9232013782891317e-46,
free,127,0.00018084824978705042,1.607788441013759,-2.085726760503814,-2.0924679783966615,0.16156606599101897,1.3295107281600815,31,0.6984126984126984,cluster-2,1.2803231974192369e-08,1.2267405871670758e-09,0.999985266996095,1.4246763532587493e-05,4.72210418342358e-07,
free,127,0.09901169795115518,1.597616132167083,-2.5628469872662403,-2.5712465569389944,0.4553453340305116,1.269729243066099,22,0.753968253968254,cluster-1,7.526893992488118e-26,0.9803236334196755,2.6366888028249715e-05,0.0004208904783721904,0.01922910921394682,
free,127,3.30957806466681e-08,1.567850328775891,-1.7637437234713336,-1.7704849679139405,0.7901344599686271,1.3204874944167375,27,0.746031746031746,cluster-2,2.629168599020851e-44,1.5551283333625289e-09,0.9999999984448777,5.068306233898379e-34,4.628460313427751e-27,
free,94,0.003510742429513967,1.565374315025616,-1.6271699945977394,-1.6362744428899876,0.787849426269531,0.9699564077814009,17,0.7849462365591398,cluster-2,6.869315129766496e-33,0.00039743636958746944,0.9996024908347015,9.536473848711817e-27,7.279571307328357e-08,
free,127,0.05327746932526526,1.5833024230686958,-1.8648592731145424,-1.8817190938554331,0.6629244586614174,1.326599399977134,34,0.7777777777777778,cluster-4,2.7067221776819093e-37,0.006620510508089338,0.001847250807786256,2.07410235019871e-17,0.9915322386841205,
free,127,9.813464418522242e-11,1.590915975698635,-2.785800723578986,-2.7925419680314234,0.5399962898314468,1.2330605885983146,25,0.8095238095238095,cluster-2,1.7569928071046756e-20,3.587898037250988e-12,0.9999999999964189,1.6454665832337055e-30,1.4393398426083834e-24,
free,127,0.060367989428342234,1.6004837547105621,-1.9772593580831692,-1.983977132028979,0.40140082892470486,1.3114896072648516,24,0.753968253968254,cluster-2,7.174491410261002e-23,4.379442776247238e-08,0.9890405077771459,1.6310880246713672e-07,0.010959285319612263,
free,127,4.0602723881586116e-07,1.592750119728389,-2.4967629740557333,-2.5052152941971073,0.5274141566959889,1.2839113055249807,34,0.8174603174603174,cluster-1,8.133203396925576e-30,0.9999999782848479,8.301500097729606e-22,2.0134751080279239e-10,2.1513793380930324e-08,
free,127,1.6433985973410186e-10,1.564133848560814,-2.201401838167446,-2.208143082619867,0.8555800069974162,1.2853903329811738,29,0.6825396825396826,cluster-2,6.458671038497967e-48,6.1274814632055944e-12,0.9999999999938609,5.137066687371693e-30,1.4716741025850816e-33,
free,127,0.7935416805627165,1.563870094283688,-1.83397632508766,-1.837212475793573,0.9507053405281127,1.3048948806795369,29,0.8095238095238095,cluster-1,2.0376520229947474e-53,0.556753043812246,0.4143439219014122,0.028903020755001438,1.3531347627998617e-08,
free,127,2.7808730211647337e-06,1.5881548655910631,-2.254464217058317,-2.2728564359966907,0.5628183920552408,1.2999905214226666,39,0.7698412698412699,cluster-3,2.190061837307669e-26,8.199783491190121e-13,9.06831996684944e-32,0.9999998325012738,1.674978888948185e-07,
free,127,0.0007444996643934831,1.5970331488162253,-2.1636845145638532,-2.182076078273564,0.38686100516732314,1.3064495899689579,29,0.8412698412698413,cluster-3,4.597229705167286e-22,5.053231090946661e-22,3.497592511497325e-12,0.9999294969362402,7.05030602634401e-05,
free,127,0.0003260325233585771,1.6033234454915837,-1.7911602831262303,-1.8095517347165855,0.3443730872447095,1.3669755952236051,38,0.8015873015873016,cluster-3,1.0138009494307855e-19,2.738065392174123e-05,1.304283517685012e-08,0.9999718971488121,7.091544217404552e-07,
free,127,4.883016131059688e-11,1.5992472648909912,-1.8996326116126354,-1.9180248321113396,0.38510816679226134,1.3691714082858617,25,0.753968253968254,cluster-3,5.743879558222645e-22,1.660610590624409e-18,5.251240324913544e-19,0.9999999999982663,1.7393147410965893e-12,
free,127,4.058314790418027e-06,1.5561744642858406,-2.533495084507259,-2.540236327372419,0.8432009238896407,1.2308649545993688,23,0.7301587301587301,cluster-2,3.1111168771857854e-47,2.505173144258941e-07,0.9999997494826717,3.596596903978891e-43,3.240491600563336e-20,
free,127,0.09288119939532101,1.6036564372304236,-1.9526687982514148,-1.9592903055927666,0.2997685229684426,1.315487351480949,39,0.8015873015873016,cluster-2,2.8704853809549006e-17,0.018686230320963254,0.9813137673617058,2.227645435619415e-09,8.96845133189708e-11,
free,127,0.005879954109224287,1.600425062964182,-1.8755388635350025,-1.8839842039083101,0.3503875732421873,1.3548884648143626,33,0.8333333333333334,cluster-1,4.719801269413994e-20,0.9992868910333955,0.0007131089620925156,8.001178220270228e-17,4.522001036935243e-12,
free,127,0.0034397318963264364,1.5615196870491785,-2.0147375872754676,-2.033116378686973,1.0242081289216287,1.293742178140961,29,0.7619047619047619,cluster-3,3.230152372856586e-57,3.132673750392077e-10,0.000388541417455587,0.9996114582690667,2.0748927927866684e-13,
free,127,0.0005229648911172519,1.5704131048841055,-2.3748642328217273,-2.3833160856429223,0.6595973217581199,1.237382752395029,30,0.7301587301587301,cluster-1,1.5998118961094428e-35,0.9999522373456621,4.7762654339812566e-05,4.165102202376381e-37,1.2017568491594457e-26,
free,127,1.4093845922284364e-12,1.5905748573769465,-1.5345627191498523,-1.5516312425444847,0.6284323865034449,1.3688065507973564,27,0.8174603174603174,cluster-4,2.1805238996175733e-35,3.660920942578143e-14,6.532296543441398e-15,1.8069148484118917e-16,0.9999999999999432,
free,127,8.938301073671245e-10,1.5727115355740966,-1.9296591450848917,-1.9364003895371258,0.7704768143300935,1.3299398405531209,35,0.746031746031746,cluster-2,3.191859233346738e-43,3.5672514521217724e-11,0.9999999999643308,7.860947842830836e-33,8.465519027877964e-23,
free,127,0.00040885767482686506,1.5681964203801095,-2.249158003198819,-2.255899016754707,0.7687476451002704,1.2697873736622705,34,0.7619047619047619,cluster-2,3.975583896965185e-43,3.6440708638940425e-05,0.99996355929135,2.7169954133158458e-34,2.1059082134827733e-19,
free,127,4.2955302203256166e-26,1.5101974496344979,-2.173551544429749,-2.180292788882209,1.2940592127522144,1.2260229202010806,13,0.7380952380952381,cluster-2,4.223257188903941e-72,6.867845020078384e-28,1.0,7.215701015067581e-56,2.488825863263934e-39,
free,127,4.324750980690325e-06,1.582974976849132,-2.39260071281373,-2.399341955567574,0.6593570258673722,1.2765893352882873,24,0.6825396825396826,cluster-2,4.294374401940822e-37,2.6808592935684637e-07,0.9999997319140808,1.6528820801073608e-24,9.600824120247682e-21,
free,127,8.224305702579128e-33,1.5636564366065846,-2.1548925685131644,-2.1633448887117,0.7557327390655759,1.248988236256895,26,0.6825396825396826,cluster-1,6.159654098798005e-36,1.0,2.0761517177929164e-42,2.1462736611352093e-37,9.84216556463302e-35,
free,106,7.156218815211616e-09,1.5971573749149477,-2.0708737643259876,-2.0929097266112,0.41265941116045113,1.0922361048394071,22,0.7523809523809524,cluster-3,2.888871033704577e-18,3.1269175373937245e-10,3.6154791892354877e-16,0.9999999996873044,1.0072453046919425e-19,
free,127,8.765092118451922e-09,1.5763586779341774,-2.092060719888041,-2.1005130400853576,0.8279368483175444,1.3013021989885503,40,0.746031746031746,cluster-1,2.161785587362575e-46,0.9999999996182396,2.9747344441793565e-11,7.414190797915023e-21,3.5200895428832824e-10,
free,127,0.0003121918634920184,1.595970814779553,-1.9229999452125368,-1.9314522056074979,0.4674361822173354,1.3711650004229299,36,0.7777777777777778,cluster-1,2.882710222724189e-17,0.9999741399668615,1.6533299668316356e-26,2.0514406548569627e-05,5.345626580309511e-06,
free,123,0.00015710465221330727,1.5490284254444702,-1.820326642292302,-1.8272870304090525,0.98776542849657,1.2453435385785334,34,0.7459016393442623,cluster-2,1.719183407017982e-53,1.2808796334048286e-05,0.9999871912036523,4.023825938682331e-38,6.925338459354195e-15,
free,127,0.000128682011961783,1.6067736499827383,-1.609375,-1.6277670711486596,0.21724863127460625,1.3828321335423817,41,0.746031746031746,cluster-3,1.3311333484296724e-09,3.1502639957204876e-06,1.0412638023273473e-12,0.9999902259417477,6.6224620688010075e-06,
free,127,1.2339667494525793e-11,1.5561858713772216,-2.060130201925443,-2.0668714463779003,0.8289271076833167,1.2788340036375214,24,0.7936507936507936,cluster-2,4.392857610066583e-46,4.189957880841733e-13,0.9999999999996021,1.906314128416871e-46,3.312053888034893e-27,
free,127,2.7178428865704014e-05,1.5895595468383337,-1.9641972339059424,-1.9709384742880018,0.55108798770454,1.3005052772783392,33,0.7777777777777778,cluster-2,4.022733012407863e-31,8.759010725496993e-17,0.9999980811307915,1.104366098861572e-23,1.9188692036135036e-06,
free,127,9.272259713576127e-08,1.6033331201788519,-2.2681154266117125,-2.276567746807234,0.3194354199987699,1.3090956733730783,37,0.8095238095238095,cluster-1,4.108862406768605e-09,0.9999999954811756,2.4066442012448396e-18,4.09948227376973e-10,3.641211403547549e-15,
free,127,8.475934852682006e-12,1.5995259907337886,-2.406605397622416,-2.436587217380101,0.3698523814283958,1.2802611413128742,32,0.7777777777777778,cluster-0,0.9999999999997158,3.9869818315583255e-21,6.551748766482105e-19,4.723946621854331e-19,2.8353268862168366e-13,
free,127,0.2473336733810796,1.5866590621046939,-1.618923157218873,-1.6341157559893222,0.5732460322342521,1.363251215079176,26,0.7698412698412699,cluster-4,2.2490542861927097e-32,9.758955167700392e-07,0.06757450131547484,7.112212818932314e-22,0.9324245227890166,
free,127,0.12880810208728735,1.5895366762827068,-2.1340899129552167,-2.1422622087759793,0.5698713167445866,1.3079659888185153,21,0.7777777777777778,cluster-1,3.5978989580270413e-32,0.971692680413114,0.028307318985261745,3.3243136860394455e-18,6.016273192976779e-10,
free,127,0.004542799834913554,1.5973798750770862,-1.706965408925935,-1.7240183889892822,0.43558171790415856,1.3594292299097555,32,0.7698412698412699,cluster-4,9.442464107281974e-25,1.0873122201379323e-13,0.000532035032842748,3.430236598826991e-16,0.9994679649670553,
free,127,0.014451858233040356,1.6078964706546912,-2.4403739388533463,-2.4471128106635165,0.16061305248831204,1.3208447910379755,38,0.7380952380952381,cluster-2,0.0016104140758553837,0.00026915183631188945,0.9981201502725864,2.824332737445534e-07,1.3819928505495538e-09,
free,127,1.0945152823099224e-06,1.5759702090809093,-2.0831000861220472,-2.091552405711802,0.7710609736405019,1.3162451158628807,32,0.8015873015873016,cluster-1,2.9636312324355116e-43,0.9999999377857894,6.22142386012497e-08,1.1912937009821656e-25,2.1203151275158736e-21,
free,127,0.05007195026843825,1.5830021473750464,-2.125190554641363,-2.1420058435148026,0.6788827490618852,1.2898006944670997,26,0.7380952380952381,cluster-4,3.565691643901975e-38,4.3432201618051794e-08,0.008728002439628207,7.714840554756292e-19,0.9912719541281767,
free,127,0.10062295808869097,1.6059862097087838,-2.1352553480253444,-2.1436607899790894,0.2003531869002213,1.3360071237047488,29,0.8015873015873016,cluster-1,4.2940464293897025e-07,0.9793345113109201,8.717080453835937e-12,0.02066505926439887,1.130106996754232e-11,
free,127,1.2860375836867964e-05,1.5822411075452143,-1.9137263260488435,-1.9204675677288885,0.5789345568559301,1.3240044333254741,23,0.7777777777777778,cluster-2,4.882874010757059e-31,2.433213937539326e-07,0.9999991764972813,1.1712053493257621e-32,5.801813325682645e-07,
free,127,6.780732271864211e-22,1.557346352299999,-1.869379959707185,-1.8761212041596453,1.039773054948942,1.2562423063704795,30,0.7063492063492064,cluster-2,4.476123649817398e-58,3.7923338185756117e-29,1.0,7.417806223305533e-30,1.2864765052448965e-23,
free,127,3.263241943402387e-08,1.5808385938894713,-1.6741174412524606,-1.6825697614406423,0.7188814418522393,1.3612451655540303,33,0.8015873015873016,cluster-1,2.237726965335785e-40,0.9999999985166141,9.012898469267572e-10,5.697237038732609e-25,5.820851934808636e-10,
free,127,0.0054651201562590495,1.5726829767146686,-2.075940950648991,-2.0826780359006745,0.8102030115803394,1.273587471608989,25,0.8015873015873016,cluster-2,2.0542079034964624e-45,0.000656172684833186,0.9993438265707234,6.593878393104703e-24,7.444640263958846e-10,
free,127,0.01108380109260717,1.5999834171556613,-1.8745236133965921,-1.8929020925486844,0.3912051944282111,1.3388090043116954,31,0.7301587301587301,cluster-3,2.81019715546282e-14,2.2177798951253977e-07,2.644117831277548e-22,0.9985262201281373,0.0014735580938321374,
free,127,0.0001625576930241351,1.5810042009617047,-2.129524291031004,-2.1479160518577807,0.5723256989726866,1.2804440201868563,36,0.7777777777777778,cluster-3,3.601328567650057e-20,2.832267427502611e-32,1.3293654485231803e-05,0.9999867063455367,2.7110768363019685e-32,
free,89,0.00030307912791652393,1.4956422528928144,-2.0284749577554426,-2.038094249060184,1.3474861745084268,0.8788211451868906,11,0.7954545454545454,cluster-2,8.254133886224751e-53,2.6245122496264156e-05,0.9999737548775108,6.539781070521848e-37,3.6963572713886795e-28,
free,127,2.4174396453303153e-13,1.5415124104032183,-1.595676452156127,-1.6041287723546624,1.3191247174120322,1.303346324584504,20,0.6825396825396826,cluster-1,1.750449614026172e-73,1.0,7.391114016686733e-15,6.012425982328471e-20,3.281610796303274e-17,
free,127,0.0003916113044958443,1.5804460262807065,-1.9038926973117618,-1.9123449258671288,0.6772446519746553,1.3266159221599545,35,0.8333333333333334,cluster-1,4.428796952897584e-38,0.9999652465924761,3.6589461717301386e-09,4.827363534526617e-26,3.4749748589703784e-05,
free,127,0.00015723901664253272,1.5709399889849145,-2.0500548355222685,-2.0585070302663735,0.8334030992402806,1.2897330971908487,42,0.8095238095238095,cluster-1,1.079726591862848e-46,0.999987179275981,1.2820723981385085e-05,1.222066285703745e-26,2.8038929851493855e-14,
free,127,1.86275222982593e-08,1.557753980310381,-1.855882539523868,-1.8643348597140745,1.0332514244740403,1.305383223302455,37,0.8095238095238095,cluster-1,1.0247199867458229e-57,0.9999999991488266,8.511783648372415e-10,2.1998492132462432e-27,1.137110843110998e-22,
free,127,5.392058174016294e-10,1.5938603213685405,-1.79781780092735,-1.8045590453796765,0.47892112431563705,1.3276920202604265,28,0.7857142857142857,cluster-2,3.8451581087840126e-27,2.1076330477684907e-11,0.9999999999789111,5.191153195743644e-18,2.2220594449226554e-24,
free,127,4.181785455251978e-06,1.575765543545883,-1.7687803253414125,-1.7755215681551397,0.7884252352977361,1.3279914471484953,27,0.8809523809523809,cluster-2,3.26656492228439e-44,2.5863133736322643e-07,0.9999997413584133,4.53406112290808e-25,1.0252207264255603e-11,
free,127,0.24573863849164235,1.6023598835520678,-2.4833066444697343,-2.4995415755560857,0.3113134188914861,1.3012725182189133,39,0.8333333333333334,cluster-3,1.6171959622872525e-06,1.27011727309602e-13,0.06696459648131069,0.9330337863226104,6.299143101099664e-18,
free,127,3.2347741185713503e-11,1.529585451149644,-2.212045023760458,-2.2187862682129107,1.1974484901728593,1.2379028584983276,31,0.7857142857142857,cluster-2,9.000165613318962e-67,1.1347506800287565e-12,0.9999999999988631,5.245719741047705e-47,2.858531321379679e-23,
free,127,0.0566522115130981,1.5584310224201015,-1.9874030886672613,-2.0055154831571254,0.8055046261764887,1.3283124441515355,31,0.8015873015873016,cluster-3,6.885212776077775e-38,0.010132676078728338,3.69527215448914e-45,0.9898642625101376,3.061411121794825e-06,
free,127,0.25422857348591343,1.5721798042714128,-2.4397969884196606,-2.4549194237768517,0.8375181663693403,1.23762012534702,26,0.6904761904761905,cluster-4,5.952886685396378e-47,1.254967919993434e-09,0.07022809034197769,1.5613550563683888e-18,0.9297719084030591,
free,127,0.00768899775013146,1.6053697077892284,-2.0875731941283218,-2.1059524139265036,0.26617864173228334,1.3256486813640191,38,0.7936507936507936,cluster-3,7.126477166877356e-09,2.0817002884848016e-15,0.0001814240552884143,0.9990965196465048,0.00072204917175097,
free,112,0.0007295283926434085,1.5924682945622866,-1.9732651029314314,-1.9828487696058148,0.5704488754272461,1.1820449271579112,25,0.7657657657657657,cluster-1,1.7896897790791625e-28,0.9999337432694888,5.756336353750049e-05,8.693287991129538e-06,7.899050534496067e-11,
free,127,2.406110777833192e-06,1.5688273159711168,-1.895950797974594,-1.904403117794596,0.7805770513579602,1.3111158081682168,21,0.7857142857142857,cluster-1,8.850362562390205e-44,0.9999998564053488,1.2723439811517194e-28,2.875000972291621e-30,1.435946401486003e-07,
free,127,7.04186720060543e-21,1.5724661491476806,-1.8434884379229208,-1.850229682375381,0.8200430081585259,1.295817752190107,21,0.7301587301587301,cluster-2,5.891155990170801e-46,2.1234051047428725e-23,1.0,5.676282813235259e-32,1.175016083876616e-22,
free,127,0.001944403957341115,1.5546163125020402,-1.9958768829586,-2.0043271987997753,1.0956515815314343,1.3094439252628178,27,0.7936507936507936,cluster-1,3.7051916256016304e-61,0.9997951810543974,0.000204818945610666,8.118720331246689e-19,1.3433297220107823e-16,
free,127,0.010463714424008829,1.5768300585863255,-2.1379543514702264,-2.1464030230306257,0.806847760057825,1.27952071603572,32,0.7698412698412699,cluster-1,3.14334343512978e-45,0.9986243114330714,2.555736563391458e-06,7.268208130980396e-07,0.0013724060095646343,
free,127,0.0009547371405790746,1.5819594375407569,-2.69239891232468,-2.700850324118288,0.6400898610513042,1.2295978044530227,35,0.7698412698412699,cluster-1,4.960756052175875e-36,0.9999071690337927,9.283096618944215e-05,4.933152703689854e-19,5.347335194520731e-26,
free,127,0.06498897834223322,1.5896494005417452,-1.7286679725947343,-1.745656090682685,0.5986635703740157,1.3526468897932884,37,0.7222222222222222,cluster-4,9.445610481210912e-34,7.879418511787873e-09,7.168939230982577e-14,0.011997036823946833,0.9880029552965521,
free,127,4.228512880393542e-25,1.431145067875103,-2.1781361497293306,-2.184877394181791,1.7732421394408222,1.1891853459430668,16,0.7380952380952381,cluster-2,1.570803708208249e-98,7.021682299315396e-27,1.0,1.3329464987627652e-67,3.0261398808073284e-61,
free,127,9.02269349882808e-10,1.5956551951961817,-2.3836028331846704,-2.3920551533831875,0.45128961998646666,1.2972589097343699,31,0.7619047619047619,cluster-1,3.6022585469518483e-11,0.9999999999639613,1.2851116304683693e-25,5.632353139806622e-22,2.889453692287312e-19,
free,127,0.00014135023545830484,1.593750165401449,-2.482622281772884,-2.501014395913639,0.5112271046075296,1.2905062118212576,16,0.6746031746031746,cluster-3,6.417681257644812e-18,2.42022632104111e-16,6.354187181926454e-29,0.9999885827194599,1.1417280566796075e-05,
free,127,0.08069577816683368,1.6065795802662122,-2.35021011472687,-2.368355142282351,0.22361887533833658,1.2909468330846559,35,0.8492063492063492,cluster-3,4.573902872806571e-13,2.1864359252168435e-05,0.00479295804497253,0.9864504526162742,0.00873472497904021,
free,127,0.0028184943244985343,1.593795792915683,-2.079903910479208,-2.0866442970274726,0.5417807271161417,1.2939639174113817,25,0.7936507936507936,cluster-2,1.3114161384736885e-30,5.612203285697114e-05,0.9997071718766157,1.9358193919334193e-08,0.00023668673234959316,
free,127,0.14386557531353833,1.6035514234200505,-3.1003259373462106,-3.118594325953612,0.28559094526636297,1.2265831007759656,40,0.8174603174603174,cluster-3,0.0180079134324917,1.780299034343627e-11,1.7218187214933987e-16,0.9724561342429574,0.009535952306772545,
free,127,1.0483251140971559e-20,1.5533424057215646,-2.4072883185439222,-2.4140295629963826,0.904960812546137,1.2099716486237013,23,0.7142857142857143,cluster-2,1.2204644174417229e-50,2.0997808525786788e-22,1.0,1.9581494302624525e-47,3.734983585158457e-26,
free,127,0.00016042399395208113,1.6018942320888652,-2.3014206773652806,-2.3184888933650645,0.3848398764302412,1.2784891819180955,27,0.7142857142857143,cluster-4,5.942884755664252e-22,1.3029773203607404e-05,2.8628043962098827e-08,1.615472736997105e-08,0.9999869254440144,
free,127,4.087238963565986e-24,1.471410501780682,-2.7433450053057333,-2.7500862497581933,1.4703087994432824,1.1477356361502875,17,0.6984126984126984,cluster-2,8.026592536266332e-82,7.05753586363525e-26,1.0,3.4054267700253405e-64,1.4673763249242963e-53,
free,127,0.00038283634539700744,1.5451456244237536,-2.0748716339351625,-2.0816126635684062,0.9719370443989912,1.2632521059312938,21,0.7301587301587301,cluster-2,2.4683662117302656e-54,3.390338914196602e-05,0.9999660966108654,4.334283037058248e-39,3.385656036238496e-30,
free,108,0.20744278228652488,1.6017488874872794,-2.0102030436197915,-2.0288413388375965,0.30282903600622113,1.119591283633541,18,0.7102803738317757,cluster-4,5.922245785528843e-15,0.05306495017010162,5.196746991749615e-13,2.6782561113535407e-10,0.94693504956156,
free,127,4.3083045623169944e-13,1.5724485251563443,-1.6121905469518947,-1.6189317914043548,0.8670649490957183,1.33893080793051,31,0.7857142857142857,cluster-2,1.5020576406804114e-48,2.1524870457706158e-16,1.0,4.8275472669776154e-27,1.3239164854736282e-14,
free,127,4.816241963721699e-07,1.5997824030207122,-2.0163156103900097,-2.0462974288723763,0.44255870909202777,1.3314351906364654,41,0.7301587301587301,cluster-0,0.9999999746171969,4.6499870952302254e-09,3.8949126184395914e-25,2.0702244615478585e-08,3.0545858090028025e-11,
free,127,0.002299954621763697,1.5938140130570253,-1.838104248046875,-1.8551655487837015,0.4435489684578,1.3271672389635774,31,0.7857142857142857,cluster-4,3.4337780760964965e-25,2.3943473826159566e-11,0.0002471652307366142,1.7683011249062985e-23,0.9997528347453065,
free,127,0.0006619204716499281,1.6008025093991718,-2.0047982283464565,-2.013249942610605,0.34872052050012314,1.3162971194057271,36,0.7301587301587301,cluster-1,5.83651476907554e-20,0.9999380781271676,6.19218706054629e-05,5.90255259901616e-17,2.2409346426593816e-12,
free,127,0.0019479633992811672,1.6037901078670282,-1.7101267416646162,-1.7271904384695353,0.2700940229761317,1.3900777082660631,38,0.7857142857142857,cluster-4,1.2669725272498511e-15,0.0002052380767441025,4.157626151552724e-12,4.9063940637408654e-14,0.9997947619190556,
free,127,0.3559178223133724,1.6040380775883445,-2.041282593734621,-2.047795777022292,0.29490986020546295,1.326577911859098,33,0.8095238095238095,cluster-2,4.8040050880371615e-17,0.00017225973799272354,0.8860832497369912,0.1137444723820647,1.8142929727796218e-08,
free,127,9.372721667643345e-05,1.5798196229347121,-1.6598457877091535,-1.668298088536845,0.7827939010980562,1.3683893266384395,29,0.8174603174603174,cluster-1,6.678619853144289e-44,0.9999927051330012,1.9715531682917447e-08,1.004825322386623e-09,7.2741466358135635e-06,
free,127,0.23406487793034964,1.5922860812724449,-2.4723724605530264,-2.478701549192572,0.4297213817205958,1.2494609632411358,30,0.7698412698412699,cluster-2,1.864104151216314e-24,0.06260090718386199,0.937399090694836,2.2474411639280398e-24,2.1213103345063956e-09,
free,127,0.012873256538742734,1.6021216272445438,-2.196818434347318,-2.215207481839659,0.3647448922705463,1.3158722345281222,30,0.8412698412698413,cluster-3,0.001752317368088462,3.036305786868804e-09,4.325466971423407e-08,0.9982476363409294,7.613566590798997e-21,
free,127,0.657890503102448,1.5775532435902617,-1.890864334707185,-1.896700953051751,0.6442080520269442,1.327770403426365,21,0.7936507936507936,cluster-2,2.3046519589039346e-36,0.06939849160996872,0.7837140406124484,1.4457312228951616e-25,0.1468874677775877,
free,127,1.153766522376942e-21,1.4904380814244973,-2.038935623769685,-2.045676868222145,1.3573891947588583,1.2094051763147764,14,0.6587301587301587,cluster-2,1.3572413765698678e-75,2.2117348492128737e-23,1.0,1.3756375924598435e-58,7.957968287963133e-51,
free,127,0.14926634483057538,1.5968691697623787,-2.3705088698019194,-2.3873447251479143,0.45970574326402547,1.2345906540203169,30,0.753968253968254,cluster-4,4.2619180559245006e-26,7.280938919948512e-13,3.611301075376503e-07,0.034262617552685525,0.9657370213164951,
free,127,5.4796796980388554e-09,1.5852952261643307,-1.9101454366849164,-1.9285376571770547,0.5304096852700539,1.3324309260581235,31,0.7777777777777778,cluster-3,3.2656064225286256e-29,2.3655131441349936e-10,5.559581081044051e-30,0.9999999997634461,1.4066935613276257e-26,
free,127,0.00024430909149643126,1.5677639244741375,-1.6933568518931472,-1.7000980523207183,0.8381954403374139,1.3111724257376196,36,0.8095238095238095,cluster-2,5.874716055667336e-47,1.718337142331565e-08,0.9999792802580761,6.603518522958773e-29,2.0702558549582053e-05,
free,127,0.0022143263187579918,1.5979805579401078,-1.7225709449587845,-1.7396338988952411,0.46080293430118124,1.3696081552110275,31,0.746031746031746,cluster-4,3.8381977381333543e-26,0.00023675778866246008,5.8354405205673074e-08,8.926796421761822e-12,0.9997631838480125,
free,127,4.143958460305135e-15,1.5557316352274349,-1.7643910806010088,-1.771132325053469,1.0944362850639764,1.2857285091456445,37,0.6984126984126984,cluster-2,4.324439209838219e-61,1.128514880786063e-16,1.0,1.479430176741607e-26,3.5723190235690746e-25,
free,127,6.826821512003924e-14,1.5560846503359789,-1.9389984851747046,-1.9474508053732402,1.0662688007504921,1.2669870394325629,21,0.6904761904761905,cluster-1,1.5471008982361698e-59,1.0,2.0175680490557577e-15,1.6095914228573166e-27,1.3746992925025736e-27,
free,127,4.262615421000559e-14,1.529653116724773,-1.9701553705170398,-1.9768966149695,1.2607629730945495,1.2878701893766271,20,0.7936507936507936,cluster-2,2.898110365699138e-70,1.2419448975065976e-15,1.0,1.8817589899772347e-43,4.276629402841638e-26,
free,127,2.981850794439618e-06,1.603052774246949,-1.8271453136534204,-1.8455375324093484,0.35139645553949306,1.3525485848611374,37,0.8095238095238095,cluster-3,4.155163705561851e-20,3.967524572121639e-09,8.142651853205027e-12,0.999999820819868,1.7520446197074038e-07,
free,127,3.938391766387154e-08,1.5952831897667532,-1.841789185531496,-1.8502415057237087,0.5148178461029775,1.3095922265833158,33,0.7777777777777778,cluster-1,4.027320392994049e-29,0.9999999981656345,2.0802445305973813e-10,4.965162264819151e-18,1.6263323028627656e-09,
free,127,4.939063607821452e-07,1.5171681346111798,-2.3748937892162894,-2.381635033498996,1.2010397122600884,1.242397810435178,25,0.7698412698412699,cluster-2,5.7039433234342624e-67,2.679151267404098e-08,0.9999999732085033,2.0502246801383131e-44,4.4813390256985266e-41,
free,127,0.0004247011779571038,1.548111637849205,-2.1525206077755907,-2.1592616114881036,1.0238409568005657,1.2594568100512524,25,0.753968253968254,cluster-2,3.3855310998283616e-57,3.7994180842657814e-05,0.9999620058191562,1.5654676616836078e-31,7.927301173269118e-30,
free,127,1.0835153558057609e-08,1.499786801902389,-1.6747430516040231,-1.6814842960534255,1.252406683493787,1.2527420505298692,25,0.7857142857142857,cluster-2,8.37547427023597e-70,4.825950295043988e-10,0.9999999995173994,6.504408988597264e-64,1.0774801678181362e-26,
free,103,6.15034721661038e-09,1.594165484233712,-2.0541838118173543,-2.0768615982474325,0.4723949247193566,1.0574109745266385,21,0.7843137254901961,cluster-3,7.390495623690323e-22,1.1348817039604497e-10,1.453619271939177e-10,0.9999999997411635,1.1952798312961127e-20,
free,127,4.2605040272697764e-05,1.5314543132234686,-1.8790469432440329,-1.8857881679624982,1.1129951777420644,1.2726185408483297,25,0.7380952380952381,cluster-2,4.095484715118343e-62,3.11453337867415e-06,0.9999968854666192,3.2184503144326205e-38,5.142110321263445e-37,
free,127,0.1464813313072469,1.5944653739678334,-2.4224819874200296,-2.429007062567487,0.48695385549950787,1.290118778949775,40,0.8412698412698413,cluster-2,1.3399775419058282e-27,0.03343333624161477,0.9665666637201417,3.8250849370111247e-11,2.5989098671965015e-16,
free,127,0.011204231052516821,1.5896259844153813,-2.6021598755843995,-2.6106088656662005,0.5284618467796505,1.2642009922373338,34,0.8174603174603174,cluster-1,1.0422045245971092e-14,0.9985073930048577,7.10930526570412e-30,0.0014926069951412698,4.865947779157438e-23,
free,127,0.009836796566942049,1.6001077700636408,-2.0957531065452755,-2.1024862045127852,0.4137400229146162,1.3193923226380901,27,0.746031746031746,cluster-2,1.5116301801973918e-23,0.0012847387646127571,0.9987152553090286,5.0402594613526535e-09,8.86082020151603e-10,
free,127,0.6137508854758303,1.5930481539450876,-1.9564444474347933,-1.9669505559736824,0.5224568524698572,1.3302993990373917,35,0.8015873015873016,cluster-4,1.0632694378722584e-29,0.30343820711161706,8.78088079007444e-08,1.5291300252033988e-13,0.69656170507941,
free,127,6.090418743456758e-06,1.60020831299546,-2.183197982667938,-2.2015901924183074,0.385174848901944,1.319467363047767,32,0.753968253968254,cluster-3,5.695439967926176e-22,3.8628380114115535e-07,2.358710926004354e-16,0.999999613716188,1.577957203257235e-14,
free,127,0.3015282068635779,1.5887344054423012,-2.350497268316314,-2.356638642400281,0.6018695981483759,1.243444857648539,40,0.8095238095238095,cluster-2,5.792838854480333e-34,0.08956403371023461,0.910435955229116,1.2987186624026185e-14,1.1060612930897353e-08,
free,127,0.00020088644725925145,1.6013181834730577,-2.0421796182947833,-2.05063177563964,0.3941160187007875,1.3312447294079834,23,0.7380952380952381,cluster-1,1.8296431910572678e-22,0.9999832995488477,1.6625650909606973e-05,7.470299107109681e-08,9.725082617526462e-11,
free,127,5.534442043167466e-07,1.5706831618795007,-2.253672922690084,-2.283654741260496,0.7231596698911171,1.293913432541391,36,0.7380952380952381,cluster-0,0.9999999703170492,4.202185814809235e-36,1.299689791288577e-40,2.800547348065421e-09,2.6882421424994573e-08,
free,127,3.252040507506414e-08,1.5763368607233676,-2.0690103365680366,-2.077462656751632,0.7359176996186023,1.3023658492142918,31,0.746031746031746,cluster-1,2.5713754741001754e-41,0.9999999984732426,1.5267724113541456e-09,3.677839301661565e-24,1.4540163498560177e-28,
free,123,1.7513153345413633e-07,1.5669731586334255,-1.8284795497491109,-1.8372067420586222,0.8788424856294461,1.2569806465307019,24,0.7131147540983607,cluster-1,1.1318728264345171e-47,0.9999999910325243,8.967462440755313e-09,4.680574716081544e-26,1.65097228240687e-25,
free,127,7.08454283453237e-10,1.5216539520426073,-1.9988208680640993,-2.0055621125163823,1.2678686427319146,1.2604680689599523,23,0.6825396825396826,cluster-2,1.1754356943905882e-70,2.8003950199865334e-11,0.9999999999720046,2.3355146200793675e-45,1.7930243084127325e-31,
free,127,1.9739902354011274e-15,1.5914200051543195,-2.516288697250246,-2.546270517007942,0.5272305706354579,1.2769579120556274,29,0.7936507936507936,cluster-0,1.0,8.325060633291522e-30,5.2641219173008196e-17,1.8435617210124233e-20,1.0788420728292121e-25,
free,127,1.0289211666233843e-25,1.475009253975928,-2.2176201287217028,-2.224361373174163,1.5728581946665847,1.18405886905818,22,0.8253968253968254,cluster-2,1.771651863921871e-87,1.668763056222266e-27,1.0,5.302510176367454e-64,1.2843954351591927e-41,
free,127,2.780538013553242e-16,1.5413427919571243,-1.6249282716766118,-1.6333805918751472,1.197706447811577,1.3373228833371031,22,0.7698412698412699,cluster-1,8.710092044860143e-67,1.0,7.040247798695005e-18,5.4346495986485915e-37,1.5166645752020288e-26,
free,127,8.244933026435014e-10,1.5640862153129822,-2.104579174612451,-2.1130314948106657,1.0176348348302162,1.274590322932914,41,0.7936507936507936,cluster-1,7.446367109803905e-57,0.9999999999672013,3.279493378163433e-11,1.5058096788493643e-18,9.871993807420893e-18,
free,110,2.628783396218082e-07,1.5871046113115033,-1.757821377840909,-1.7775277634775777,0.6681182861328123,1.1656256611995044,19,0.8073394495412844,cluster-4,1.2089007642814005e-32,1.3198377112947827e-13,1.3762079481983156e-08,1.5117393694625157e-16,0.9999999862377821,
free,127,0.026503054459054112,1.6069083519177363,-2.1696801373339074,-2.1879607642184213,0.21145293468565463,1.3056130706714293,44,0.7777777777777778,cluster-3,2.1651453513380875e-12,0.003919019645841669,8.353019132713543e-05,0.9959971182023746,3.319582860865059e-07,
free,127,0.6115556068537167,1.5801419977356053,-2.3198256605253444,-2.3257324023423993,0.7231618325541338,1.2892982129133275,27,0.7222222222222222,cluster-2,9.205225575694005e-41,0.0012438499528650358,0.7084578183235039,3.6677330546176726e-13,0.2902983317232397,
free,127,8.538074623816338e-10,1.5704208098996693,-1.4573818417046014,-1.4641230861569896,0.8766311285063977,1.3576849209461295,19,0.7777777777777778,cluster-2,4.457179809691714e-49,4.762689966096022e-25,0.9999999999659792,8.891874969098789e-24,3.40098775536067e-11,
free,127,4.72038583508273e-10,1.550341765788595,-1.5870864748016118,-1.5938277192539556,1.0435813843734618,1.3100854731937932,22,0.7222222222222222,cluster-2,2.7596381835158832e-58,1.835171256863406e-11,0.9999999999816396,4.638268691663132e-35,8.763653098625717e-29,
free,127,0.0024560762909412066,1.58443238544793,-2.2840494471272144,-2.290789005607412,0.5037937915231301,1.269563994880196,19,0.746031746031746,cluster-2,5.8258689875326425e-28,0.0002660480925932098,0.9997339519073807,1.6328141472815092e-28,1.6785674127851113e-24,
free,127,4.7526079144201494e-12,1.5890802584526587,-2.453006774421752,-2.4700752978163845,0.6266248808132384,1.2985778020425847,39,0.7777777777777778,cluster-4,7.350682664584097e-22,1.7734536687787644e-16,2.743181536525513e-35,1.5513567809071385e-13,0.9999999999998295,
free,127,1.4362557410527835e-19,1.5333299049462326,-1.8397567628875493,-1.8464980073400095,1.164087250476747,1.2540277512567837,31,0.746031746031746,cluster-2,6.227345970371232e-65,3.0401788545048917e-21,1.0,1.1669511842481253e-48,5.254505194568923e-27,
free,127,0.0006386604554186982,1.522093956498701,-2.0560593492402806,-2.062800216516049,1.4123520738496556,1.2653440423980855,29,0.7698412698412699,cluster-2,1.2622102446706008e-78,5.952620323790507e-05,0.9999404737967574,1.035130822966441e-31,4.1970860667197964e-19,
free,127,0.0006291525891139151,1.5975875491833005,-2.265052615188238,-2.2735043624507623,0.42831036425012314,1.2917126432841146,35,0.8412698412698413,cluster-1,2.3787316384648192e-24,0.9999414502362266,5.854976376708162e-05,1.4632655442149833e-16,1.9289454578014872e-15,
free,127,2.218217109321175e-06,1.6052721909920784,-2.192763200895054,-2.2111554210303463,0.2501559520330954,1.3466713213868577,27,0.7936507936507936,cluster-3,1.1099690085901648e-07,1.5942210790077568e-14,1.0017533677520049e-13,0.9999998715214897,1.748151656432248e-08,
free,127,0.6884930399401427,1.5879831920505025,-2.1009088951771653,-2.1036451063807715,0.537390040600394,1.272593531382768,32,0.8015873015873016,cluster-2,1.2560944450633541e-30,0.4517418428548123,0.5482574115380611,6.455966480982857e-22,7.456071277551807e-07,
free,127,0.0005341181451318753,1.5830952092134658,-2.2882913904865894,-2.2950324293902544,0.5900273360605315,1.2784852938042273,38,0.753968253968254,cluster-2,2.862772755252731e-33,2.5747206788475855e-05,0.9999542619487851,1.6440699879032225e-27,1.9990844408772075e-05,
free,110,3.6394001383135475e-14,1.5653752603060105,-2.3150826194069603,-2.322865692547528,0.817740977894176,1.097078486830149,22,0.8256880733944955,cluster-2,7.478137307918258e-34,1.055360691401936e-15,1.0,3.675943895644307e-25,8.601152031184214e-40,
free,127,7.946477638475319e-08,1.530509844778675,-1.9348084457277313,-1.943260765888078,1.0552591639240896,1.2662615903396726,23,0.753968253968254,cluster-1,6.262670329638915e-59,0.9999999960973298,3.902678256351456e-09,2.1661083452702826e-41,4.709063579957483e-43,
free,127,2.3883965504989205e-06,1.558740564084098,-2.1073803038109005,-2.114121547360654,1.0473080131951282,1.2754844661977836,30,0.7777777777777778,cluster-2,1.71912867024988e-58,1.4247065601527587e-07,0.9999998575293704,2.9032804105197435e-23,5.578016622782263e-16,
free,127,2.6305183852575873e-08,1.6040792025284116,-2.1696049247201032,-2.178057244918014,0.277423768531619,1.3101679601160452,35,0.7936507936507936,cluster-1,1.2219013995263433e-09,0.9999999987778665,8.544196014841703e-15,1.9997779298919761e-13,4.995526855760476e-16,
free,127,1.0094854925757726e-09,1.593291804084835,-2.3650125818928394,-2.3717538263450435,0.45889258196973426,1.2732675948367222,37,0.7936507936507936,cluster-2,4.8023250461706066e-21,4.049386618496357e-11,0.9999999999595275,5.693413281422664e-25,4.893239250754932e-26,
free,127,0.3083073914083847,1.6003386974908973,-1.9488489346241389,-1.9572486732183103,0.36212662824495556,1.3294113355356214,31,0.7380952380952381,cluster-1,0.08824167302365207,0.9104524187034857,6.610648311571039e-13,0.0013059082721878835,9.683191294692268e-21,
free,127,2.656656901143787e-05,1.6017320973315783,-2.1879483921321357,-2.2063405479162124,0.3890488992525838,1.285426412597599,28,0.8015873015873016,cluster-3,3.482184995352213e-22,6.858836211232209e-10,1.8709040665671964e-06,0.9999981281956035,2.144441375439048e-10,
free,127,0.004312422614407281,1.6056085332317918,-2.292002039631521,-2.3219635152406743,0.2381776824710875,1.3203037955157846,34,0.753968253968254,cluster-0,0.9994984103889322,7.294523875736201e-14,5.1388701147342706e-11,1.171852294583652e-09,0.0005015883877383283,
free,127,2.623174934547574e-09,1.605324476990094,-2.4527708038570375,-2.482752623605322,0.2531123123769685,1.2890494307181355,40,0.8333333333333334,cluster-0,0.9999999998938165,1.095189743437988e-14,4.6408031263884036e-11,1.2170383017088876e-12,5.852934169322562e-11,
free,127,0.014023967530704196,1.5409217051254336,-1.9512659508412278,-1.9579949190957484,1.1011964092104454,1.2833517217646457,36,0.7222222222222222,cluster-2,1.829073519133407e-61,0.0019352629134888892,0.9980647370865079,9.382113852195109e-29,1.4950689145636415e-31,
free,127,0.3244234722960626,1.5971161471223358,-2.4297425277589815,-2.435811629508831,0.3667302169199065,1.3242500938889514,35,0.8174603174603174,cluster-2,5.33624425416307e-21,0.09970007545935854,0.9002999245141273,2.4372196156031842e-20,2.6535839032504384e-11,
free,127,0.0004958572338869633,1.5850090883526686,-2.238038070558563,-2.244779029588099,0.6018787293922245,1.2718953235059687,36,0.7698412698412699,cluster-2,5.229973402805609e-19,4.504597021011594e-05,0.9999549540297628,6.355048154297605e-34,9.730006868284305e-25,
free,127,0.6774997417154343,1.5597913923962317,-1.8526461143193282,-1.8558691909391878,0.8338804470272514,1.307051635485477,29,0.7857142857142857,cluster-2,5.977658319778019e-47,0.4117796711304809,0.5882203288695131,1.9567534771440365e-34,2.2131863830963786e-18,
free,127,0.023776367785886557,1.5490407769205479,-1.8298395111804873,-1.8365731232541078,0.9907957062007873,1.3383951096481073,20,0.6984126984126984,cluster-2,2.2423671872916848e-55,2.4636994821778212e-09,0.9964131090539811,1.0411070037453966e-35,0.0035868884823114944,
free,127,1.3233475025336513e-06,1.5642413986630472,-2.0910298505167324,-2.0977710948077806,0.9496022622416338,1.279196585737622,33,0.7698412698412699,cluster-2,4.210252187439392e-53,4.1794855469940145e-13,0.9999999239079245,2.032721280666881e-26,7.609167448304379e-08,
free,119,0.0005159497532039668,1.5379844225458534,-2.345222280806854,-2.352416399945905,1.0042024500229778,1.1740539326771446,28,0.7627118644067796,cluster-2,1.2640062290568353e-52,4.7058084928784744e-05,0.9999529419150824,2.786646781436176e-32,1.8194946342380008e-38,
free,127,1.3346628193524803e-15,1.5379514611650713,-1.7911468265563484,-1.7978880710088085,1.1679651455616387,1.2835977278457908,22,0.7936507936507936,cluster-2,3.805538700455594e-65,3.522965217071925e-17,1.0,3.73234485760543e-43,7.447649304479313e-26,
free,127,8.025840757678867e-06,1.6009325601096465,-2.29010970949188,-2.2985620246801224,0.40378888948695835,1.2633251846277476,47,0.8253968253968254,cluster-1,5.356269036818289e-23,0.999999483470239,5.106975454765804e-07,5.831319754685442e-09,8.810782872998429e-13,
free,127,0.017440151225384826,1.5999232469217741,-2.485780730960876,-2.515661707324447,0.4063980222687009,1.2862325040547624,38,0.8015873015873016,cluster-0,0.9975059070867148,1.830398651160573e-11,3.835926907145864e-23,7.765522142383078e-11,0.0024940928173526663,
free,127,2.425068025879567e-08,1.5351593791201648,-1.9953075018454725,-2.0020487462908214,1.2019453874723178,1.24768305760889,27,0.7063492063492064,cluster-2,5.08419658767857e-67,1.1223067855721752e-09,0.9999999988776835,5.1051977499505365e-40,1.6601743948604902e-17,
free,127,0.6857150663087356,1.6044179598930821,-2.027802474855438,-2.034679058904893,0.2612448865034449,1.3561839972667395,40,0.8492063492063492,cluster-1,2.196914080541884e-09,0.5608841166237545,1.1384577944216033e-09,0.439115880040858,2.1867902915137615e-15,
free,108,3.7659891128244164e-07,1.5750076505229438,-2.445927655255353,-2.4538548593295784,0.8150258947301796,1.0876647373843178,22,0.822429906542056,cluster-2,5.918138612064603e-39,6.24774240022618e-11,0.9999999799082959,8.420914740133513e-22,2.0029207797658937e-08,
free,127,0.18230377000287265,1.590311711840473,-1.9578135332723303,-1.975003414172472,0.5414956160417692,1.3323920691239075,34,0.8492063492063492,cluster-3,4.660708441166185e-19,0.044602127541695104,1.2995033430051765e-30,0.9553978724580036,2.973336540750806e-13,
free,127,0.581674717667741,1.5643059449181003,-2.5560372420183315,-2.560741555762511,0.7137030654066194,1.2650818252977705,26,0.8174603174603174,cluster-2,3.1600070913408976e-40,0.2684137385612587,0.7315862614387513,4.964451606248626e-33,2.4737187602526446e-28,
free,127,3.4450511227632397e-07,1.4673218722811712,-2.0451121893454722,-2.0535645093648474,1.5715175838921014,1.2255685841883386,26,0.746031746031746,cluster-1,2.1004884604066253e-87,0.9999999816906782,1.8309295561146453e-08,3.450340676575426e-58,2.3046295939388465e-43,
free,127,0.6695825240170747,1.6009586977131218,-2.250051183024729,-2.258825097748807,0.3585188257412648,1.3170373030187625,38,0.753968253968254,cluster-4,1.1174492871762037e-20,0.006369375958182153,0.32915848129086056,6.906038834569086e-10,0.6644721420603495,
free,127,0.6352749893466252,1.5887901098118138,-1.8661511038232037,-1.8733937440149093,0.5152371624323329,1.3305639115155312,39,0.8095238095238095,cluster-1,4.311082897834086e-21,0.6684441589684137,2.5524294986275344e-29,1.1499681553887481e-17,0.3315558410315821,
free,127,1.8517789202611783e-13,1.5645684511632187,-2.7354301392562745,-2.7438824594548104,0.7437703290323574,1.1937399184794428,23,0.746031746031746,cluster-1,3.3234486875729415e-32,1.0,5.644267388530868e-15,2.8316115177612937e-41,9.485289441596245e-42,
free,127,6.580591939470291e-09,1.529771157180611,-2.2498363584984005,-2.2582886786941336,0.9781996359036667,1.250175813808824,16,0.8015873015873016,cluster-1,1.1143165547828078e-54,0.999999999713566,2.8644338026802245e-10,1.3298605637307216e-49,9.329403445558399e-42,
free,127,0.1452550806629576,1.6022272416641725,-2.233378733236959,-2.24971017601774,0.3126297597810037,1.315658072361994,29,0.7777777777777778,cluster-4,5.527915104080722e-18,0.03163029578516343,2.5915505322579986e-13,0.0005809578952958266,0.9677887463192854,
free,127,0.0052985516246315655,1.5570519124785325,-1.8945954090028296,-1.9013326380233722,0.8615326168030268,1.301326217906197,23,0.7698412698412699,cluster-2,3.030744894384004e-48,0.0006334999456154368,0.9993665000543962,9.15418417221742e-28,1.2418233587507843e-34,
free,127,4.0931027981222525e-24,1.5156970967433585,-2.0290407195804625,-2.035781964032923,1.2793213851808565,1.2140358557675863,25,0.7380952380952381,cluster-2,2.7448479576918915e-71,1.74729582758552e-26,1.0,2.8051742187569373e-56,5.251441976327009e-26,
free,127,1.476286143621353e-09,1.6024798685633082,-2.25442336675689,-2.2628756869553945,0.327617735374631,1.2702649406766844,29,0.7698412698412699,cluster-1,6.01646860058949e-11,0.9999999999398028,4.3762178295577965e-15,9.361683727413947e-16,8.513595652859708e-19,
free,127,0.026640299271723622,1.5862043971089008,-2.2127995528574065,-2.2212116697339335,0.644122026098056,1.2859365797477624,30,0.7857142857142857,cluster-1,2.9607879070112092e-36,0.9958978213996155,0.004102178600340301,2.949210399712403e-14,1.4381296304503423e-16,
free,127,0.34815117470059864,1.6090696722530886,-1.944769911878691,-1.9529446206025156,0.07088007889394699,1.3500296552081879,23,0.7698412698412699,cluster-1,0.00025649635621650816,0.8974260204824852,0.003363502483902713,0.098843425366382,0.00011055531102482127,
free,127,1.1222058373296696e-09,1.6005197523716985,-2.0875652643639273,-2.0943065088162514,0.37521146038385833,1.3428440773692838,22,0.7698412698412699,cluster-2,2.0186550727174777e-21,1.0039810356188336e-11,0.9999999999557758,5.987321262953321e-19,3.418051967058231e-11,
free,127,0.00011959497650758289,1.5490243965502928,-2.116199403297244,-2.1229405874277845,1.0841242272084153,1.2553183763434945,19,0.7936507936507936,cluster-2,1.6021063044999426e-60,9.52031830548479e-06,0.9999904796816993,1.196147253323738e-30,2.597919109599568e-21,
free,127,0.3617979530015484,1.541464519218897,-2.0329452875092273,-2.0401925787757524,1.080872543214813,1.276715023785316,22,0.7301587301587301,cluster-1,2.1369111267571692e-60,0.8825576171569867,0.11744238284302691,3.6858670558807826e-35,3.533028848724181e-19,
free,127,0.0002230967213114969,1.584076915276147,-2.113909623754306,-2.12236189446029,0.605633833276944,1.3021375310686514,26,0.8174603174603174,cluster-1,3.9447183635451685e-34,0.9999812255636289,2.5494276328853713e-20,1.1074090537109007e-25,1.8774436387328983e-05,
free,127,1.6027411105903376e-25,1.5472437141028885,-1.7179877814345472,-1.7247290258870074,0.971007339597687,1.3067260576531616,20,0.7777777777777778,cluster-2,2.7778101258556714e-54,1.3660515303004737e-29,1.0,3.3881429654020654e-48,2.6034717705643964e-27,
free,127,4.0874039863670285e-26,1.5699505494583699,-2.2131736935593014,-2.2199149380117613,0.7950631689837597,1.2550741989286807,20,0.8015873015873016,cluster-2,1.4059618099199969e-44,6.52719682389104e-28,1.0,2.057846606925354e-31,2.1862992636461007e-32,
free,127,0.017184965913867593,1.6041539307035633,-2.1575958972840796,-2.164331930314901,0.25147709884042824,1.3186249516455064,31,0.8650793650793651,cluster-2,1.8081142469567021e-13,1.894759282453102e-11,0.9975484382374562,1.3446653577120286e-14,0.0024515617434213177,
free,127,2.8173189459418637e-13,1.5490962062798381,-2.2724244125246065,-2.2791656569770664,0.9944405142716533,1.238715809568674,29,0.7063492063492064,cluster-2,1.4165648231920015e-55,8.702086042018804e-15,1.0,6.467263875000026e-44,3.1358645598801407e-25,
free,127,0.008066203823578252,1.4757398237032295,-2.2652943528543306,-2.2720291111946014,1.538852000799705,1.2148766683244299,23,0.6984126984126984,cluster-2,1.32910426120919e-85,0.0010230517305477521,0.9989769482694599,1.6694626468182136e-48,4.2293601064411015e-43,
free,120,1.2084245385242795e-06,1.5930119041876878,-1.6939437866210938,-1.7028891586315573,0.575055185953776,1.2739152936607865,33,0.7983193277310925,cluster-1,1.073506514290245e-30,0.9999999312222793,1.0269520453502185e-09,7.888690288890127e-14,6.775069634725465e-08,
free,127,0.07927221456346795,1.5897473096695498,-2.05665023683563,-2.0733608514241233,0.600063053641732,1.3160361352498322,45,0.8333333333333334,cluster-4,7.880851188311169e-34,0.015329816809780997,6.5993060908433354e-12,8.853671694139831e-07,0.9846692978164521,
free,127,6.673419848983645e-11,1.5595723844531482,-1.9402643639271653,-1.9470056083796103,0.9612457996278296,1.2969556947681298,27,0.7698412698412699,cluster-2,9.596308266512076e-54,2.4033671308602718e-12,0.9999999999975842,6.659339110539482e-35,5.202140773800157e-16,
free,127,0.07942238462656824,1.599087176267426,-1.7622180848609743,-1.7705191326096903,0.43066646545890763,1.3260750286204577,27,0.7222222222222222,cluster-1,1.7365717749906243e-24,0.984631132132227,0.015368803648459967,5.723663399043422e-08,6.982691066845164e-09,
free,127,1.4389581486734596e-08,1.5922834968654702,-2.1875833826740894,-2.2046519060644,0.5197155569482041,1.2896803632224487,42,0.7936507936507936,cluster-4,2.1621259283604731e-29,1.1236804815981726e-19,1.2439271262385533e-22,6.495016921707137e-10,0.9999999993505071,
free,127,0.00021343367742475815,1.5598081612311199,-1.7140337125522884,-1.720774843660517,1.0175408791369338,1.3295656245004035,21,0.7936507936507936,cluster-2,7.53561736442156e-57,1.788848518508743e-05,0.999982111514826,9.531821030606856e-23,3.7427230992478245e-16,
free,127,1.3429548295027094e-07,1.606051399506129,-2.2942956639087106,-2.3126878842174547,0.22042990857221945,1.3073797007194878,26,0.7222222222222222,cluster-3,6.951850016583134e-13,5.960142818155613e-09,6.976008463543378e-10,0.9999999933402819,1.2521889496996344e-12,
free,127,6.893870990067857e-06,1.5738323675753456,-1.9107024425596704,-1.9191547584435422,0.8062929168460875,1.3258916781697239,36,0.7619047619047619,cluster-1,3.3774747143968936e-45,0.9999995590603539,4.4093457107143095e-07,3.918769301202009e-26,5.078618265822862e-12,
free,127,0.07223464938118025,1.607808327287458,-1.5938762754905882,-1.6118924025979389,0.1615133210429993,1.381646162196525,38,0.7936507936507936,cluster-3,1.2181389663590384e-09,0.01365156413866697,2.6072621005937567e-06,0.9863442890274597,1.538353635205515e-06,
free,127,0.5496570810814657,1.5912392058201512,-1.9552311934824065,-1.9610917280612008,0.5625024029589074,1.3250512538004453,32,0.7936507936507936,cluster-1,7.185744195264543e-32,0.7612307789347218,0.23876922088486927,1.7782024972936883e-10,2.5863391543646524e-12,
free,127,0.050470642441638895,1.582645585895613,-2.0011259063961,-2.009554824004155,0.7167306734820986,1.3148497448215022,30,0.7857142857142857,cluster-1,2.9146700636188648e-40,0.9911874998632207,7.451929654484391e-11,2.3394369686026945e-13,0.008812500062014662,
free,127,2.8416925972780834e-06,1.5912760132749337,-1.998289093257874,-2.0067414130046712,0.5266836571881153,1.3377322075208176,48,0.7777777777777778,cluster-1,4.932637562831826e-24,0.9999998286280776,8.923856137253184e-30,4.839386237936911e-11,1.7132352901673276e-07,
free,127,1.2959607770666365e-05,1.5356113212366074,-1.8316351222241019,-1.8400874339452655,1.3282760259673352,1.3019375440223602,32,0.7777777777777778,cluster-1,5.475265224524196e-74,0.9999991336572749,8.663427327803864e-07,3.679002653303117e-23,1.6405722431895753e-20,
free,127,0.0013508979395644104,1.5963105593402906,-2.6269920529343014,-2.633732432676311,0.3898483636811023,1.2565801340121727,21,0.7380952380952381,cluster-2,6.877818917657297e-19,0.00013646273533592717,0.9998635372646411,9.297327645568345e-20,3.1455645661198365e-22,
free,127,0.0010261974749416008,1.606227724099199,-2.0486130601777806,-2.0656808920328587,0.21418630044291342,1.3508890772384623,35,0.7936507936507936,cluster-4,1.5361220551197965e-12,1.0437752770615234e-11,1.1904458837264387e-06,9.866969722700447e-05,0.9999001398448925,
free,127,0.005882711909776865,1.566207512523703,-1.777050108421506,-1.7940977905435829,0.9048860805241139,1.3191537034425658,36,0.7857142857142857,cluster-4,1.2312238551116497e-50,4.998822732030085e-16,0.0007134896332836404,6.756249253167053e-24,0.9992865103667018,
free,127,0.0006207808484556751,1.599196054732471,-1.9001193309393454,-1.9171864975056778,0.42562842181348426,1.30798304937503,31,0.873015873015873,cluster-4,3.3440243219707604e-24,5.769135905851675e-05,8.60405991368261e-12,9.501825620105634e-14,0.9999423086322343,
free,127,0.0003475692213293096,1.6074285630978116,-2.1067682701771653,-2.123835925364436,0.19417590043676203,1.3194088189317785,35,0.7301587301587301,cluster-4,4.5275721398429775e-07,1.6968974716407072e-07,2.954501286817294e-05,1.9504624523914662e-11,0.9999698325206783,
free,127,0.02554638495935907,1.5691024489674037,-2.12343567375123,-2.1318497368306586,0.8225520577017718,1.283423590873468,23,0.7222222222222222,cluster-1,4.266916430686493e-46,0.9960961094563711,0.00390389054363802,1.2215584572353775e-18,1.484623550532548e-26,
free,127,0.05030723089033115,1.5448268355388861,-1.9039853313776451,-1.9106706646388671,1.053478691521592,1.297982170993415,32,0.7936507936507936,cluster-2,7.782751949564665e-59,0.008777913904723154,0.9912220860952734,1.1847922844561106e-35,8.983201691673871e-17,
free,127,0.6136234268138857,1.5847233575595818,-2.3627862404650593,-2.3671627822706327,0.617693803441806,1.2536029892521428,33,0.7857142857142857,cluster-2,5.941632749365046e-35,0.30328667304784224,0.6967133269520446,1.3104468931598237e-20,1.2423445383243177e-13,
free,127,5.9579396027169734e-15,1.513191939964994,-1.7333525409848671,-1.7400937854373273,1.2253920187161662,1.2808352800492497,25,0.6825396825396826,cluster-2,2.5882965241546736e-68,3.545191536524018e-27,1.0,1.7406205334252262e-59,1.639175742006497e-16,
free,127,8.16670134332128e-05,1.5430801924129325,-2.2043406569112944,-2.211081861486047,0.9662026232621801,1.293744684161589,26,0.7936507936507936,cluster-2,5.1133541260911653e-54,6.293718772399869e-06,0.9999937062812263,7.689449127966921e-46,6.051432757538186e-21,
free,127,3.4384804178492686e-05,1.6045904085778264,-1.9212574395607775,-1.9383259048344545,0.2637888990987942,1.3461362387143572,32,0.7777777777777778,cluster-4,2.8223891366409623e-15,2.471066730603929e-06,2.5285755375748617e-14,4.5030764193346013e-10,0.9999975284829208,
free,127,0.6370606120109216,1.5919315696960383,-1.6466865839920646,-1.6614878296958688,0.5447235107421873,1.3734320854014463,30,0.753968253968254,cluster-3,6.073143585453564e-31,0.0006751773204884039,1.8876825355800602e-10,0.6727539226167797,0.3265708998739775,
free,127,8.14304382988654e-05,1.5654230371990194,-1.909147848294476,-1.9176001071006132,0.9766164464274727,1.3005521401802431,30,0.7619047619047619,cluster-1,1.3624711205482673e-54,0.9999937260330249,6.273966843407733e-06,3.487376232043879e-17,1.3209778711406882e-13,
free,127,6.292028775736237e-10,1.470548101984694,-2.4634178341843014,-2.4701590786366046,1.6382614496186023,1.1817282440637096,18,0.7777777777777778,cluster-2,4.3755812182473873e-91,2.475113775112869e-11,0.9999999999752731,7.216236863325006e-60,4.5956472357775067e-35,
free,127,0.0634645325498083,1.594861076259635,-1.825182817113681,-1.8336049943231019,0.5119614488496556,1.3510406991057646,33,0.7698412698412699,cluster-1,0.00016472028994225953,0.988541962879893,5.722120804641809e-29,2.92780603643725e-07,0.011293024049573368,
free,127,4.447032416054705e-11,1.59281225345034,-2.127961166261688,-2.1364134864602224,0.5471273106852856,1.2863795499002006,36,0.753968253968254,cluster-1,1.3638087948047604e-12,0.9999999999984652,6.652345011281206e-31,4.944059441959111e-22,1.9388428311899425e-13,
free,127,1.0242082114646708e-08,1.600715557466009,-2.0770876426396407,-2.083828887089614,0.3904250738188977,1.3239773570997846,30,0.746031746031746,cluster-2,2.923810321991151e-22,3.7156869588687707e-10,0.9999999995543476,7.410100348123816e-11,5.525008109683455e-17,
free,127,4.681286975129263e-09,1.5797535987721414,-2.00533264640748,-2.012073890858669,0.6651253287247787,1.3449386834431163,20,0.7301587301587301,cluster-2,2.064177191505491e-37,2.0066049040344056e-10,0.9999999997993427,1.8121692957081736e-22,5.770669062089205e-31,
free,127,0.01913749285408283,1.5587976866397726,-2.161831833246186,-2.1702569214369936,0.9542808232344981,1.292300533140119,26,0.753968253968254,cluster-1,2.317667912423814e-53,0.9972199635286267,0.002780036471368311,1.464471531203781e-28,1.323759000413696e-17,
free,127,8.79726389465141e-05,1.5963128836063163,-1.7190203328770914,-1.7274725967801245,0.5056308536078988,1.3657574858333126,19,0.8015873015873016,cluster-1,1.2933782820851906e-28,0.9999934229442147,5.510121890228639e-06,1.0666222725730961e-06,3.1162275805352687e-10,
free,115,4.55683868185002e-08,1.4988171288677306,-1.9029745350713316,-1.9123088364844658,1.4323770274286685,1.148976789615319,16,0.7894736842105263,cluster-1,2.894373092161838e-72,0.9999999978244887,2.175517765389344e-09,1.783630075443555e-39,6.5101481527477024e-40,
free,127,1.8883909120623138e-19,1.5753251565503321,-2.5183196781188486,-2.526771998317384,0.7588409664124014,1.2221742503080864,30,0.7380952380952381,cluster-1,3.3357241255742975e-21,1.0,1.671548515553625e-33,6.468767341409351e-22,1.3990188526195386e-42,
free,127,2.0287458612964145e-22,1.5836403720058148,-1.9827734278881644,-1.9998419512827978,0.6385377898929625,1.31141182405715,32,0.7698412698412699,cluster-4,6.042174908854568e-36,3.602963089471349e-24,1.4360539698298558e-25,2.796614480165285e-27,1.0,
free,127,2.54205205590502e-07,1.5826812616142405,-2.2806533453032727,-2.2873945897205683,0.5797960176242616,1.289768725740504,32,0.7301587301587301,cluster-2,1.0498305020638487e-32,1.8027146288914231e-09,0.9999999870046851,4.0778191289319185e-32,1.1192589504569717e-08,
free,127,0.000304052568604004,1.5735802335620757,-2.1911883016270917,-2.199640364233165,0.7775895726962352,1.2879797450570962,25,0.7619047619047619,cluster-1,1.2933773988040758e-43,0.9999736696514859,2.6322123002107746e-05,9.829939713568925e-27,8.225525554371506e-09,
free,127,3.4673170998777044e-08,1.5641480168797273,-2.0211993840735727,-2.0296517042684696,0.7600604680579481,1.313519350246295,32,0.746031746031746,cluster-1,2.367352273144933e-42,0.9999999983670023,1.1982887061370897e-42,1.6329965710813706e-09,5.337599099008576e-19,
free,127,2.232898919002349e-10,1.582001060997718,-1.9627105232298843,-1.9694517676822911,0.6893931711752583,1.3041101658960077,26,0.6984126984126984,cluster-2,9.467698883094494e-39,8.426677663778474e-12,0.9999999999915872,9.607778046267909e-23,3.6361801864376426e-26,
free,127,9.631280031580685e-08,1.5523572098116676,-1.9456537201648623,-1.9523949646071852,1.0142747773898868,1.291918144598901,28,0.7619047619047619,cluster-2,1.1409582441505414e-56,8.747558747681129e-13,0.9999999952228507,4.785445921740296e-36,4.7762651827511015e-09,
free,127,7.441406303570123e-19,1.551798230882206,-1.9812459870586245,-1.9879872315110847,0.9993952953909324,1.274333717713318,32,0.8253968253968254,cluster-2,7.550114230530904e-56,1.6332802398169328e-20,1.0,7.175417168722954e-38,2.9620611464950223e-35,
free,127,0.30196099972492296,1.5792164990427562,-2.1559082992433565,-2.163450479241352,0.7552139402374505,1.2956583957365782,44,0.753968253968254,cluster-1,2.0185240464235024e-42,0.9102491540041893,0.08975084563505388,1.9150097996959582e-14,3.607152734469801e-10,
free,127,1.2632759187183844e-09,1.6043077476043823,-1.906138262410802,-1.9245304829081014,0.2792404054656743,1.2959756745261581,31,0.7777777777777778,cluster-3,3.966285417968631e-16,5.069931873358079e-11,2.796314370335426e-13,0.9999999999489546,7.616986012153611e-14,
free,127,0.0003812158998713337,1.539868750969963,-1.9275417778435655,-1.9342828084742267,1.1486389881043924,1.27179669085803,22,0.6825396825396826,cluster-2,4.4293848563993145e-64,3.3745977020863826e-05,0.999966254022987,4.2782951708806944e-34,9.929717662575285e-24,
free,127,7.098529279147907e-12,1.5926642468107597,-2.2429626945435532,-2.2514150147420886,0.5130069762703,1.2688266306461502,35,0.7698412698412699,cluster-1,2.363371882789097e-13,0.9999999999997726,5.360797485119243e-20,5.356289510736982e-24,5.068686497158423e-29,
free,127,2.1669772442505848e-13,1.578165118971551,-2.132817065621924,-2.1395583100743845,0.7120567982591046,1.3104059444051006,21,0.753968253968254,cluster-2,5.323816007457499e-40,6.6367853569592224e-15,1.0,7.731399256556712e-19,7.51127692222264e-33,
free,127,0.5767692912620553,1.5996341786874817,-2.2032768670029528,-2.211121827843711,0.3986318993756153,1.3156283356811382,21,0.7619047619047619,cluster-1,8.11917919371282e-23,0.7874331083925488,0.002467446827480023,0.1981063603857698,0.011993084394212868,
free,127,0.0944907647157808,1.5838657870943698,-2.547510342335138,-2.5557744564097424,0.5821874423289861,1.2458989563173026,34,0.7380952380952381,cluster-1,7.60057979969478e-33,0.980906279943505,0.019093720056504067,5.036574936595694e-24,2.358043939631972e-20,
free,127,0.3628002036412378,1.5738116065377767,-2.041102612112451,-2.0470392110531703,0.7424328421044537,1.2980832882885918,35,0.7380952380952381,cluster-2,9.915586039940771e-42,0.11793990630985685,0.8820600936901447,4.4083836256172563e-26,3.424140621855532e-16,
free,127,4.081384437517952e-11,1.5408640570708743,-1.6851467823419046,-1.6918880267943555,1.1519518274021898,1.2835789910715576,21,0.7380952380952381,cluster-2,2.9082859049660613e-64,1.443836005697993e-12,0.9999999999985505,1.8388329549819245e-37,5.112807686238127e-29,
free,127,0.024058082184130174,1.600263481226562,-2.265529602531373,-2.2825738683824968,0.36447239673043796,1.3092646083479516,38,0.8253968253968254,cluster-4,1.3304442895099863e-10,9.835423758489766e-16,7.866780651218477e-21,0.003637025099196285,0.9963629747677599,
free,127,7.043209324147814e-05,1.5476383826076048,-2.1563117560439222,-2.1647640237771806,0.9063833642193653,1.2626472306271432,19,0.6984126984126984,cluster-1,1.0187353775681915e-50,0.9999946383340936,5.3616658919654785e-06,2.3399425211406923e-38,2.8256702643961576e-35,
free,127,5.912149171148032e-28,1.5566078193811177,-2.0634977085383857,-2.070238952990846,0.8562905619463583,1.2902652466453817,15,0.7857142857142857,cluster-2,3.1697378169889327e-44,8.490637405069513e-33,1.0,5.901361556209134e-48,8.827970125039239e-30,
free,127,0.004578042391918949,1.5838768172419972,-2.151227815883366,-2.157965658584664,0.7095360943651574,1.3270286500266129,30,0.8492063492063492,cluster-2,7.3285881034642895e-40,0.0005367128400533593,0.9994632871404088,1.295942100116986e-12,1.8253356940907843e-11,
free,127,0.018716642390815115,1.5888344387689401,-1.8774797334445743,-1.885924858416137,0.550381037193959,1.3278958898900421,35,0.7936507936507936,cluster-1,4.388749512317731e-31,0.9973018248325017,9.282704842653058e-06,3.0258290094797517e-21,0.002688892462658505,
free,127,0.0077198544333143704,1.557570810722286,-1.975389375461368,-1.983832171891113,0.8860906165415847,1.2992121656691464,30,0.8015873015873016,cluster-1,1.3393546073935436e-49,0.9990270793328679,0.000972920667126194,3.2507773512541315e-36,3.582279428553334e-17,
free,127,1.1285791591049213e-13,1.5905372878280308,-2.1608480618694634,-2.1693003820679992,0.5663449745478593,1.2920709844588887,34,0.8412698412698413,cluster-1,3.3773473845003446e-15,1.0,4.412706255816954e-25,8.106119906225613e-18,5.794511684267729e-32,
free,127,2.9343785336119243e-06,1.582605034734518,-1.999558336152805,-2.008010654615867,0.6376722440944884,1.3026354780281593,32,0.7857142857142857,cluster-1,6.744235705096606e-36,0.9999998226437172,1.7735629566461292e-07,3.5525672545252084e-28,1.4529034987973463e-18,
free,127,2.2155749387246333e-14,1.5469257205519087,-1.7808506282295768,-1.787591872682037,1.0361933670644685,1.2809402964027914,27,0.7698412698412699,cluster-2,7.052469057739915e-58,2.664444169148802e-23,1.0,5.478654656897816e-44,6.330953415479942e-16,
free,127,7.10017787147994e-11,1.5897984337840745,-1.9394962581123893,-1.9479485783109185,0.6469220739649977,1.324950640870206,35,0.7619047619047619,cluster-1,2.083314123314099e-36,0.9999999999974989,3.3456889120541066e-14,1.3418251768778743e-12,1.1185396197559104e-12,
free,127,1.7536395345167616e-14,1.594795564210358,-1.8740306463767225,-1.8807718908291826,0.48754954901267245,1.3252422522989193,28,0.7857142857142857,cluster-2,1.2853162361354204e-27,4.975595598093893e-16,1.0,9.597636029852e-22,8.969978295268678e-20,
free,127,0.7059031616941576,1.583306971235737,-2.4367615707277315,-2.440022609180621,0.636891282449557,1.264079635000392,27,0.7301587301587301,cluster-2,4.389088127068034e-36,0.4052461146865855,0.5893417828674977,4.4755253936405886e-18,0.0054121024459042235,
free,127,6.875899688791356e-18,1.4933433976318902,-2.472253033495325,-2.478994277947785,1.3502706692913384,1.1974511330014568,29,0.7222222222222222,cluster-2,3.3518317067862664e-75,1.588468479091792e-19,1.0,1.5549685511320246e-61,1.9093164386309033e-42,
free,127,0.004466447062874645,1.6082455153321265,-2.1452076829324556,-2.1622641411429546,0.1462279792845722,1.316634244383626,35,0.746031746031746,cluster-4,1.2933365471894418e-06,0.0003617500042456542,0.00012174559758677616,8.600562023677414e-09,0.999515202461072,
free,127,0.2321709350176254,1.5752795859672073,-1.9483334999384843,-1.9546673651418025,0.7617170679287648,1.3355716729567224,32,0.7142857142857143,cluster-2,9.108334761696679e-43,0.06190256230365519,0.9380974261134857,2.5382415873786288e-22,1.1582849355165878e-08,
free,127,0.2925475695095746,1.557179078508567,-2.2264409102792815,-2.2326093690363136,1.0255018819974162,1.2402529590803675,30,0.7936507936507936,cluster-2,2.5067348766628306e-57,0.08573080482535188,0.9142691951746164,7.460719396637089e-21,5.979389853449455e-15,
free,127,0.6605039601163477,1.5492452750644525,-1.9563186525359868,-1.9604136757581634,1.1311435248908095,1.287742744161032,29,0.6904761904761905,cluster-1,2.5623216888452565e-63,0.6270559923833781,0.37294400761662005,6.575348657906698e-17,1.1808754512905102e-17,
free,127,1.2828864530009368e-09,1.5949342981123602,-1.8369734155850148,-1.8540419389784257,0.47976252037709166,1.3211084551674666,27,0.7619047619047619,cluster-4,3.455466337883202e-27,5.192696720479156e-11,4.018649659224991e-14,4.568895962107328e-23,0.9999999999480451,
free,127,0.6485424694251425,1.5706471076481816,-1.7396321934977854,-1.744025807321138,0.8784158060869831,1.319404586644712,35,0.8412698412698413,cluster-1,2.3032962679717866e-49,0.6482227272903035,0.35177711533850275,8.957418600416558e-08,6.779700239483099e-08,
free,120,0.006019172499508828,1.5646017367978207,-1.8305953979492187,-1.8395331837048408,0.7568517049153645,1.2161089161382335,29,0.7478991596638656,cluster-1,3.598317955547342e-40,0.9992676400922433,0.000732359907745049,4.328705323945082e-27,1.9762351290468634e-31,
free,127,1.2751074259971458e-12,1.6018166701532555,-2.3437524029589074,-2.3522047231574432,0.3295425054595227,1.2946629343065388,31,0.7222222222222222,cluster-1,6.667323956677165e-19,0.9999999999999432,1.2658797837977436e-15,3.303666811775299e-17,3.797704739510066e-14,
free,127,1.824753234778146e-05,1.547006859596943,-2.0128301184947097,-2.0212824264566005,1.1173472967673472,1.2711668709726114,36,0.8174603174603174,cluster-1,2.356477279384118e-62,0.9999987494795309,1.2505204748753044e-06,1.0035833347732516e-30,4.731490078751514e-22,
free,127,2.0575233857055913e-20,1.560632140964135,-1.808342520646223,-1.8167948408447583,0.9685576431394562,1.3071545095341512,27,0.7936507936507936,cluster-1,3.791547863472705e-54,1.0,3.2202549931673625e-22,9.141544294874792e-23,1.8990738430724673e-35,
free,127,7.115150133457137e-11,1.6020886017222538,-2.5403132401113435,-2.547054484563799,0.33683428426427175,1.2474375202832668,29,0.7619047619047619,cluster-2,1.7598615393693886e-15,2.6410132895634346e-19,0.999999999997442,2.56744377632704e-12,3.8093373034292915e-16,
free,127,7.8223409636187e-11,1.5492754802606972,-2.2470114400067667,-2.253752684459209,1.00352393923782,1.2705929070819395,24,0.7142857142857143,cluster-2,4.469269285514709e-56,2.8350579437725706e-12,0.9999999999971578,2.1753468076924466e-36,2.062834289674446e-34,
free,127,0.001828180785818063,1.6064641508815305,-1.4915326936977116,-1.5099231330255796,0.21636362150898125,1.4051106140602831,28,0.7777777777777778,cluster-3,9.510149152117494e-10,5.365878513427816e-09,1.1649171695530821e-12,0.999808819383357,0.00019117429859502748,
free,127,0.026298690022659305,1.5921006287392832,-2.474190779558317,-2.4809063638222955,0.5669949749323324,1.2906646880959314,35,0.7857142857142857,cluster-2,5.313830294991573e-32,0.004040064842180736,0.9959599350792727,1.766313508117219e-11,6.089497154583335e-11,
free,127,7.574152256500028e-15,1.5877412568901077,-1.9165901724747785,-1.9349823929734988,0.6568858229269192,1.3136060074462388,30,0.7698412698412699,cluster-3,5.8776024317811515e-37,3.7400297783764854e-19,2.0934049600826307e-16,1.0,1.2067886777423996e-20,
free,127,7.046030782329523e-06,1.561916667750706,-1.8520368440883366,-1.8587780856810043,0.9671664500799704,1.32869219905042,21,0.753968253968254,cluster-2,4.5242662539140987e-54,4.5134970420050727e-07,0.9999995486502821,2.263847362058669e-15,1.5882674041585645e-27,
free,127,2.8331899134143613e-06,1.6059510862856605,-2.266492948757382,-2.2848851638263272,0.22998599555548704,1.319857619250101,33,0.8333333333333334,cluster-3,2.0655253656671375e-13,4.0585007647025606e-08,1.2436754549077736e-07,0.9999998350460965,1.1465509428167893e-12,
free,127,4.041685526000871e-12,1.5772417042505078,-2.4007698119156005,-2.4092221321141345,0.7125830462598426,1.2516455110332367,34,0.7777777777777778,cluster-1,4.9796362428369724e-40,0.9999999999998863,1.3246395551881107e-13,2.8661709820240495e-18,1.3702866929386316e-33,
free,127,0.5430830631006185,1.5696386083518505,-1.669819388802596,-1.6757477030170123,0.8821688674566313,1.3438595106024458,32,0.753968253968254,cluster-1,1.6916901967203842e-49,0.7668260897778574,0.23317391022195497,1.93483839569582e-13,3.3718121850414967e-15,
free,127,0.005327882510813532,1.6069110112646285,-1.7081535519577387,-1.7265398322345409,0.19034161905604097,1.3521397793757,25,0.7698412698412699,cluster-3,3.172160006001711e-11,1.3119736399634653e-09,1.827836993208342e-08,0.9993625461971349,0.0006374341808018518,
free,127,3.249588306004678e-11,1.5874974226738634,-2.035227137287771,-2.043679457486295,0.5686782476470227,1.2935030940462353,30,0.8333333333333334,cluster-1,4.2735949851856844e-19,0.9999999999988631,1.1403398040378382e-12,4.308481512002338e-32,5.104856319676155e-29,
free,127,2.2668300700167235e-10,1.5890277249557745,-1.9181614673043799,-1.9266137875028955,0.6590535321573572,1.2961244959827976,26,0.7619047619047619,cluster-1,4.4631279611306715e-37,0.9999999999914735,1.116309692893002e-13,8.404975486302239e-12,1.514453771825214e-14,
free,127,2.42588639710857e-12,1.5452522010128482,-2.3436065433532236,-2.350347787805683,0.8876705620232528,1.2486831697254561,19,0.8253968253968254,cluster-2,1.0969221140778168e-49,7.85086467149571e-14,0.9999999999999432,1.9742041327916582e-43,2.18030819297748e-42,
free,127,0.010049341436151703,1.5887399818835912,-1.5659549743171752,-1.5743944033785928,0.5682519627368354,1.3660747578684949,25,0.7698412698412699,cluster-1,4.5421755391556336e-32,0.9986832503684797,0.0013167496312942674,1.7220334563479997e-21,2.3201953496837157e-13,
free,127,2.11374177854101e-08,1.5698222831002113,-2.3032733586829477,-2.310014603129251,0.8849345530111958,1.2364409036251556,29,0.8412698412698413,cluster-2,1.5526782193579418e-49,9.717499395596808e-10,0.9999999990282618,4.403947136462545e-24,5.500219213467171e-23,
free,127,8.841990330670817e-05,1.5551196835657064,-1.4807351179948942,-1.4978034408956635,1.015259149506336,1.32241034387526,29,0.753968253968254,cluster-4,1.0068698505885698e-56,7.981800035630965e-16,6.859653268635079e-06,9.389408672700614e-31,0.9999931403467258,
free,127,0.01073899696486946,1.6053945819763893,-2.257862962137057,-2.2663013695255123,0.2452392578125,1.3059249226735248,37,0.753968253968254,cluster-1,2.972440698049894e-14,0.9985788502522503,0.0014210143679815835,1.5312806915443305e-11,1.3536439785477076e-07,
free,127,1.4938521219756521e-13,1.5922968596761533,-1.6842379832830954,-1.7013065066777289,0.5929274671659694,1.3444928199366064,23,0.7936507936507936,cluster-4,1.980837507233417e-33,1.0550547687528417e-15,1.1068225290454433e-16,3.265903759577813e-15,1.0,
free,127,0.16646166178037025,1.5975752746864351,-1.9558328943928396,-1.9638924006269927,0.38976281834399606,1.3423940240804373,31,0.8095238095238095,cluster-1,3.054625465959803e-22,0.9604655845883616,0.039534415411633425,3.377279495255396e-16,1.2418589780053753e-15,
free,127,5.541780576040542e-20,1.539419141186404,-2.312931090828002,-2.3196723352804622,1.0469615065206694,1.2336148746734938,25,0.746031746031746,cluster-2,1.796470785479475e-58,1.1493879460026323e-21,1.0,2.0328775542678306e-40,2.0214595001243583e-44,
free,127,4.479803340991485e-09,1.5808866611487433,-1.977970153328002,-1.9864224735257887,0.7597485639917567,1.3157673262770244,30,0.8253968253968254,cluster-1,1.2467077523044323e-42,0.9999999998124167,3.55334405616296e-11,6.417622325850278e-21,1.5204538696450768e-10,
free,127,4.627079693155046e-09,1.6043164174240814,-2.247122697004183,-2.253863941455409,0.2783294437438486,1.3046209356937575,28,0.746031746031746,cluster-2,1.1820882884481728e-14,1.9343320296225755e-10,0.9999999998026396,4.452751110524285e-16,3.9208624528101665e-12,
free,127,0.00020364815162101206,1.5939490907801006,-1.954462006336122,-1.962914160569576,0.5517220084122785,1.320160801716114,37,0.746031746031746,cluster-1,3.7114618764881575e-31,0.9999830214845916,1.695407516667531e-05,1.395819441895988e-10,2.4300659671631278e-08,
free,127,0.0015986499745538018,1.5951728534115772,-1.711554579847441,-1.7200053828343245,0.5168488269715799,1.3518590615649064,28,0.8174603174603174,cluster-1,3.1111913424338304e-29,0.9998390626610121,0.0001528669212764358,1.0676114530822613e-10,8.070310964219873e-06,
free,127,9.219643853914363e-05,1.5706080424712383,-1.996359397107222,-2.0031005960797326,0.8496359276959276,1.2602000459361915,26,0.7619047619047619,cluster-2,1.3740043715525134e-47,7.177891660804315e-06,0.9999928221083505,5.0045331214308195e-23,1.0248877759150659e-21,
free,127,0.6873911891211965,1.6036130775431954,-2.0784801573265255,-2.085050730490625,0.2806199441744588,1.3176326228234991,43,0.7777777777777778,cluster-1,1.8428653560346594e-16,0.5536032751048362,1.4711204596850737e-11,1.0379589342402224e-07,0.44639662108454664,
free,127,0.676715624609022,1.5867214244053414,-1.5975252887395424,-1.6010819110272778,0.6225790189007137,1.3676230305343273,27,0.8333333333333334,cluster-1,2.7073599569197356e-35,0.5903918086823858,0.40960819131731685,1.1091579058728392e-14,2.8844876404349624e-13,
free,127,3.8200210466636543e-10,1.6026662222491082,-2.5928863765686514,-2.6013386967671543,0.30779284379613703,1.2919273427332012,27,0.7619047619047619,cluster-1,4.946796176823329e-14,0.9999999999852776,2.8813335394423874e-17,1.466232633603952e-11,1.055754227171035e-17,
free,127,7.569644927065347e-07,1.5562673611333957,-2.1153723048412894,-2.1221135490270484,0.8749841404712106,1.2749540866126103,24,0.7222222222222222,cluster-2,5.494148818537567e-49,4.209240654651255e-08,0.9999999579076198,3.64516930590923e-39,6.919809061466471e-28,
free,127,7.707664306999388e-24,1.576536952934276,-2.225703201894685,-2.2341555220932205,0.7314794345164861,1.2634924530653355,35,0.7380952380952381,cluster-1,4.518141014024087e-41,1.0,3.259014040615151e-27,1.310578167788973e-25,7.929564276288131e-31,
free,127,1.4454845041672055e-08,1.5950157587848963,-2.781253844734252,-2.787995089185542,0.4500511349655514,1.2289372252263338,27,0.753968253968254,cluster-2,2.4263822501522743e-24,1.504007456919567e-25,0.9999999993474376,6.525812588357515e-10,4.018540304036642e-15,
free,127,0.0014422568875346541,1.5737776366158356,-1.8798013521930363,-1.886541666623606,0.7627659594918799,1.3159388338832074,29,0.8015873015873016,cluster-2,8.497188659956928e-43,0.0001467684550494225,0.9998532303968639,1.8777409493649734e-27,1.1480870056454572e-09,
free,127,0.06001248466505934,1.536359437794664,-1.5577176311823326,-1.566063034437874,1.2220495028758613,1.3491982359296875,37,0.7936507936507936,cluster-1,3.913995257949658e-68,0.9891188319386487,0.010881168061340245,1.3295085552015247e-29,9.092760870750053e-20,
free,127,0.00014264076816907287,1.539386712182198,-2.427273727777436,-2.4340148991696715,1.0830513060562255,1.2318399002550993,23,0.7301587301587301,cluster-2,1.835979597577137e-60,1.1530729808098802e-05,0.9999884692701652,3.6643110908827584e-39,1.0998091646418032e-26,
free,127,3.613321150979512e-13,1.5156800124795373,-1.553898848886565,-1.5606400933390252,1.3219371405173475,1.2804759189013026,16,0.7063492063492064,cluster-2,1.2246988081434888e-73,1.1250000710271655e-14,1.0,3.60735840679047e-42,1.026512398075428e-41,
free,127,4.7043617337277664e-21,1.5395773768079442,-2.173507570281742,-2.1802488147342025,1.1200638418122537,1.2084561402335312,21,0.7936507936507936,cluster-2,1.668905221507885e-62,9.272901217122995e-23,1.0,6.317277962523984e-45,3.990887412168347e-31,
free,127,0.37231000541167214,1.5724437495785457,-2.170399583230807,-2.17758984394878,0.6874211829478347,1.254229981349651,28,0.7222222222222222,cluster-1,1.0669605463339321e-38,0.8772797923537984,0.12272020764622911,4.668342285973803e-31,1.252015741497268e-19,
free,127,4.405795627021937e-17,1.5957670998536984,-1.7568046990342028,-1.7738732224288363,0.4622238039031741,1.318838822807273,28,0.7777777777777778,cluster-4,3.2052475373797733e-26,2.7064588117419392e-20,5.593945040659853e-20,9.731143053138826e-19,1.0,
free,127,4.300307715170332e-06,1.5854127547398813,-1.887883223886565,-1.896335541477619,0.5709528885488433,1.310240989047346,37,0.7222222222222222,cluster-1,3.2274936092230165e-32,0.9999997335290871,2.6647091007156327e-07,1.5679923195423385e-27,2.0256896724458726e-21,
free,127,8.973513522755396e-27,1.536150830727164,-2.521610049750861,-2.5283512942033215,1.1014296163724167,1.2224416275156735,24,0.6825396825396826,cluster-2,1.7791387401131337e-61,1.3991248853763177e-28,1.0,3.4864253077813337e-48,1.4391678099799298e-34,
free,127,1.8414971420170304e-05,1.60669719803118,-2.093226635549951,-2.1232084016250004,0.22471102016178612,1.3147777430185479,26,0.7380952380952381,cluster-0,0.9999987475209081,3.8590897226306645e-09,2.2997234267661785e-08,4.0362070254899573e-13,1.2256223534383902e-06,
free,127,9.975895673940453e-12,1.5518978516607627,-1.9311891090212845,-1.937930353473744,1.1546931229238433,1.2802044387611469,34,0.6984126984126984,cluster-2,2.0532406303276994e-64,1.3598280991887849e-14,0.9999999999996589,2.5681810392455765e-25,3.1978798548295874e-13,
free,127,2.204679141135385e-12,1.5587308539718525,-2.254173459030512,-2.2609147034829715,0.9875060554564468,1.2367524935673169,32,0.7936507936507936,cluster-2,3.4175060902902724e-55,7.093963991520424e-14,0.9999999999999432,4.934457664848926e-34,5.53929938264285e-23,
free,127,3.3661633132905643e-12,1.569207006341587,-2.0977730338029037,-2.104514278255363,0.8672725647453245,1.249394555221447,32,0.8015873015873016,cluster-2,1.4629701829298803e-48,1.4299668509567825e-14,0.9999999999998863,2.480873666965791e-31,9.320856599935779e-14,
free,127,0.03461643614263654,1.6007914615859515,-2.117715189776083,-2.1244208375896902,0.3526322973056102,1.299585755635052,33,0.8015873015873016,cluster-2,3.5317203353868615e-20,0.00559926803827765,0.994400731960677,1.0094532006663329e-12,3.805827065338664e-14,
free,102,3.444725030109838e-08,1.604120252070748,-1.9687392290900736,-1.9792631963922178,0.2953908583697149,1.0830304972768132,31,0.8217821782178217,cluster-1,2.4733689111626074e-10,0.9999999984249826,8.217974328400773e-14,1.2614584113255938e-09,6.613043135570569e-11,
free,127,0.04292465079971371,1.6012597970145719,-2.0206579974317176,-2.037516065186242,0.3847194881889764,1.3060424894349532,25,0.7777777777777778,cluster-4,5.990805171490771e-22,5.914576436206566e-07,0.007244162481329949,9.81661172229525e-08,0.9927551478949075,
free,127,0.03160565575858097,1.6071630254075404,-2.1090657391886074,-2.1272853916460917,0.17700820081815927,1.3676285026899717,32,0.8015873015873016,cluster-3,1.7173379481287557e-10,2.0983482747221783e-09,0.005019923023590911,0.9949786108208143,1.4638854896509303e-06,
free,127,1.0493259398809408e-13,1.5113737999287582,-1.9759134607990896,-1.9826547052515497,1.3789555106576035,1.2539705999996582,27,0.7380952380952381,cluster-2,8.773206026495274e-77,3.142274966484416e-15,1.0,1.480134656370034e-50,6.141847076769497e-28,
free,127,0.012731647535702873,1.599605063506097,-2.019706425704355,-2.0281418049165305,0.3890794168307088,1.3300840659278341,39,0.7936507936507936,cluster-1,3.46272019057826e-22,0.998269852503067,0.001730144670423849,2.8264996514784356e-09,1.138795100834701e-15,
free,127,1.086293152344483e-08,1.5726006357246554,-1.9923623152605192,-1.9991035597099134,0.8344571571650465,1.3287601834590923,26,0.7222222222222222,cluster-2,9.444574128146439e-47,4.838854193509621e-10,0.9999999995161204,7.002766833171712e-28,3.2945334137618474e-15,
free,127,3.358888041224336e-08,1.5984778395132635,-1.6754825622078002,-1.6938747827036664,0.4341096652774359,1.356166471973135,32,0.7857142857142857,cluster-3,1.5794493287337417e-09,2.242197601499872e-16,1.1389590600393844e-24,0.9999999984205488,4.17469705570815e-17,
free,127,1.5648350656810787e-12,1.5870114196095155,-1.8601952500230685,-1.8785874705217873,0.6714365801473301,1.2989672113303277,18,0.8174603174603174,cluster-3,9.260776079826869e-38,3.2793757819668357e-14,1.540017405922543e-14,0.9999999999999432,3.0817000558175486e-21,
free,127,0.03988052258757028,1.583548364731414,-2.0414825199157236,-2.04818253132049,0.7012605441836857,1.3078250769448636,28,0.7301587301587301,cluster-2,2.083747188791112e-39,0.006452782548237424,0.993459771537708,2.365560856991213e-07,8.72093579820514e-05,
free,127,8.68517359765633e-08,1.5621777686825697,-1.8780838373139148,-1.884825081739224,0.9425470547413264,1.2944802161667657,29,0.7777777777777778,cluster-2,1.031432774928744e-52,4.285141827252831e-09,0.9999999957148589,2.1947484617787956e-31,3.674781127263352e-17,
free,127,5.931935143409486e-06,1.5756385932345531,-2.0528694212906005,-2.0699379337426285,0.834004319558932,1.2758378414814804,37,0.7301587301587301,cluster-4,1.0003653853630694e-46,3.969943082765999e-18,3.7417065683330574e-07,9.449036802827849e-10,0.9999996248844376,
free,127,0.0008526841963418098,1.5554145819860081,-2.547559843288632,-2.554300568717607,0.7868224617064468,1.2261829248810237,38,0.8015873015873016,cluster-2,4.0036623920540857e-44,8.19114351236266e-05,0.9999180885648946,3.9080314088021004e-33,1.018523730326006e-38,
free,127,5.309406409115195e-15,1.5084920931407313,-2.4382557305764028,-2.4449969750288627,1.5615296851931593,1.2063225483461077,35,0.7936507936507936,cluster-2,7.468043652613263e-87,1.4560011844868565e-16,1.0,1.7342605002718697e-41,1.6568667690103197e-23,
free,127,5.187525367764767e-05,1.5677513133424659,-2.022806242695005,-2.029547478962195,0.9276961679533708,1.288152000323659,38,0.8174603174603174,cluster-2,6.800578326166233e-52,4.842438818823036e-09,0.9999961509264675,1.017141476086149e-19,3.844231078651597e-06,
free,127,2.841309480437322e-06,1.5369439419249784,-2.272702434870202,-2.2811547533917844,1.149219422828494,1.2852412302299514,24,0.7063492063492064,cluster-1,4.114754123320103e-64,0.9999998286241554,1.713758207865599e-07,1.3423792341960079e-40,1.0841564666157588e-16,
free,127,4.546018972766426e-22,1.5673599159254663,-2.8273428368756153,-2.834084081328075,0.7429956150805856,1.1885384667305052,23,0.753968253968254,cluster-2,1.0465988304937347e-41,8.558803862904523e-24,1.0,1.607407842784963e-41,4.89106449314399e-30,
free,127,0.17321620234908722,1.6010351090435382,-2.288124144546629,-2.304231164527713,0.36224197027251437,1.3066161870118673,36,0.8015873015873016,cluster-4,1.0044180962022074e-20,0.041670169564005946,5.548414820926046e-10,3.020233258828778e-12,0.9583298298781278,
free,127,0.007458011152232636,1.5989452718318549,-1.6886755274975394,-1.7057225787865593,0.43790778212659953,1.3632457041398691,26,0.8253968253968254,cluster-4,7.024947518061799e-25,0.0006907329784118158,0.00017889538128460067,1.2425315913811755e-06,0.9991291291087117,
free,127,0.0035968367389770683,1.5764893437881253,-2.0846579243817667,-2.1030387788168134,0.8040444681963583,1.316321075239005,24,0.8095238095238095,cluster-3,2.4204545805758296e-17,0.0004086112503308324,4.4918876622895156e-45,0.9995913878785748,8.710871758904014e-10,
free,127,1.5124128371563987e-09,1.5918735829405641,-2.186724565160556,-2.20511678565729,0.5904980757105069,1.2685932056117508,27,0.753968253968254,cluster-3,3.847960750064753e-12,2.7423577711044435e-18,5.7250333593785994e-11,0.9999999999388933,2.696763778363672e-33,
free,127,0.6733977197139667,1.6054905308528347,-1.946751271645854,-1.9640183549127601,0.22080753356452987,1.3650069417629336,30,0.753968253968254,cluster-3,0.4009545612467704,5.231868956885746e-08,3.9694658233937393e-13,0.5990453861428234,2.9132372655312376e-10,
free,127,2.6492275285455162e-11,1.5570162133521146,-1.9922666774960014,-2.000718997694529,1.1110329214982162,1.3140375213725122,23,0.746031746031746,cluster-1,5.254551930653363e-62,0.9999999999990905,7.453809376966969e-13,2.0722345526154085e-20,1.6189506719205167e-13,
free,127,0.0003007144095452758,1.5800222085926077,-2.088741512749139,-2.0954825923275124,0.7556164358544537,1.267259901640364,27,0.7222222222222222,cluster-2,2.1069902994924567e-42,2.6021027125178338e-05,0.9999739789728826,7.121637839481716e-18,5.233853022396081e-16,
free,127,0.39562878992308903,1.6028747019371399,-2.147695225993479,-2.154162831398414,0.2642286405788634,1.3430140045162142,26,0.753968253968254,cluster-2,9.728978452487182e-05,2.3101356984049135e-15,0.8655130948348417,0.1343896153806113,5.4350383107314085e-15,
free,127,0.001560324412042519,1.543253045242365,-1.8148573026882382,-1.8233080550450655,1.1831775575172243,1.288046112910432,42,0.753968253968254,cluster-1,5.511881883932012e-66,0.9998397845033411,0.0001602154966697889,6.675868332797481e-21,2.2959886099863014e-26,
free,127,1.612356178928e-08,1.5728906672319807,-2.287760096272146,-2.29450134071997,0.6436801219549704,1.245101578341485,26,0.6746031746031746,cluster-2,4.4226208665328744e-30,7.317043829377427e-10,0.9999999992683115,3.144603656287248e-36,7.36606872371823e-36,
free,127,1.225113470636525e-18,1.5651476756154847,-2.197890154020054,-2.204631398472514,0.7698510838305856,1.2509121255967224,30,0.7619047619047619,cluster-2,3.455860039388378e-43,2.7193742836078934e-20,1.0,1.2852230771656612e-42,4.0964881191153193e-29,
free,127,9.734459993609334e-12,1.5931125204174819,-1.9735135055902435,-1.9905820289848695,0.5842101329893579,1.3461802981903879,33,0.8253968253968254,cluster-4,5.9931741451986196e-33,6.9511535241085985e-15,2.355415560791947e-13,7.773264387820702e-14,0.9999999999996874,
free,114,0.00010950600199587286,1.5670834123441073,-1.8254349022580867,-1.8329448631976426,0.9038182308799343,1.174847300359612,26,0.8230088495575221,cluster-2,1.7879010719656414e-45,3.803383586170606e-07,0.9999914819590698,1.8410502080769387e-21,8.137702558952546e-06,
free,127,0.05952351980274709,1.6083449501691884,-2.2794201467919537,-2.287807851376133,0.13258253683255417,1.302522441848954,44,0.8571428571428571,cluster-1,4.822328004830135e-08,0.9906026673179752,0.005733906200622298,0.00366018595036126,3.192307740048553e-06,
free,127,0.4545397431469427,1.6059383149474582,-2.2256806140809546,-2.2444862384559987,0.22492608498400601,1.2961260724936468,29,0.8095238095238095,cluster-0,0.8308628406843159,0.169135195837413,5.809013905213891e-09,1.9576689039726093e-06,3.2631822347144076e-13,
free,127,0.0010246089034510893,1.4481246045457115,-2.2165926234928643,-2.225043961326207,1.4452728511780264,1.252505740918925,21,0.7301587301587301,cluster-1,1.9291026490381638e-80,0.9998996112347592,0.0001003887652281679,5.7704433697074945e-68,4.509571958183881e-51,
free,127,0.002294511580125451,1.5554718090410888,-1.838122270238681,-1.846572178052969,0.9081271914985236,1.299896431610117,27,0.8015873015873016,cluster-1,8.161597174266607e-51,0.9997534899682572,0.0002465100317523963,7.336686072554199e-37,3.391441743836895e-20,
free,127,0.0001014204026220936,1.5847268867255793,-1.7784792682317299,-1.786931510538357,0.596724742979515,1.298458606797631,19,0.7380952380952381,cluster-1,1.222939944282529e-33,0.9999920398786261,7.960121377755994e-06,2.4307146108357456e-26,3.102130561768257e-19,
free,127,8.737784268741524e-16,1.574113927527839,-2.389890896053765,-2.3966321405062248,0.7136598121462843,1.2760471329314553,32,0.7777777777777778,cluster-2,4.34318338110099e-40,2.275222123669149e-17,1.0,4.919637035334619e-38,4.192868934326355e-20,
free,127,0.05899096833604365,1.6081187261368237,-2.5475809893270176,-2.55600603425969,0.1524617352823574,1.2912555442892195,39,0.7698412698412699,cluster-1,9.00160475612261e-06,0.9898542845232483,0.0005893816934919683,0.009547328319439025,3.859076561369428e-09,
free,127,2.603495874174762e-15,1.5601846504373118,-2.186440775713583,-2.1948930959121182,0.919512651098056,1.2348593695394685,26,0.8253968253968254,cluster-1,1.9034167452339092e-29,1.0,6.998987029798538e-17,1.922705008730489e-51,7.844755490367561e-37,
free,127,0.0007771611257611492,1.6075191246445266,-2.142892191729208,-2.161281876678839,0.185511311208169,1.3201187510429597,39,0.7698412698412699,cluster-3,5.861619862862956e-11,5.886459493863055e-07,7.283858939408753e-05,0.9999264957042769,7.700176289079394e-08,
free,127,1.7078426967917556e-05,1.5883514982368896,-1.7850912499615526,-1.7918324870904097,0.624966478723241,1.3404804197144893,34,0.7936507936507936,cluster-2,3.3862878629266736e-35,1.153159130831702e-06,0.9999988387889892,1.3213290110302383e-18,8.051875588032068e-09,
free,127,0.6872818610492494,1.5766762559325993,-1.8139257956677535,-1.8167356341851058,0.7367651030773252,1.3191554255130216,30,0.753968253968254,cluster-2,1.2794272031090157e-41,0.44589896860987727,0.5541010313898436,2.7230485532856653e-13,8.424257092298644e-22,
free,127,1.456799997908349e-06,1.5735364523114357,-1.9569370540108268,-1.9653893733848646,0.8553159218134843,1.324488149999581,24,0.8492063492063492,cluster-1,6.678960149188118e-48,0.9999999157404069,8.425922652663663e-08,3.804652016520417e-13,1.4466795999686511e-21,
free,127,7.379218219445831e-07,1.5665192569517492,-2.1011068989911417,-2.1095592187887564,0.9360135296198329,1.2785436206446612,31,0.7777777777777778,cluster-1,2.364830934689894e-52,0.9999999590279467,4.097203740079794e-08,1.2051484299759289e-24,1.959203875476499e-16,
free,127,0.07940303022268573,1.6052811489743117,-2.329446146807333,-2.358909998069375,0.23568317082923196,1.3153043222059395,32,0.746031746031746,cluster-0,0.9846355801416623,1.7774562769405749e-09,5.6322567672795805e-11,0.015364418024440593,9.864524434261752e-14,
free,127,1.191920628681929e-10,1.5461526187220542,-2.1497896449772393,-2.15653088942969,1.089504932794045,1.2755465907914552,25,0.8015873015873016,cluster-2,8.089478023490719e-61,7.524899574045341e-18,0.9999999999956231,3.0108132600369887e-39,4.390353675772076e-12,
free,123,0.06297843231931066,1.5725751152079617,-2.123411349164761,-2.1303363593029783,0.786042004096799,1.2653394755106788,35,0.7950819672131147,cluster-2,1.0152875855331371e-42,0.002958143931027225,0.9898167104228667,2.443866675814488e-21,0.007225145646083583,
free,127,0.016994070883568874,1.6027658104080857,-2.60184196412094,-2.6201669772342924,0.2837346595103347,1.2783632961936195,40,0.7857142857142857,cluster-3,1.2760224663735303e-14,0.0024198258088682202,1.0367590800696187e-12,0.997580174190098,2.2358846622224376e-16,
free,127,1.8202628222636653e-12,1.5946565446086194,-2.1268524410217764,-2.135304761220312,0.4268601785494588,1.2967348099001876,41,0.8015873015873016,cluster-1,1.4074049309751185e-22,0.9999999999999432,3.864943320089747e-24,5.78533243159064e-14,2.8599368840543687e-24,
free,127,7.8646231122851e-11,1.59666171946879,-2.277021513210507,-2.2837627576629607,0.4791865311269685,1.2661900616173698,36,0.7857142857142857,cluster-2,3.7177106334174095e-27,2.7582868456646322e-16,0.9999999999971578,5.390966471161147e-19,2.8511962561722215e-12,
free,127,3.8611408487881765e-05,1.5942107959235063,-2.0817371278297245,-2.0901894406448394,0.46314774160310046,1.293341182985463,29,0.7936507936507936,cluster-1,2.850363224616699e-26,0.9999971991462646,6.862061021019572e-14,6.815931145713908e-23,2.80085369284367e-06,
free,81,5.158196374926697e-05,1.5819006506712547,-2.435019975827064,-2.4455895520488498,0.7020169481819059,0.8114284747412073,24,0.775,cluster-2,2.016273215439432e-25,2.6667250291056698e-06,0.999996342448024,9.908269419358286e-07,4.2289078483693423e-16,
free,127,0.20887319812592808,1.6069162589563082,-2.5821014164000986,-2.5887398126277392,0.2076271838090551,1.3566118198909838,31,0.7857142857142857,cluster-2,3.3678294675737307e-12,0.00023980176227204785,0.9530381828093629,0.005992826507603597,0.04072918891740348,
free,127,0.01236660973918726,1.6020754947398002,-2.160517895315576,-2.167256087823569,0.33183468796136806,1.3207929656733453,35,0.7698412698412699,cluster-2,8.032286638138881e-14,1.617332785289772e-05,0.998341336239716,0.001642490432371142,4.975129273654434e-19,
free,127,8.507973902551365e-08,1.5354506434714845,-2.2356754813607282,-2.2441278015182324,1.2522895392470472,1.2856288731826795,19,0.7777777777777778,cluster-1,8.501010348951561e-70,0.9999999958067747,4.1932282844114785e-09,3.539339630405786e-35,6.518244191851398e-19,
free,127,9.498992187888744e-08,1.5982401040003467,-2.163805863988681,-2.1937876834026184,0.4783990814929875,1.3045255606082335,37,0.8571428571428571,cluster-0,0.9999999954571877,2.16092757182924e-09,4.1087307328458105e-27,2.3766486605256384e-09,5.244952725585545e-12,
free,127,7.741750044721977e-11,1.5623729844230425,-1.8791525532880167,-1.8858937977404593,0.8373590904896653,1.2981121204257975,26,0.746031746031746,cluster-2,6.53318699458721e-47,2.8046806174303326e-12,0.9999999999971863,4.607097530037113e-40,1.5642015213761249e-24,
free,127,0.695554347732357,1.5931893940375794,-2.3464588555764028,-2.351651066968778,0.5106845164862204,1.2652162545625116,39,0.8253968253968254,cluster-2,3.776396418160909e-29,0.001219158164849613,0.5547354882005797,2.6253629504132467e-12,0.44404535363193665,
free,127,6.271351260888164e-13,1.5790872011440054,-1.9428907980130414,-1.9496320424655014,0.7831026813176674,1.3171197708419848,22,0.8571428571428571,cluster-2,6.421832829340054e-44,1.8945717349182037e-14,0.9999999999999716,2.0080056698486335e-18,1.9224160593366396e-24,
free,127,3.0592942657516234e-07,1.583713876108797,-1.9643338421198326,-1.972786162160322,0.7181651198019192,1.313320122627233,34,0.753968253968254,cluster-1,2.4508465335294833e-40,0.9999999838485111,1.6151487629133616e-08,1.4303738198038614e-17,9.992325039544123e-18,
free,127,1.566424771874077e-06,1.5915231012938387,-1.7399123785063977,-1.758304596472877,0.4948951540969486,1.3485943129933136,33,0.8174603174603174,cluster-3,1.3730276805401379e-19,9.100590889735321e-08,5.0566183141537825e-28,0.9999999089940884,2.06591584174628e-24,
free,127,7.764620900512395e-19,1.57434802780273,-2.033425398698942,-2.040166643151402,0.8029078686331199,1.2837700464769104,21,0.7619047619047619,cluster-2,5.1915373559071586e-45,1.7058486003361405e-20,1.0,8.395165809635123e-28,4.315530457353239e-28,
free,127,0.00025520346914440574,1.5753643247342874,-1.9609597273698942,-1.9677008340415139,0.6831000620924581,1.2901449420982625,22,0.7698412698412699,cluster-2,2.1053966941548158e-38,2.174512445522196e-05,0.9999782548643339,1.225272497956249e-32,1.121793293559596e-11,
free,127,2.1318356549503834e-05,1.5425323608744121,-2.1781335064745324,-2.184874741562967,1.0888868917630412,1.255272691640068,27,0.753968253968254,cluster-2,8.750002104144916e-61,1.477886223973311e-06,0.9999985221137543,7.810558097766095e-36,1.0186618768787191e-27,
free,127,5.260129878467715e-09,1.6007157285657092,-2.0555227685162403,-2.063975088712795,0.39079056386872546,1.353998023411596,28,0.7857142857142857,cluster-1,2.7911967159529645e-22,0.999999999777117,1.9489083333251386e-10,5.023980056850803e-17,2.7974054717331873e-11,
free,127,3.320012852710888e-20,1.519106382559186,-1.7549587460014764,-1.7616999904539365,1.3375260961337352,1.2488102582019227,27,0.7698412698412699,cluster-2,1.6912749834515432e-74,6.8103138652661185e-22,1.0,1.715147609428937e-49,1.3490478581633155e-25,
free,127,0.08740881846486524,1.5350895110591072,-2.099449337936762,-2.1077310729698313,1.0588285190852607,1.2235644654663957,32,0.7142857142857143,cluster-1,3.911140154299726e-59,0.9826820775321712,0.017317922467827228,8.604796136275872e-43,1.0113227258158773e-22,
free,127,1.847278357751815e-09,1.5939632520202345,-2.2863127941221704,-2.303381317514582,0.5034934216596949,1.2993224813422324,37,0.753968253968254,cluster-4,1.6967557628078778e-28,2.0063518054734076e-18,7.602048210095095e-11,9.081868966772192e-22,0.9999999999240003,
free,127,1.5685058075658058e-12,1.5597712474523795,-1.6056812917153667,-1.6124225361678266,0.9754072775052287,1.3180276913086897,29,0.7777777777777778,cluster-2,1.58862804427587e-54,4.933604426726385e-14,0.9999999999999432,3.45013368431229e-26,1.49605404918794e-32,
free,127,0.10031166511072646,1.586777384663055,-2.5453935758335384,-2.5536428618173663,0.5819151870847685,1.2758306397436714,25,0.6984126984126984,cluster-1,7.856005719489598e-33,0.9794138387934043,0.02058616120660395,6.98567351589964e-19,1.8074783557697159e-19,
free,127,0.5301960249623604,1.5986822149366078,-1.7828283835583785,-1.7957235739695805,0.34603605495663126,1.3363241937330714,28,0.7698412698412699,cluster-3,6.383455434278825e-20,0.2222581428678147,4.331112879849652e-18,0.7777008615004323,4.0995631759187766e-05,
free,127,5.245518352071567e-10,1.551276455739477,-1.8942200668214813,-1.9009613112738117,0.8796800027682086,1.2361037698488686,21,0.7222222222222222,cluster-2,3.5774292732436016e-42,2.048062603585681e-11,0.999999999979508,3.026204533523091e-49,3.682465507890262e-35,
free,127,5.916858277250012e-18,1.4660312160729398,-1.8544980747493234,-1.8612393192017835,1.5798367477777437,1.2468335725688728,14,0.7063492063492064,cluster-2,7.302532572310313e-88,1.362072605020202e-19,1.0,1.9680889132445452e-60,7.553701822606613e-52,
free,127,5.581939524930856e-09,1.560313537603692,-2.1911284679502954,-2.199580788147051,0.8345990518885333,1.2529354672050435,32,0.7936507936507936,cluster-1,9.275901315465676e-47,0.9999999997653504,1.6249981729206687e-10,7.848690657640935e-41,7.21330673398349e-11,
free,127,0.16600144471375894,1.5860431741235343,-1.971180112343135,-1.9793237317932213,0.6515365961029771,1.3235878206310447,27,0.753968253968254,cluster-1,1.1189889126865722e-36,0.965132268087171,0.02964546683965246,5.8307802636635805e-08,0.005222206765378157,
free,127,0.0005459695719611459,1.5857986807966036,-2.104759396530512,-2.1231502281614243,0.6838477427565204,1.3054653082172467,27,0.7936507936507936,cluster-3,3.869553353282823e-12,4.987631568133982e-05,1.9146219860135001e-38,0.9999500043640027,1.1931643391687202e-07,
free,127,0.0003811469828873204,1.4913083333682762,-1.7945106085829847,-1.802962598630416,1.4729574608990528,1.2826528908692298,26,0.753968253968254,cluster-1,5.733615743233719e-82,0.9999662607160738,3.373928391488634e-05,7.56539313246882e-50,4.0846074282390376e-33,
free,127,4.610378093819724e-11,1.5578535559747795,-2.433028093473179,-2.441480413671711,1.053606889379306,1.2537988248822276,20,0.7936507936507936,cluster-1,3.578234535694877e-27,0.9999999999983515,7.724874181565402e-59,1.6381539114517748e-12,1.430179241670353e-22,
free,127,1.7345936145427369e-10,1.5259636379542696,-2.5699198565145176,-2.5766611009669367,1.0937766728438731,1.2112801768918657,25,0.7301587301587301,cluster-2,1.5589237143247978e-54,6.4815953273929365e-12,0.9999999999935199,4.70230691585958e-61,3.5999452051523743e-29,
free,127,0.0007645924512857156,1.6005987621812885,-2.1665404312253935,-2.174992559759268,0.40180909164308565,1.2993896057027197,30,0.7698412698412699,cluster-1,6.886961138136557e-23,0.9999274362028876,5.116451870955568e-08,3.174108859068709e-12,7.25126294094289e-05,
free,127,2.0284994676750958e-18,1.572071725073018,-2.178343044491265,-2.1850842889437248,0.741571141040231,1.256507296366359,24,0.7936507936507936,cluster-2,1.254144793237094e-41,4.554789874641211e-20,1.0,8.014497014279032e-32,1.8062780568067573e-34,
free,127,0.00011834222444863386,1.5997814942538406,-2.63332961675689,-2.640070801579795,0.3966374434824065,1.2461359487383794,33,0.746031746031746,cluster-2,1.3283098068045508e-22,9.41084013267132e-06,0.999990588544115,1.271369609663907e-16,6.157375308556195e-10,
free,127,0.5055399305295404,1.5977788298677846,-2.029826246847318,-2.0377281358026593,0.4301159475732037,1.336230777146449,32,0.8095238095238095,cluster-1,1.5060507815251064e-24,0.7962627642421689,2.2201257059992657e-09,0.2037372335372583,4.3889744829775517e-13,
free,127,0.004244786431794928,1.604639414221013,-2.3839068074864667,-2.4022944372871557,0.285626509058194,1.3283557239922763,37,0.7698412698412699,cluster-3,1.2239899068122641e-10,1.0540118690183654e-08,1.7617401339393644e-16,0.9995073169554367,0.000492672382040958,
free,127,0.08868194409296692,1.5745486989970732,-2.18620864988312,-2.1944872514246785,0.7470462829109255,1.3043988850632333,22,0.7619047619047619,cluster-1,6.146634888049701e-42,0.9823661126147649,0.01763388721474913,6.10555512627757e-26,1.704700274349376e-10,
free,127,1.6921535835654824e-09,1.5257540199040194,-1.993064820297121,-1.9998060647491418,1.2217164527712845,1.2842960459230013,27,0.8015873015873016,cluster-2,4.128015659157418e-68,6.937180996448218e-11,0.9999999999306226,2.1625845517847676e-47,1.8478119787070755e-15,
free,127,8.775532460949318e-10,1.5721266677865957,-1.577685258519931,-1.5960774790176777,0.8941052053857037,1.3806140498281807,26,0.8095238095238095,cluster-3,4.844739929028556e-50,3.49964269595847e-11,3.5410430558182903e-19,0.9999999999650129,7.160686100659857e-21,
free,127,1.1198726018433024e-13,1.5009762836726959,-2.0430542953371065,-2.0497955397895664,1.6481287197803884,1.243373734519051,23,0.7301587301587301,cluster-2,1.249690662075512e-91,3.3602812839292724e-15,1.0,2.33320410402752e-41,2.999658745461917e-24,
free,127,8.866106577068605e-10,1.6019760827486478,-1.9547296959584153,-1.973121916456156,0.3514745517039861,1.3207572165619328,37,0.7301587301587301,cluster-3,1.3457049154474104e-13,3.520101181132053e-11,4.114156344056748e-20,0.9999999999646718,2.1578144114209977e-16,
free,127,1.721724972649838e-05,1.605766964753199,-1.7859706127737451,-1.794422929888822,0.24531326894685024,1.4016379410755055,40,0.8095238095238095,cluster-1,4.0089018444764236e-09,0.9999988270756774,2.948819653251934e-14,7.007625735670293e-12,1.168908372268768e-06,
free,127,8.376884529719519e-07,1.5931344847227205,-1.9905609371155266,-2.00895315631622,0.4665609044352854,1.3232617489916216,31,0.7380952380952381,cluster-3,2.3159843390011714e-25,4.658209452422089e-08,1.8477663066454308e-26,0.9999999532161905,2.017288339658386e-10,
free,127,6.50992813253199e-20,1.5162134369894211,-2.1915650855837843,-2.1983063300362446,1.3669813261257384,1.2471222450734143,23,0.6825396825396826,cluster-2,4.014202307505192e-76,1.3548060272532082e-21,1.0,5.715782408380765e-48,7.960409411066961e-33,
free,127,0.00023408048678631588,1.5974036006990606,-1.6493945985328493,-1.6578468029545552,0.4812708576833169,1.3625885079807802,33,0.7936507936507936,cluster-1,2.853025793120357e-27,0.9999815280042635,9.403003835277507e-06,3.4831767358014897e-07,8.72067421853565e-06,
free,127,0.00010436554868397555,1.5708703224272274,-1.734405517578125,-1.7411467100028277,0.8859231303057333,1.3199603806663898,28,0.7857142857142857,cluster-2,1.3694699902402729e-49,8.211297020468953e-06,0.9999917887029758,2.0654236488447473e-19,5.5135092560967574e-17,
free,127,0.6878039339741239,1.567222044175006,-2.134114182840182,-2.136893139151531,0.8409995732344981,1.2794798128499627,18,0.8015873015873016,cluster-2,2.2698119074544197e-47,0.44835833550927423,0.5516416644907535,2.0649267829146585e-20,4.494046914193355e-23,
free,127,0.004795718639688431,1.6047955239489753,-2.1906363419660435,-2.1990883721452805,0.2592458649883116,1.3416406045609541,39,0.7698412698412699,cluster-1,0.0005649485320480742,0.9994346843825301,5.022792560202998e-15,8.564886331479171e-13,3.67084551537615e-07,
free,127,0.6077451459479811,1.590945592053885,-1.503068818820743,-1.5182779485791607,0.5382342000645917,1.3772357477923263,30,0.746031746031746,cluster-3,1.4482968332699753e-30,3.0072373028396123e-06,1.8254340894791922e-16,0.7036873593382192,0.29630963342446964,
free,127,3.152866284586399e-13,1.5688064107236075,-2.0151838167445866,-2.021925061197047,0.8992057259627213,1.2862305457533276,22,0.7301587301587301,cluster-2,2.534832227574592e-50,9.773573450263965e-15,1.0,2.8545213058541357e-23,2.0788451755625237e-28,
free,127,0.07376589858689225,1.5731948208297384,-1.6010452630951648,-1.6093596178699192,0.813509362889087,1.3377820123526407,32,0.753968253968254,cluster-1,1.3317804264877268e-45,0.9859758828454781,0.014024117150549827,2.5177219046605076e-21,3.9698300816237626e-12,
free,127,5.107347591501157e-18,1.5820859364990023,-2.3478792445866143,-2.3546204890390743,0.6624674158772144,1.2883039685183169,29,0.8015873015873016,cluster-2,2.892978587190971e-37,1.1716564592739782e-19,1.0,1.3167694096869986e-29,2.700068727173137e-25,
free,127,0.04504676361941174,1.551356334993458,-1.9594123419814222,-1.9661046989344138,1.052508256566806,1.3194012023427875,25,0.7301587301587301,cluster-2,8.813300280417177e-59,0.007680281438598793,0.9923197185614127,3.6449658395555983e-28,2.5910496664418754e-17,
free,127,4.3047800408859624e-05,1.5850149115213379,-2.002270796167569,-2.0090120206646853,0.6935756413016732,1.2820833562432505,28,0.8015873015873016,cluster-2,5.56618016809424e-39,3.1494677890635427e-06,0.9999968505319856,6.825160072943039e-17,2.323814445428799e-13,
free,127,2.683994252660337e-06,1.595088659335627,-2.187843142531988,-2.1962954611521885,0.5125230203463338,1.2914891655984821,41,0.8095238095238095,cluster-1,5.38999227411141e-29,0.999999838702435,1.612975873055759e-07,2.4268360632498125e-16,1.0955274649199296e-15,
free,127,0.6940901275926319,1.5996884800245117,-1.7189846489373155,-1.7254452318667803,0.40046884131243865,1.3792943730187446,31,0.7301587301587301,cluster-1,4.3918354866254826e-23,0.5378545835334383,0.00011215475342427827,0.00033628125621960685,0.46169698045691226,
free,127,2.3012659252811187e-10,1.5054893145256083,-2.299528106929749,-2.306269351382154,1.3526854026974653,1.2277949558267578,21,0.7619047619047619,cluster-2,2.4665880316340877e-75,8.694301790225828e-12,0.999999999991303,1.997536385415806e-43,1.6669790273470902e-45,
free,127,1.1649144461082393e-08,1.5107713442116888,-1.8987790806086984,-1.9072314008021396,1.523971797913078,1.260974636924868,32,0.8253968253968254,cluster-1,8.804954452417875e-85,0.9999999994793995,5.206087378134691e-10,5.4450363411548164e-33,1.7437347999987015e-32,
free,127,2.9521016195283564e-06,1.5878756794270377,-2.1209159310408463,-2.129368249492751,0.5519147257166588,1.273766156234742,35,0.8174603174603174,cluster-1,3.621786956031297e-31,0.9999998215033815,1.7849656715092367e-07,1.5861849906592899e-27,3.3503371965794216e-14,
free,127,0.12117681557523699,1.5975885579281703,-1.8808993842658095,-1.8973598789164716,0.4099456306517595,1.3494238623187282,35,0.8095238095238095,cluster-4,2.3865297417551986e-23,0.02617311393748764,6.459869128198156e-17,1.8288500256085485e-11,0.9738268860442111,
free,127,7.913296410284789e-16,1.5384249807005341,-1.5416127602885088,-1.5500650804870442,1.2113750788170523,1.3012792214809046,37,0.7301587301587301,cluster-1,1.535055015073141e-67,1.0,2.059604730065779e-17,1.3973696780931821e-36,2.1298539518398695e-31,
free,127,3.053463056503739e-07,1.5720980841013235,-2.1912969153697097,-2.1997492354105175,0.7045261653389518,1.2931821595512483,26,0.7619047619047619,cluster-1,1.385409290517406e-39,0.9999999838810255,1.6118988686835743e-08,1.394766159786189e-35,3.754386103487403e-24,
free,127,0.004120862529359788,1.5843625825053793,-2.4358707938607282,-2.452925396875263,0.599352738988681,1.2771132805615855,33,0.7380952380952381,cluster-4,8.754945462144685e-34,7.465091120918073e-10,0.0004764595649576541,4.750857839162513e-26,0.9995235396885126,
free,127,3.94272242331789e-06,1.5488591316337885,-1.9253375436377338,-1.9337898614636553,1.1063377800888903,1.3009111467004049,20,0.7063492063492064,cluster-1,9.53889310122442e-62,0.9999997572614642,2.4236921601225364e-07,4.978482764824974e-30,3.693132732424034e-10,
free,127,1.824388774480067e-17,1.560479960698812,-1.6575711468073326,-1.666023467005868,0.9484091931440701,1.3258836909642082,35,0.8253968253968254,cluster-1,4.899055342998297e-53,1.0,4.314282791858783e-19,1.5649642815550173e-33,4.833802805840094e-31,
free,127,0.6305894535620497,1.5746880107085581,-1.9496777151513287,-1.9554585876068291,0.7223390594242125,1.2743423809442436,24,0.7698412698412699,cluster-2,9.736372348868185e-41,1.0937122111806781e-19,0.6749884722630844,1.8370275901203444e-24,0.32501152773691544,
free,100,0.0275674618668113,1.6088744500969947,-2.5351080322265624,-2.5567559504305493,0.09775054931640614,1.0453834196343061,26,0.797979797979798,cluster-4,0.0014404610321368445,0.00028509285610039785,5.6645787444828355e-05,0.0018491935044644826,0.9963686068198561,
free,127,1.6334460605687512e-05,1.547885725702859,-2.072907455324188,-2.079648692741236,1.038896455539493,1.2827788382497705,25,0.7301587301587301,cluster-2,5.0032336318542955e-58,1.110370804786439e-06,0.9999988896291737,1.7511418273885937e-36,5.232667134183062e-23,
free,127,0.006967731881750326,1.5861249365081211,-1.9966553214966782,-2.0033910801936896,0.5638521449772389,1.3141291656057024,31,0.8095238095238095,cluster-2,7.945731303999864e-32,0.0008653475031104789,0.9991346524968863,5.314906377581906e-26,7.406497787106166e-15,
free,127,0.4157478087760096,1.5834976398000666,-1.9717365174781618,-1.9774677193940646,0.685305257481853,1.327666764751136,32,0.7936507936507936,cluster-2,1.359751300898315e-38,0.14530681712048424,0.8545638838571021,7.345405339656915e-12,0.00012929901507095068,
free,127,1.3116413043448195e-16,1.5593718846353881,-1.8307008518008736,-1.8374420962533338,1.0065515473132995,1.2703260932967,33,0.7777777777777778,cluster-2,3.0426191253283066e-56,5.1119157915479575e-27,1.0,1.9623828787206347e-31,3.257475309035626e-18,
free,127,3.82875860060705e-06,1.5941484108943016,-1.8376098392516609,-1.8560020591411135,0.5406836562269317,1.333869562244566,29,0.8412698412698413,cluster-3,2.2612677736947615e-07,7.2110563843963294e-09,1.5079154730538294e-30,0.9999997666621697,1.080404082404389e-15,
free,127,2.9797417887358526e-15,1.5360416360369262,-1.771732961098979,-1.7801852812975143,1.0787506103515623,1.2732253056005403,23,0.753968253968254,cluster-1,3.1701473358470576e-60,1.0,8.040434145441079e-17,5.794610397173676e-51,5.602665334807852e-25,
free,127,2.3694486538477778e-09,1.5380359552142386,-1.855686217781127,-1.8624274622329628,1.097761980191929,1.3062354419653772,21,0.7936507936507936,cluster-2,2.83465202789529e-61,9.856112139875223e-11,0.9999999999014335,3.127163250315457e-43,5.284773478938503e-29,
free,127,0.6683668454365562,1.530679091719441,-1.972085066667692,-1.9755676178306845,1.217026838167446,1.306403588241026,30,0.7777777777777778,cluster-2,4.574384882215204e-68,0.38915109310545304,0.6108489068945395,2.0487477116353336e-34,1.1158028218067138e-19,
free,127,9.94335666710833e-16,1.5778051798071435,-2.286626860851378,-2.293368105303838,0.6940689687653792,1.2624917849897659,29,0.8174603174603174,cluster-2,5.228161013391834e-39,2.6038624420178873e-17,1.0,1.7668734519946963e-27,2.829626858408637e-32,
free,127,2.0646177850911724e-11,1.5933028774742795,-1.9246477742833414,-1.9430399947820551,0.5505217304379924,1.3562490189583762,36,0.8412698412698413,cluster-3,1.675392407504186e-17,1.089906447463421e-19,4.322690966279013e-31,0.9999999999992895,7.127358447640853e-13,
free,127,6.9317915682077265e-06,1.5853570745801424,-1.7611812080923968,-1.7696335273024149,0.6409304160771407,1.3232714466000925,36,0.7619047619047619,cluster-1,4.458890920078148e-36,0.9999995564909188,3.746669155401645e-11,4.434716168598071e-07,8.114444882286633e-24,
free,127,0.012524869584240806,1.5943623898700408,-1.870152150552104,-1.8785890789841018,0.5121677428718627,1.3648954043521693,27,0.753968253968254,cluster-1,5.62949933001515e-29,0.9983575075167009,0.0015510988402929137,9.139364250592009e-05,5.031068615790569e-13,
free,127,9.32387188999552e-06,1.5398245048616552,-1.847003846656619,-1.8537450872507542,1.107786163570374,1.2806716571562993,27,0.7063492063492064,cluster-2,7.93618263538388e-62,6.089441353403385e-07,0.9999993910558522,2.129396089687354e-40,3.388022876688298e-19,
free,127,3.332243564535947e-16,1.569626126133279,-2.5025867852639028,-2.5093280297163627,0.7527412955216533,1.225787313482231,23,0.746031746031746,cluster-2,8.517537050905744e-39,8.477012514453267e-18,1.0,3.0356615503047895e-42,7.907012590999122e-28,
free,126,0.038546578298971824,1.6044365295040288,-2.1317899189298113,-2.148807339230533,0.25808691600012423,1.3279541809572235,26,0.776,cluster-4,5.271718972087059e-13,7.489015302152407e-15,0.00636704639017802,2.542349383979886e-07,0.9936326993743417,
free,127,0.02977574048018236,1.571232397834107,-1.5543354665200542,-1.562741908540392,0.8410026970810778,1.3260362721420322,30,0.7380952380952381,cluster-1,4.0937673784412417e-47,0.9953198104639017,0.004680187395578864,1.2740546078521985e-21,2.1405335701059815e-09,
free,127,4.764545596263465e-09,1.5671469382455385,-1.4443262055164248,-1.4510674499675897,0.9118696798489789,1.3523784148661575,33,0.7619047619047619,cluster-2,5.075324184828539e-51,2.043903683903476e-10,0.9999999997956195,1.8319728895954987e-28,3.8732834211529475e-16,
free,127,0.5823840214675409,1.602704455563053,-2.637108029343012,-2.648335090091947,0.3294288455031986,1.2552908172775288,33,0.7777777777777778,cluster-4,1.7090619792377092e-08,0.2691214486190495,3.651138030344518e-08,4.943854752699325e-19,0.7308784977789223,
free,127,2.3299527214907893e-11,1.5902278380383492,-2.173661359651821,-2.18040260410428,0.5669188011349657,1.260344530467866,43,0.7698412698412699,cluster-2,5.387250975238642e-32,3.435142389394465e-15,0.9999999999992042,8.039469069345202e-13,2.0879801203483308e-25,
free,127,4.108860217797367e-18,1.5512490920828883,-2.0602419395146407,-2.066983183967101,1.074492447019562,1.2189590735698128,20,0.7777777777777778,cluster-2,5.444276145025077e-60,8.212402331855892e-35,1.0,2.2555472660880012e-30,9.37810657786327e-20,
free,67,0.11075502448663796,1.5873429405108213,-2.301389551874417,-2.3327155604699534,0.64484325807486,0.6622974023495964,10,0.7575757575757576,cluster-4,1.6837716212563166e-19,0.023292936117523425,1.3329482332202531e-05,3.365566705338997e-08,0.9766937007444749,
free,127,1.134543473995361e-06,1.5611304232721246,-1.928798645500123,-1.9372509650662442,1.002912866787648,1.3390199734188923,21,0.7777777777777778,cluster-1,4.8299255864121695e-56,0.9999999353705696,6.462942646148326e-08,4.2628995658849465e-18,4.457642041605158e-25,
free,127,8.986635812846782e-21,1.5687578145639964,-1.9166667067159817,-1.9251190269145173,0.8923783189668433,1.2930512209354252,24,0.8174603174603174,cluster-1,6.032781256161274e-50,1.0,5.006451759240072e-26,1.794147765822192e-22,1.8004970930842387e-29,
free,119,6.294612043088576e-08,1.5641397530328778,-1.7380522399389444,-1.7452466772751158,0.8217478519728201,1.2360799648345289,15,0.7796610169491526,cluster-2,3.3979238437694958e-43,3.054658900424788e-09,0.9999999969453484,1.0261305437378145e-30,5.1771991869820134e-30,
free,127,4.401393536733692e-06,1.6023869732835485,-2.1037890817236713,-2.1105303244458518,0.3514267328217273,1.297943815750473,30,0.7857142857142857,cluster-2,4.139216498686644e-20,2.730649436232226e-07,0.9999997268804268,2.091730190620619e-14,5.4631969396365416e-11,
free,127,0.0001158582753782495,1.5936923523136974,-2.5893093319389764,-2.597761562136399,0.45870082584891714,1.2746461107001243,27,0.7777777777777778,cluster-1,5.013821192133243e-26,0.999990802389284,9.197610693746388e-06,3.781734839742649e-16,5.020201930063654e-23,
free,127,5.624910958426305e-09,1.5935145418703622,-2.6623491902989667,-2.6690904347498865,0.5282967635027065,1.2147535381444161,21,0.6984126984126984,cluster-2,8.716438458574565e-15,2.430939206739651e-10,0.9999999997568807,1.7957029695636663e-21,7.27078180831898e-30,
free,127,6.721895490590207e-06,1.5870854405051547,-1.696226705716351,-1.7132952190173985,0.6306802344134472,1.3463122713532059,45,0.6984126984126984,cluster-4,1.6390028770853035e-35,4.2902147886620414e-07,1.1140860009925016e-10,1.2057062012504691e-21,0.9999995708671247,
free,127,0.6656195430498228,1.5716258596444979,-1.6699596014548475,-1.6792040371083605,0.8524725005382627,1.3462670122767095,26,0.7619047619047619,cluster-3,5.911152924921637e-48,0.3832155580145375,1.9847710536056096e-07,0.616784243508332,1.3473869057082443e-14,
free,127,0.009599477324164172,1.586142832579773,-2.5858281653697097,-2.5942682562960777,0.630022905004306,1.2854755285010095,35,0.7142857142857143,cluster-1,1.7794767530591893e-35,0.9987508237603591,0.0012491762396311839,9.007206624095234e-17,1.617670713157252e-18,
free,127,0.010853499577979847,1.5903471463206715,-2.5891846183716782,-2.6062450477400207,0.5125230203463338,1.2982716471041726,32,0.8095238095238095,cluster-4,0.00018402326179425916,1.6550116527581919e-21,5.38267952663246e-29,0.0011728647113362102,0.9986431120268618,
free,127,0.574560752415509,1.5639931391160626,-1.7956261822557824,-1.8070142051513047,0.91259765625,1.3259030845965885,33,0.8253968253968254,cluster-4,3.417401871167554e-51,0.26144287008360445,2.0455776212270182e-09,8.800983268116495e-23,0.7385571278708147,
free,127,0.4832178764045709,1.5935616004843818,-2.118849626676304,-2.1368777813340394,0.44578035609928657,1.310122818878476,38,0.7619047619047619,cluster-0,0.8120628986490045,0.18793710135096414,2.100855451863228e-25,6.866498264665217e-20,7.721497626626336e-15,
free,127,2.325886625657494e-10,1.5552496424222304,-1.8345506322665477,-1.8412918767189523,1.0942516176719366,1.3134438293185935,27,0.7777777777777778,cluster-2,4.427057881376098e-61,8.753271253018713e-12,0.9999999999912177,9.800394430734845e-27,2.99997153692458e-14,
free,127,6.098552595626252e-13,1.5620552167275876,-2.025742418184055,-2.0324836626365155,0.9523293803057333,1.2585934760884512,29,0.8333333333333334,cluster-2,2.977781707481358e-53,1.8094136189429963e-14,1.0,1.683373830685733e-33,1.0824009422011906e-15,
free,127,0.40447290778876066,1.5980428104360174,-2.142435148945005,-2.1504705309900682,0.42466723825049213,1.3418164674466966,19,0.7063492063492064,cluster-1,3.250452238433029e-24,0.8602701276838014,2.2695143768088162e-13,4.723664524648678e-09,0.1397298675923043,
free,127,8.259604863082035e-12,1.5903033703965976,-1.8076412170890748,-1.816093537287609,0.6111455001230317,1.3323821890857528,36,0.8174603174603174,cluster-1,1.9589618139963034e-34,0.9999999999997158,4.138756595515336e-14,7.749166527308131e-21,2.3024328306005345e-13,
free,127,7.91501624465891e-08,1.561427287975735,-1.8858792763056718,-1.8943315964664318,1.0301363486943282,1.3163815494097753,26,0.8095238095238095,cluster-1,1.5220133223720402e-57,0.9999999961213462,3.853739714708448e-09,4.227896345624374e-21,2.491445088441775e-11,
free,127,3.780679018065238e-11,1.566338194320571,-1.9586247721994956,-1.967077092398028,0.8955562321219859,1.2950462468980803,22,0.753968253968254,cluster-1,4.0293826281218503e-50,0.9999999999986642,1.7741700161220516e-32,1.3337416712631781e-12,6.513329410715998e-17,
free,127,1.446253617370748e-08,1.5541145882099208,-1.9535653422197958,-1.9620176624119419,1.1246026707446481,1.3275418636879397,31,0.7777777777777778,cluster-1,9.377579431772166e-63,0.9999999993470396,6.529497940502876e-10,1.3438964152711345e-17,4.760551440035825e-23,
free,127,2.1438169623673178e-11,1.596797384894833,-1.7744942011795646,-1.7915627245741932,0.5089761328509474,1.3531415256118575,30,0.753968253968254,cluster-4,5.139757334290237e-13,1.4981073165244077e-13,8.457036567776782e-29,5.773867774497225e-14,0.9999999999992895,
free,127,0.11527849378067749,1.6073594108861533,-2.594273364450049,-2.621679433900289,0.18781094288262823,1.2753771120333623,39,0.746031746031746,cluster-0,0.9754763319145251,0.02451016689128223,4.2700130998239853e-11,2.575820790149416e-06,1.0925330675075597e-05,
free,127,0.022255079374470178,1.5988637920083248,-2.08609176996186,-2.0945366749809327,0.3774442898006889,1.3287141107575302,39,0.8253968253968254,cluster-1,2.800970457739913e-17,0.9966816245827745,1.5151860773491092e-21,0.003318375416740144,4.744524896498704e-13,
free,127,0.0001816360447519363,1.5262372433882645,-2.111269012210876,-2.1197211856086593,1.1442368875338338,1.2756490036306372,30,0.7777777777777778,cluster-1,7.747314231481859e-64,0.9999849978166092,1.5002183407073054e-05,1.6208044710730233e-36,1.2404190478486535e-40,
free,127,1.6594032630956174e-11,1.5081607804829757,-2.4104371558962843,-2.417178400348741,1.2227021465151329,1.2134745997900793,19,0.6507936507936508,cluster-2,3.642294048256327e-68,5.683639613939813e-13,0.9999999999994316,2.434427209752139e-56,4.187889051244213e-39,
free,127,0.00015022716047053954,1.6010833281016033,-1.9162906436469611,-1.9247429316861921,0.34854642612727593,1.3485907008339066,38,0.7698412698412699,cluster-1,2.654903045539362e-17,0.9999878006323164,5.967293904273492e-20,2.2510729468143432e-10,1.2199142569642025e-05,
free,127,7.491764343093302e-10,1.5844003714547057,-2.2733356145423227,-2.281787934740568,0.7266021488219736,1.2787414039476883,34,0.8333333333333334,cluster-1,8.393989485885123e-41,0.9999999999703277,2.9680241798556426e-11,1.1181241012097426e-15,1.5519455307978376e-17,
null,127,4.690371320139261e-53,1.2469909150568632,-1.2473461721825787,-1.2540874166350389,2.593000517116757,1.156816212471918,1,0.5873015873015873,cluster-2,9.594477929670325e-144,3.7426443961015415e-55,1.0,1.6019634649296048e-104,9.068249904532225e-85,cluster-2
null,127,3.4238746975088416e-79,1.2056179139494578,-1.079252228023499,-1.0859934724759592,2.3249759223517468,1.1500757048469277,3,0.5634920634920635,cluster-2,5.821365507817978e-129,1.8417964180076618e-81,1.0,6.919858529298606e-104,1.8762679109914532e-96,cluster-2
null,127,7.213670561036978e-61,1.391503115561373,-1.4275134229284572,-1.4342546673809173,1.7144858292707308,1.1764376285789426,7,0.5793650793650794,cluster-2,2.7343220260654116e-95,2.1865566963301706e-63,1.0,1.1501560737657687e-80,2.818152937978513e-63,cluster-2
null,127,2.6967904038141964e-36,1.5271176088018978,-1.2261848750076896,-1.234637195206225,1.1564632626030387,1.2919194262169558,23,0.7936507936507936,cluster-1,1.63986119495725e-64,1.0,1.3345705574206025e-43,3.122724774587434e-38,6.9081481849925425e-44,cluster-1
null,127,2.4326256082444033e-81,1.194608117169154,-1.6680676317590428,-1.674808876211503,2.234025249331016,1.0681666418541016,3,0.6825396825396826,cluster-2,6.045685433989348e-124,1.2744799109017142e-83,1.0,2.1186216602199138e-107,7.80879198277989e-101,cluster-2
null,127,1.4627826679370413e-27,1.5283041816348688,-1.0769850362942914,-1.0940535596889247,1.0706484336552655,1.356924225010312,14,0.7063492063492064,cluster-4,8.870707047917904e-60,2.2170498453492204e-29,3.782137006809918e-50,7.657532396627904e-46,1.0,cluster-4
null,127,5.900499478014905e-47,1.3730753178943658,-1.3799979142316683,-1.3867391586841284,1.9699992983359988,1.2111707155996898,10,0.626984126984127,cluster-2,2.20750793417351e-109,5.308237656526823e-49,1.0,1.5671878285722473e-84,1.0101879486152765e-66,cluster-2
null,127,2.7658438869677717e-37,1.4551329514357079,-1.6268524410217766,-1.635304761220312,1.5587946373646655,1.2455260561351098,11,0.7222222222222222,cluster-1,1.056962313640558e-86,1.0,3.119496635754665e-39,2.866410773491811e-71,1.3194799634837176e-51,cluster-1
null,127,8.534993957898787e-46,1.5029051128311552,-1.1111770990326648,-1.1282456224272983,1.212153997946912,1.31111212090708,11,0.6984126984126984,cluster-4,1.390472324669141e-67,7.853784161698432e-48,4.1036191083215154e-52,1.3982875397781612e-50,1.0,cluster-4
null,127,4.839066889598551e-66,1.3214544713049519,-1.142275832769439,-1.1490170772218993,1.7375990499661662,1.216667421069014,3,0.6428571428571429,cluster-2,1.4522144258797406e-96,3.113138229105921e-68,1.0,4.576048531579003e-90,1.3821843268287533e-91,cluster-2
null,127,1.035121817956916e-53,1.4277736990650163,-1.3625151867002954,-1.3709675068988307,1.599141038308932,1.2572218394175372,3,0.6746031746031746,cluster-1,6.291260268128993e-89,1.0,4.895815840975769e-56,3.1485623108500273e-75,3.2213541955156565e-56,cluster-1
null,118,3.4815805533783324e-49,1.375543868250125,-1.548919160487288,-1.556174567652224,1.823557966846531,1.098176369700421,3,0.6324786324786325,cluster-2,3.536574677719648e-94,2.9927027261465256e-51,1.0,5.070176789984468e-81,2.2009096151268767e-62,cluster-2
null,127,5.153895199880492e-40,1.5237629716234835,-1.0805316834937868,-1.0976002068884203,1.0411334901344118,1.3276089692900404,12,0.746031746031746,cluster-4,3.765882187614562e-58,2.961496981328962e-42,3.278208381622429e-54,2.4232335753238695e-42,1.0,cluster-4
null,127,2.862652773163195e-50,1.3870809279214664,-1.3944167490080586,-1.402869069206594,1.9409901776651697,1.2149309934597519,7,0.6428571428571429,cluster-1,8.788442270374784e-108,1.0,8.155099879133583e-54,9.409827698816917e-86,2.3239440831028166e-52,cluster-1
null,127,1.4032742390249903e-48,1.456507824119368,-1.3126314418522391,-1.3310236623509595,1.3781000572865405,1.251951979526631,17,0.6746031746031746,cluster-3,3.1897542825297385e-65,1.2209859675038155e-50,9.780052822941401e-77,1.0,2.6251732119024777e-64,cluster-3
null,127,3.5615109322616095e-44,1.4395701696223502,-1.1840576412170891,-1.1907988856695493,1.7990656574880044,1.2605721583406797,11,0.626984126984127,cluster-2,5.913103369541137e-100,3.381458001653966e-46,1.0,6.889829394336383e-67,1.9207799246240403e-48,cluster-2
null,127,2.6456919362487597e-64,1.406763706778341,-1.3648315189391609,-1.3732838391376962,1.3900248610128567,1.2271952173573613,14,0.6825396825396826,cluster-1,2.150918181007455e-77,1.0,1.7473402511606492e-66,1.932652808340154e-75,1.0572303428030367e-75,cluster-1
null,127,2.6074897781917093e-25,1.505574228241544,-1.4188738244725025,-1.427326144671038,1.394714715912586,1.3073148013971698,21,0.7936507936507936,cluster-1,1.1856406241932443e-77,1.0,5.632848742719302e-44,1.0761818302003621e-49,4.29482335218147e-27,cluster-1
null,127,1.0425235115469954e-38,1.5268696918916196,-0.9295142466627707,-0.946582770057404,1.087071216012549,1.3350561571626813,10,0.6984126984126984,cluster-4,9.96750076685587e-41,1.3221571001643588e-41,1.1019277500892787e-60,1.0651381331421874e-49,1.0,cluster-4
null,127,5.720465741609052e-53,1.4698539734911744,-1.2575327955831692,-1.2659851157817048,1.3644709549550937,1.2492464040639135,24,0.7063492063492064,cluster-1,5.521534375561053e-76,1.0,4.512562496785553e-55,5.648152904466108e-57,3.7449789437667817e-59,cluster-1
null,127,2.2855304931330195e-48,1.3757155203512863,-1.4870130884365773,-1.4937543328890375,1.9753272589736097,1.199211361625312,5,0.6190476190476191,cluster-2,1.1221126988931073e-109,1.99718640164855e-50,1.0,1.7666110403003282e-79,1.9898893977877783e-69,cluster-2
null,127,1.4225094409889668e-68,1.263497223122521,-1.384570024144931,-1.3913112685973912,2.1383203221118356,1.1428624744411986,4,0.7222222222222222,cluster-2,1.1483889706235548e-118,8.818664664721413e-71,1.0,1.6120714540776008e-105,3.942916826537714e-84,cluster-2
null,127,7.626236767776969e-44,1.4437033205582057,-1.2914896086445005,-1.2982308530969606,1.6308453176903912,1.2384040803995267,8,0.746031746031746,cluster-2,1.1222134422967504e-90,7.338153552381262e-46,1.0,1.5028837327352344e-62,3.324854527761171e-63,cluster-2
null,117,2.1788907319596045e-54,1.4461058958696107,-1.5352081559662125,-1.5677525244211479,1.3710997491820247,1.1524596294090788,9,0.6982758620689655,cluster-0,1.0,1.363632603077927e-56,7.5827069100802745e-62,3.265908717401822e-57,2.1431696011483608e-70,cluster-0
null,127,8.053603490867183e-47,1.4604073243697417,-1.4505769023745079,-1.4590292225730432,1.5841766117125986,1.266672608360954,12,0.6507936507936508,cluster-1,4.208298865047546e-88,1.0,7.265693116320589e-49,2.903006154266595e-59,4.437573495324228e-54,cluster-1
null,115,9.484035102129845e-53,1.3574327462231646,-1.1757082731827446,-1.1831529518389396,1.8281987729279892,1.0635438518589657,3,0.6666666666666666,cluster-2,4.92817959192338e-92,7.61081491875923e-55,1.0,2.1748235097920088e-74,2.254896862445165e-72,cluster-2
null,127,2.6576023146428757e-51,1.2810936938497317,-1.3306125430610236,-1.3373537875134838,2.5287391482375736,1.1799849386093537,7,0.5476190476190477,cluster-2,3.3603367527794455e-140,2.1917955863283266e-53,1.0,4.9852025329827793e-101,1.3657500049590655e-73,cluster-2
null,127,1.5959439166775035e-51,1.373523711187778,-1.5356623131459153,-1.5424035575983754,1.9682499442513532,1.1991665615547502,10,0.6190476190476191,cluster-2,2.756694222614242e-109,1.310659488007858e-53,1.0,1.8404418556109516e-80,3.5670527433324112e-68,cluster-2
null,127,1.101841358116871e-44,1.409692928802698,-1.196381576417938,-1.2031228208703981,1.8856996551273375,1.2516330371204782,4,0.6984126984126984,cluster-2,9.85105507048865e-105,1.0406603252903541e-46,1.0,2.0015179753755224e-73,8.308119296888633e-60,cluster-2
null,127,4.3243338548325475e-39,1.4596201500989205,-1.506768174058809,-1.5152204942573444,1.6650967335137794,1.2452522870631841,17,0.7142857142857143,cluster-1,1.4485215262821436e-92,1.0,4.656443672383314e-41,7.77008422949803e-61,1.3610324297782027e-51,cluster-1
null,127,4.893770737332829e-42,1.4319346404380038,-1.3965166947973056,-1.4032579392497657,1.7216822106068528,1.2462375637433236,13,0.6666666666666666,cluster-2,1.0963024268443603e-95,4.907363781572072e-44,1.0,5.743758265320042e-71,6.618209863564778e-58,cluster-2
null,127,1.3865017975573322e-51,1.4183616264703123,-1.2617341289370079,-1.2701864491355432,1.699258879413755,1.2444870674932016,7,0.6904761904761905,cluster-1,1.8910288686368907e-94,1.0,1.13733150496979e-53,1.1237059047593451e-72,5.622792912635767e-62,cluster-1
null,127,3.583088132406023e-54,1.3934797698509795,-1.2005814679964322,-1.2073227124488923,1.723845234067421,1.2442038490209775,5,0.6825396825396826,cluster-2,8.329673009661925e-96,2.801153568109835e-56,1.0,1.8852120533805663e-76,4.56656916687253e-72,cluster-2
null,127,1.7469322029009028e-42,1.4274548114932037,-1.4665361539585384,-1.4732773984109986,1.8795019435131644,1.2634541659961869,17,0.6190476190476191,cluster-2,2.164312686450709e-104,1.7336956123524867e-44,1.0,1.1718820317981101e-68,1.614201034678909e-52,cluster-2
null,127,7.064637005066083e-62,1.3071972238425644,-1.2612355149637058,-1.267976759416166,1.961175873523622,1.151374875318576,7,0.6428571428571429,cluster-2,6.7695810307091435e-109,4.8458513811661996e-64,1.0,1.1314419961788596e-98,4.4348703300499344e-82,cluster-2
null,127,8.699636440064197e-49,1.39595611297685,-1.4167629452202264,-1.4235041896726865,1.6954004482960139,1.214330473824661,1,0.6984126984126984,cluster-2,3.086821151583054e-94,7.537902729508689e-51,1.0,3.13050837399779e-71,1.0703144235099814e-80,cluster-2
null,127,1.1066960982529531e-47,1.4239115001439941,-1.4694525050366019,-1.4779048252351372,1.8269279660202389,1.259803006062588,9,0.7301587301587301,cluster-1,1.7181406829291773e-101,1.0,3.37564543709212e-61,9.807123602413796e-50,3.081009653932964e-64,cluster-1
null,127,6.448051157303574e-59,1.4151673006600194,-1.5357350026528667,-1.544187322851402,1.7668797049935407,1.2025452273452693,7,0.8253968253968254,cluster-1,3.5240700266736594e-98,1.0,7.944383879017691e-65,6.4125207746372e-62,3.985866621743922e-61,cluster-1
null,127,1.0160276709253708e-56,1.4123520882717449,-1.2370384396530512,-1.2437796841055113,1.7725339874507873,1.2335941498882268,8,0.7301587301587301,cluster-2,1.7186218285403728e-98,7.591430143545961e-59,1.0,1.2852116315113606e-67,7.038609689025182e-63,cluster-2
null,127,5.2109248635150156e-61,1.4110857678855013,-1.3057742381659079,-1.3142265583644435,1.560708714282419,1.2294263851766378,11,0.626984126984127,cluster-1,3.194067895816769e-63,1.0,8.288726815684571e-87,4.2117549909875035e-64,1.6184974121710852e-76,cluster-1
null,127,5.556701834457746e-46,1.4821792935437639,-1.438854067344365,-1.4688358871020615,1.2728567048320623,1.2719681992623828,7,0.6507936507936508,cluster-0,1.0,3.8491459679866037e-59,6.2385019965475854e-71,2.3837896164372616e-58,5.102840545260613e-48,cluster-0
null,127,6.093582156248044e-42,1.4564681426484232,-1.3234662634181225,-1.331918583616658,1.4310500978484868,1.2604404214617184,16,0.7301587301587301,cluster-1,1.1745204301999454e-79,1.0,6.124110195178073e-44,8.08844121252477e-73,4.120614860795671e-56,cluster-1
null,127,1.709302950004581e-41,1.4635012596794907,-1.1948436827171507,-1.211912206111784,1.3030594953401822,1.2825984591287118,5,0.6825396825396826,cluster-4,1.3414477998293412e-70,1.736045887097465e-43,1.3465836930947366e-72,6.181652188048944e-62,1.0,cluster-4
null,127,1.605148183833548e-51,1.397318924909506,-1.4646306075449065,-1.4713718519973666,1.6623314084030514,1.187048757132131,16,0.6507936507936508,cluster-2,2.0580103946814062e-92,1.3182812124590518e-53,1.0,3.22314879690067e-86,2.7350849736110275e-64,cluster-2
null,127,1.0454935374491507e-54,1.3410961840425462,-1.41148292361282,-1.41822416806528,1.981481356883612,1.1885867661160494,6,0.7301587301587301,cluster-2,5.1357603533526784e-110,8.094803972586702e-57,1.0,1.1089119360201432e-88,6.053145410170384e-77,cluster-2
null,127,7.117222067662425e-44,1.402087609439548,-1.306043730007382,-1.312784974459842,1.871082215797244,1.240678729428342,11,0.6904761904761905,cluster-2,6.305411702917011e-104,6.843773950001345e-46,1.0,2.5021538025566755e-76,1.4294567148159e-63,cluster-2
null,127,1.4870556756178349e-61,1.3926664768048151,-1.3258495180625616,-1.344241738561282,1.6197929081954356,1.2389273935449965,10,0.6428571428571429,cluster-3,1.9370941732961036e-77,6.401392145956038e-72,4.567468116100999e-90,1.0,1.0252877299892279e-63,cluster-3
null,127,3.097056881253392e-36,1.4929972403765368,-1.3753561185100887,-1.383808438708624,1.4828986220472442,1.3026473243975727,10,0.7222222222222222,cluster-1,1.6223125405532464e-82,1.0,3.571818473262442e-38,9.276712829704254e-55,1.8859658872904607e-40,cluster-1
null,127,3.479572058339276e-51,1.3892739864390888,-1.448586531511442,-1.455327775963902,1.878247118371678,1.2160524642349158,12,0.5952380952380952,cluster-2,2.5382265745441e-104,2.876141462677393e-53,1.0,9.951796903885643e-81,1.1872654465895317e-62,cluster-2
null,127,1.4369888508062763e-38,1.4897857264142969,-1.494821983998216,-1.5248038037559122,1.2884844682348058,1.2828371993960852,12,0.6031746031746031,cluster-0,1.0,8.572841401433047e-72,2.5578433638954685e-65,1.5678448001531605e-40,9.943544683093644e-47,cluster-0
null,127,9.357064629098641e-52,1.3464798806582903,-1.2324677715151329,-1.239209015967593,2.0220990518885333,1.208236847416217,6,0.6507936507936508,cluster-2,2.9533816193709637e-112,7.650610521346101e-54,1.0,2.235692831514867e-88,1.0375819323133215e-73,cluster-2
null,113,1.1022018389529163e-41,1.4480371781261183,-1.1647449594683352,-1.183928167177348,1.5713201202122509,1.1404592751892166,4,0.5535714285714286,cluster-4,7.709579677492257e-78,8.737184810438414e-51,1.114429067050912e-43,9.576020162554425e-60,1.0,cluster-4
null,58,3.6595947008247154e-26,1.3715079683469609,-1.2278001719507678,-1.2425611727346029,2.1611192637476426,0.5404422504335427,1,0.631578947368421,cluster-2,3.6592668652561324e-55,6.641296732107214e-29,1.0,5.911117283648602e-33,5.138247832033494e-28,cluster-2
null,127,3.8016532267646336e-40,1.4603359689630169,-1.2870031642162894,-1.2954554844148247,1.6084537055548722,1.2764984387018425,13,0.7936507936507936,cluster-1,1.9279411483376243e-89,1.0,3.963722166724988e-42,4.411986942984271e-68,2.287051375303057e-44,cluster-1
null,127,6.617157310397053e-54,1.3585283818666878,-1.5537573146069144,-1.5604985590593745,1.870327926996186,1.1832565517433808,3,0.6587301587301587,cluster-2,6.939314142216894e-104,5.198226209100165e-56,1.0,6.799708645853037e-86,4.4278854527795163e-76,cluster-2
null,127,2.693652004059307e-35,1.4991544979794584,-1.1168754757858637,-1.125327795984399,1.4119975172628567,1.3068931020187666,14,0.7222222222222222,cluster-1,1.3204235563519083e-78,1.0,3.2055108307471216e-37,3.811118290477766e-42,7.097175942818903e-54,cluster-1
null,127,1.3501700586340156e-62,1.4501656968724306,-1.1717274583230808,-1.188795981717714,1.2328426331046998,1.276564724279726,9,0.7222222222222222,cluster-4,8.663538290297438e-66,4.343277246823048e-65,1.004783323037151e-68,3.887471039440883e-65,1.0,cluster-4
null,127,2.7656174598016515e-51,1.4576771064935066,-1.4159697284848671,-1.4459515482425633,1.3588523564376231,1.2733053746066831,7,0.5952380952380952,cluster-0,1.0,1.1270828058931218e-75,2.0575467414625674e-70,2.2803590912588585e-53,1.1906162356993584e-56,cluster-0
null,127,2.9738863174185058e-49,1.459650120223053,-1.1275318776528667,-1.1575136974105629,1.3293150653989296,1.2855187488850257,12,0.5873015873015873,cluster-0,1.0,2.7174862276105056e-73,4.798405023364628e-74,5.011517836010561e-55,2.5522669254127752e-51,cluster-0
null,127,9.405619727104738e-56,1.4544210868025458,-1.4175678163062868,-1.4260201365048224,1.412630696934978,1.2555578484998398,15,0.7777777777777778,cluster-1,1.2184002682850825e-78,1.0,1.857412434553521e-64,5.106514403708836e-58,2.009098769516755e-58,cluster-1
null,127,5.74831438442462e-47,1.448448153279832,-1.4067881426473303,-1.4152404628458657,1.6548763485405387,1.2782583840079536,11,0.746031746031746,cluster-1,5.304376798512095e-92,1.0,5.164662954577132e-49,2.3706049609405947e-65,5.073792329501036e-52,cluster-1
null,127,8.979981857505438e-53,1.4441538098154483,-1.6382374200295275,-1.656629640528248,1.4972978727085382,1.27844517822684,9,0.5793650793650794,cluster-3,7.203136386829911e-55,1.453302111578581e-64,2.605782162668791e-83,1.0,1.231855117809625e-63,cluster-3
null,127,4.4484821954726525e-52,1.2575151954648924,-1.2313156728669414,-1.2380569173194016,2.4749262051319514,1.1483082233489785,9,0.5555555555555556,cluster-2,3.122174419564314e-137,3.6150507199826767e-54,1.0,3.1275759908234646e-106,2.867005665027e-83,cluster-2
null,127,4.717758449274219e-75,1.2121556350506708,-1.2852994663508859,-1.292040710803346,2.4455487108606055,1.122062919202167,5,0.5793650793650794,cluster-2,1.3025205539428872e-135,2.6757583208506956e-77,1.0,9.852899123848015e-97,1.2664976984201493e-98,cluster-2
null,127,8.674493464501396e-41,1.5120559310768447,-1.3093228077325296,-1.317775127931065,1.2746798297551671,1.3069512147386924,19,0.7619047619047619,cluster-1,4.949087537207623e-71,1.0,5.538742941706081e-48,4.241321177000953e-43,4.653917284414049e-43,cluster-1
null,127,1.3733760919473501e-37,1.4807958759566182,-1.4867705097348671,-1.4952228299334025,1.51892738642655,1.2780048830696649,19,0.7142857142857143,cluster-1,1.6709122509333332e-84,1.0,1.5323855541356655e-39,7.826247534951975e-61,4.0095886373071175e-42,cluster-1
null,127,7.390279687111338e-41,1.3907982227537392,-1.0268682044322097,-1.0336094488846699,1.897950179933563,1.234139791940795,9,0.7222222222222222,cluster-2,2.0787399415503025e-105,7.620390216070962e-43,1.0,4.156509816225173e-81,8.1964677216381e-66,cluster-2
null,127,6.103584031052481e-46,1.4016986060976209,-1.1744426817405882,-1.1811839261930484,1.8186478502168428,1.2556421450519273,5,0.6031746031746031,cluster-2,4.917584304269785e-101,5.609935239059176e-48,1.0,7.14521649982157e-73,8.802368567251889e-70,cluster-2
null,127,7.706604427565364e-64,1.252078128911434,-1.4141156053918553,-1.4208568498443155,2.3718564491572343,1.1467511881509167,5,0.6111111111111112,cluster-2,1.5111608635188034e-131,5.126245202353242e-66,1.0,1.302648099200927e-100,1.1381885445350072e-87,cluster-2
null,127,1.2667777717250439e-55,1.3915764187306738,-1.1644824170690822,-1.1712236615215423,1.8210935817928766,1.2457756733362024,7,0.7222222222222222,cluster-2,3.6045953036660845e-101,8.422559723407676e-58,1.0,1.5258598234783657e-82,1.1988824862329968e-58,cluster-2
null,127,1.5567011818212233e-58,1.432812346153274,-1.4344571331354576,-1.442909453333993,1.3995935635303887,1.2467707054763506,8,0.6746031746031746,cluster-1,1.114440683554756e-60,1.0,8.7688653022611735e-75,6.380552454205903e-78,1.2807269741189214e-62,cluster-1
null,116,3.2617740611013464e-65,1.3671399616406021,-1.4268764627390895,-1.4361302960598998,1.6589621182145742,1.0901083973477412,5,0.6869565217391305,cluster-1,2.6579153129988086e-84,1.0,2.1204435804675058e-67,3.098373089464574e-70,9.156817042235777e-71,cluster-1
null,127,3.0463178315956023e-58,1.3372520755422315,-1.3390958290400468,-1.345837073492507,1.824667262280081,1.1661207590825318,7,0.6825396825396826,cluster-2,2.2895426531258805e-101,2.2177846181642253e-60,1.0,5.5033505075172646e-89,4.584009679607e-85,cluster-2
null,127,1.380878941707045e-46,1.4719208701733812,-1.1587448720856914,-1.1671971922842268,1.479614858552227,1.2741057011646468,14,0.6904761904761905,cluster-1,2.4617945832701852e-82,1.0,1.2954181736679928e-55,1.2519367641299076e-48,1.0280177004078612e-55,cluster-1
null,127,6.19993303762279e-56,1.3410603553437501,-1.328040175550566,-1.3347814200030261,2.0083041453924704,1.2078202586614162,7,0.6349206349206349,cluster-2,1.7028764617335983e-111,4.6968103802884925e-58,1.0,2.752858578061192e-94,2.3391161398452837e-68,cluster-2
null,127,4.641740880377465e-56,1.4151795855395384,-1.1055678720549336,-1.122636395449567,1.5045364259734868,1.2725956415885684,7,0.6587301587301587,cluster-4,2.712181743364427e-82,3.508474632317972e-58,1.4962024300102836e-62,1.0391848626021264e-83,1.0,cluster-4
null,126,1.0037250881393164e-38,1.5066322157574783,-1.1156829349578372,-1.1342211254605157,1.3281327504960319,1.3163708003253571,11,0.656,cluster-3,2.343406696671375e-50,1.0785663695035153e-40,2.1043049573218696e-73,1.0,1.1540898964589077e-42,cluster-3
null,127,8.671876536865548e-47,1.4452953409783655,-1.5388733871339813,-1.5473257073325166,1.6325871024544785,1.2650794680938926,9,0.7142857142857143,cluster-1,8.995113187827652e-91,1.0,9.089574820671486e-57,1.7748780710588144e-65,7.828803537634057e-49,cluster-1
null,127,7.084780139104741e-67,1.3830614710972964,-1.3128147876168799,-1.31955603206934,1.5794413408895178,1.2080749763602183,9,0.6587301587301587,cluster-2,7.678605003619277e-88,4.501767283755799e-69,1.0,1.8935914731373983e-79,1.031394216917079e-73,cluster-2
null,127,7.877758680753225e-56,1.4747268112042322,-1.1944719449741634,-1.2244537647318596,1.1815584438053643,1.324047431962219,7,0.6190476190476191,cluster-0,1.0,4.2592002576910233e-60,6.771304619396531e-66,2.7348909185303025e-61,5.931348295790369e-58,cluster-0
null,127,4.4581852930708815e-42,1.4806137709079745,-1.5181935227762058,-1.5266458429747412,1.598537415031373,1.2634387123111788,13,0.7301587301587301,cluster-1,6.79251701637037e-89,1.0,2.600283070683924e-44,2.9295391201813116e-51,1.8356235415708414e-44,cluster-1
null,127,2.72203620578929e-54,1.3749827297909338,-1.4571052611343505,-1.4638465055868106,1.9744760107806347,1.2091572267644246,8,0.6428571428571429,cluster-2,1.2502227897219264e-109,2.1234099517830112e-56,1.0,1.0159308587454359e-73,4.958174279887367e-72,cluster-2
null,127,1.5568815370523115e-67,1.396168386165431,-1.35764991580032,-1.3661022359988553,1.5369690421998032,1.2168649186615155,7,0.7063492063492064,cluster-1,1.6898918708100886e-85,1.0,1.4510803329126266e-72,4.950042917741178e-74,9.782214447913335e-70,cluster-1
null,127,2.443913389177268e-56,1.4092343791392676,-1.4334848959614912,-1.4518771164602116,1.4903996985728347,1.2217282530036258,12,0.6111111111111112,cluster-3,1.8166460474066075e-76,1.838343394516308e-58,6.257626749649417e-83,1.0,6.084756003777009e-74,cluster-3
null,127,1.3473578104636534e-40,1.3894188086911679,-1.1764350951187255,-1.1831763395711856,1.9197409321942667,1.2332077852296426,14,0.5873015873015873,cluster-2,1.3059378852997693e-106,1.3980585523397095e-42,1.0,1.776783888726145e-85,2.548801268268142e-60,cluster-2
null,127,7.146258351353187e-61,1.2813716547178522,-1.3019141249769315,-1.3086553694293919,2.2882165383166218,1.1464175764455762,3,0.6825396825396826,cluster-2,6.201594547298987e-127,4.981458885850924e-63,1.0,3.145786621236535e-99,1.0987564184233715e-79,cluster-2
null,127,1.7765124292688433e-62,1.2838683039993457,-1.5331318772683933,-1.5398731217208534,2.2656856747124134,1.1593331666470954,5,0.5793650793650794,cluster-2,1.0844315533941729e-125,1.2070563162698743e-64,1.0,6.464506222558943e-95,1.5751127683640404e-82,cluster-2
null,127,6.31983567237973e-48,1.4946236874039767,-0.8943223727969672,-0.9113908961916006,1.1159017367625799,1.3297293567481787,7,0.6587301587301587,cluster-4,2.831354436925446e-62,5.572476391188276e-50,8.945279710180108e-56,1.8803802911174453e-59,1.0,cluster-4
null,127,6.784779228165478e-42,1.5174959604146208,-1.4847916730745572,-1.5031838935732773,1.0791121355191928,1.3256921737397043,12,0.7142857142857143,cluster-3,9.903851551335045e-51,6.826207429850345e-44,3.027885038500135e-60,1.0,6.581880979756666e-50,cluster-3
null,127,7.405434765082043e-50,1.3829233244992407,-1.28997802734375,-1.2984303475422854,1.6599668968380907,1.2395647478468432,5,0.6666666666666666,cluster-1,2.7788374506349075e-92,1.0,6.281282942061345e-52,8.767427021365667e-90,1.855217707665756e-71,cluster-1
null,127,6.72839567446113e-42,1.5229745880428074,-1.1577971450925812,-1.1748656684872147,1.070157389002522,1.3286975200920956,11,0.7301587301587301,cluster-4,9.441521814449812e-60,6.765958128187513e-44,5.509662047855938e-48,2.148999055894997e-47,1.0,cluster-4
null,127,1.7865400747483174e-49,1.4097060562524597,-1.4558069424366389,-1.462548186889099,1.8270191583107773,1.2417155959046178,9,0.6587301587301587,cluster-2,1.698356955485659e-101,1.526844623211213e-51,1.0,4.901755922459172e-72,3.0349359375945044e-62,cluster-2
null,127,3.1120918997612326e-43,1.4372679761726521,-1.351970161978654,-1.3604224821771895,1.7060826819712724,1.2726143736075652,8,0.7619047619047619,cluster-1,7.949294829837844e-95,1.0,3.0360159212628844e-45,1.1254315843147426e-70,4.2354607435160826e-54,cluster-1
null,126,1.0037099389613986e-38,1.5066321712941733,-1.1156828138563368,-1.1342210043590153,1.328133113800533,1.3163707842557926,11,0.656,cluster-3,2.34337093939571e-50,1.078549912012354e-40,2.1042086320901953e-73,1.0,1.1540722865789715e-42,cluster-3
null,124,1.2683114473316068e-42,1.5184322986091048,-0.9093053879276398,-0.9267868594689176,0.9911367970128213,1.3015134382316464,17,0.6097560975609756,cluster-4,4.214926662313717e-54,5.606238495975753e-54,2.4530546073449354e-47,1.2520443834745387e-44,1.0,cluster-4
null,127,1.4353988191184843e-60,1.3385186523608974,-1.5821328951617863,-1.5888741396142465,2.0785709891732287,1.1648890875315927,5,0.6904761904761905,cluster-2,2.2677089967346953e-115,1.0054995733007187e-62,1.0,1.0151653524157117e-85,1.3082198696866047e-71,cluster-2
null,127,4.0775429922480364e-67,1.2704435303544825,-1.3900241401251845,-1.3967653845776447,2.2031256007397273,1.14484414139163,7,0.6904761904761905,cluster-2,3.060046314564246e-122,2.581481559588569e-69,1.0,2.0362976889224916e-110,3.6509790258968435e-73,cluster-2
null,127,4.814395176966779e-76,1.236168734502226,-1.4719561479223056,-1.5019379676800018,2.0920536311592643,1.1411255676761072,3,0.5634920634920635,cluster-0,1.0,4.092105501276827e-116,8.070443972486538e-110,2.6954781452931104e-78,8.564460475462379e-90,cluster-0
null,127,6.286532946430551e-45,1.4493440496435177,-1.3312371922290231,-1.3396895124275585,1.757878701517901,1.2554181875894526,20,0.746031746031746,cluster-1,1.1053465742493353e-97,1.0,9.978363494652417e-52,1.926897101229052e-59,5.905756016275358e-47,cluster-1
null,127,1.7299981770018467e-37,1.496972691671318,-1.2509723573219118,-1.2693645778206322,1.2585409569928026,1.2990952919391208,14,0.7301587301587301,cluster-3,5.64417834535651e-61,1.9408151310618766e-39,3.8430063790569235e-70,1.0,2.5109863654631575e-48,cluster-3
null,127,4.022318860968166e-43,1.4995218980014589,-0.8979161780650221,-0.9149847014596555,1.0898429089643824,1.3396681541878583,3,0.6984126984126984,cluster-4,3.302389981767627e-57,3.933935569443172e-45,9.155475830318745e-59,7.749600038981931e-61,1.0,cluster-4
null,127,2.42663866077388e-53,1.4471578104892504,-1.5274897297536294,-1.5359420499521648,1.3150003988911785,1.2549091914583608,9,0.6825396825396826,cluster-1,2.955480163056053e-73,1.0,1.9261073276996645e-55,3.051055686599937e-72,2.1442065131832652e-64,cluster-1
null,127,2.2854959237132085e-48,1.375715482842803,-1.487012968288632,-1.493754212741092,1.975327379121555,1.199211360921074,5,0.6190476190476191,cluster-2,1.122095576942761e-109,1.9971559272350307e-50,1.0,1.7665840841607682e-79,1.9898590347168523e-69,cluster-2
null,75,3.871929584596993e-28,1.4436142845702062,-1.6509756469726562,-1.6652882425088429,1.4329824829101563,0.7227487697112889,7,0.6351351351351351,cluster-1,2.1123755187097518e-47,1.0,5.750828126744067e-30,4.5757762632571943e-42,9.822416765417338e-39,cluster-1
null,127,2.0708331298178868e-58,1.3364976505050299,-1.3434138260488435,-1.3501550705013037,2.111483596441314,1.2179048584844208,12,0.6111111111111112,cluster-2,3.469599371022124e-117,1.5033554459310822e-60,1.0,7.147742733294579e-83,7.27921462895199e-76,cluster-2
null,127,9.965800945754666e-44,1.5011306222314966,-1.168853759765625,-1.1773060799641604,1.326057734451895,1.3155201063000772,7,0.753968253968254,cluster-1,7.256986109191883e-74,1.0,2.534459009231425e-47,1.1701288753854907e-49,9.34819427166789e-46,cluster-1
null,127,1.0681028316941112e-57,1.3610315635971124,-1.2478378175750493,-1.2562901377735847,1.7961389736866387,1.2118461863096757,3,0.6666666666666666,cluster-1,8.575074158202111e-100,1.0,7.848225571598037e-60,6.225369803571798e-89,8.744222399258591e-73,cluster-1
null,127,3.097056881253392e-36,1.4929972403765368,-1.3753561185100887,-1.383808438708624,1.4828986220472442,1.3026473243975727,10,0.7222222222222222,cluster-1,1.6223125405532464e-82,1.0,3.571818473262442e-38,9.276712829704254e-55,1.8859658872904607e-40,cluster-1
null,127,1.4048127319823363e-49,1.3390912505562031,-1.408829215943344,-1.4155704603958041,2.2130478986604945,1.189322376699121,5,0.6349206349206349,cluster-2,8.678800330816135e-123,1.198123243376454e-51,1.0,3.259519611505806e-97,1.8730289009007318e-58,cluster-2
null,127,3.238862661732477e-55,1.3537808663192399,-1.3539951354499877,-1.360736379902448,2.028356477031558,1.2085604207419838,11,0.7301587301587301,cluster-2,1.3341012342067391e-112,2.48498939387446e-57,1.0,1.6030120548045473e-85,2.4650717236674394e-69,cluster-2
null,127,1.0820367218584212e-44,1.4259355465287702,-1.1847937876783956,-1.1915350321308558,1.8540404312253937,1.2663871131057156,9,0.6984126984126984,cluster-2,5.49110666077306e-103,1.0217786599767604e-46,1.0,6.1663089443986714e-58,7.990486413052157e-66,cluster-2
null,127,1.3568979449387497e-31,1.556308137532536,-1.1895184854822836,-1.197970805680819,0.8073313555379551,1.3582103325745587,16,0.8333333333333334,cluster-1,2.9601709836425147e-45,1.0,1.7982420227683727e-33,1.2709225261138631e-36,7.421885820931701e-44,cluster-1
null,127,3.779665880181647e-58,1.254268304759244,-1.1736905556025468,-1.180431800055007,2.4532604067344366,1.1597949113922428,3,0.6666666666666666,cluster-2,4.891509719427146e-136,2.756037429444735e-60,1.0,1.1731564748922035e-106,2.8499761429135965e-81,cluster-2
null,127,1.672956359612321e-62,1.291229110747579,-1.2340815987173968,-1.240822843169857,2.241148220272515,1.1650381359838122,5,0.6190476190476191,cluster-2,2.446669119925823e-124,1.1362280154973098e-64,1.0,2.6335752125107003e-89,2.303051211874503e-85,cluster-2
null,127,6.700895738253549e-63,1.291490162810295,-1.3724134550319882,-1.3791546994844484,2.103460356945128,1.1731510803424183,1,0.6904761904761905,cluster-2,9.611790752861972e-117,4.52277622929821e-65,1.0,8.16728922075994e-95,2.3982396514764694e-86,cluster-2
null,117,1.989248105574447e-48,1.4078224341129257,-1.5644253461788862,-1.5969697146338215,1.8788070026625936,1.1577513713003293,6,0.5862068965517241,cluster-0,1.0,7.179195465131152e-68,3.413539112205213e-96,8.357841636652289e-51,8.898505326554612e-51,cluster-0
null,127,1.0820367218584212e-44,1.4259355465287702,-1.1847937876783956,-1.1915350321308558,1.8540404312253937,1.2663871131057156,9,0.6984126984126984,cluster-2,5.49110666077306e-103,1.0217786599767604e-46,1.0,6.1663089443986714e-58,7.990486413052157e-66,cluster-2
null,127,4.7056271232762395e-58,1.4252241857153942,-1.1585997333676796,-1.1653409778201398,1.6203443872647023,1.2424953431649226,3,0.6984126984126984,cluster-2,4.2585178910518735e-90,3.045652295226408e-62,1.0,1.6341323606102862e-67,3.4050180239438764e-60,cluster-2
null,127,4.707743883633843e-49,1.449683166987549,-1.3227122149129553,-1.3311645351114907,1.5420350803164984,1.2612505377364194,11,0.6746031746031746,cluster-1,8.88054383041421e-86,1.0,3.94350951205924e-51,1.3153168581165852e-69,1.094208110398405e-52,cluster-1
null,127,8.67664378223272e-44,1.4225683926682973,-1.1820719561238928,-1.188813200576353,1.8087994432824803,1.2611426539897383,11,0.6507936507936508,cluster-2,1.7176893775505557e-100,8.35936152158255e-46,1.0,2.3082997557538244e-72,1.2714332994424062e-56,cluster-2
null,127,1.961581723592738e-33,1.4720437686558605,-1.321980634073573,-1.328721878526033,1.6763329693651572,1.3034658352192197,11,0.7301587301587301,cluster-2,3.4768494006418383e-93,2.461524784846387e-35,1.0,2.2243107946143765e-58,7.67535439379073e-43,cluster-2
null,127,9.706547242158582e-40,1.4979975909556895,-1.0481703149990773,-1.0652388383937106,1.2532837634950171,1.3420556069000673,7,0.7063492063492064,cluster-4,7.49262007207577e-70,1.0284721834973466e-41,2.5076398947798885e-60,3.8616411682111463e-47,1.0,cluster-4
null,127,4.3639347505203387e-47,1.4182446933753976,-1.4250674510565329,-1.4335197712550685,1.8124828188438116,1.2443748720297951,6,0.753968253968254,cluster-1,1.0759363505656083e-100,1.0,3.915183916490904e-49,7.900837596825573e-64,4.144727708439866e-67,cluster-1
null,127,2.5230073287618638e-67,1.2665109821534664,-1.5353510098194514,-1.5420922542719115,2.4630543866495445,1.1213544453082327,10,0.7142857142857143,cluster-2,1.4101069360690815e-136,2.2686521297546577e-70,1.0,2.787550491155201e-102,1.3616742986594903e-69,cluster-2
null,127,4.9707452915268585e-42,1.5181750052784855,-1.300026961198942,-1.3184191816976623,1.1938296340581938,1.3375163315683651,15,0.746031746031746,cluster-3,1.8579477071164718e-45,5.162309807120103e-45,1.4251151425080892e-66,1.0,4.2587150375812556e-44,cluster-3
null,127,9.207596904691001e-39,1.5238425387894396,-1.2617350901205708,-1.2788036135152043,1.1507791834553398,1.3274171368043748,15,0.7619047619047619,cluster-4,9.917133910514687e-41,3.477806275710771e-47,3.3753183735893915e-64,7.500301190216538e-43,1.0,cluster-4
null,127,2.1811674726513485e-41,1.3983338485789192,-1.1830067071389025,-1.1897479515913627,2.095715139794537,1.24449985439056,8,0.6825396825396826,cluster-2,2.570365311615593e-116,2.220741452310928e-43,1.0,3.101114022490161e-79,9.570089611201571e-48,cluster-2
null,127,1.5639022600594223e-44,1.4515863536730036,-1.5486990861066683,-1.5571514063052037,1.4486088790292817,1.2523302264029788,10,0.6507936507936508,cluster-1,1.2629873188320266e-80,1.0,1.4820134203706091e-46,2.120508292257551e-67,8.43957982739438e-64,cluster-1
null,127,8.864979363875585e-44,1.4239687240974856,-1.387449850247601,-1.394191094700061,1.6148637185885213,1.2540815868128523,6,0.6746031746031746,cluster-2,8.541751741504902e-90,8.542594697674865e-46,1.0,7.239645797261057e-75,6.695174289771174e-66,cluster-2
null,127,1.4318996732241355e-39,1.4349028599322242,-1.2803135669137549,-1.287054811366215,1.7895632766363188,1.239426876931362,11,0.7063492063492064,cluster-2,1.9766195222592285e-99,1.5235360454124154e-41,1.0,1.4100929669471332e-73,4.695636381845396e-47,cluster-2
null,127,4.441361012732456e-47,1.3650895470956563,-1.3272481602946604,-1.3339894047471206,2.0113030381090056,1.2181765511923344,9,0.6746031746031746,cluster-2,1.1635311574754793e-111,3.98528280623378e-49,1.0,1.6624139927285169e-74,7.058795871678536e-80,cluster-2
null,127,2.4326256082444033e-81,1.194608117169154,-1.6680676317590428,-1.674808876211503,2.234025249331016,1.0681666418541016,3,0.6825396825396826,cluster-2,6.045685433989348e-124,1.2744799109017142e-83,1.0,2.1186216602199138e-107,7.80879198277989e-101,cluster-2
null,127,4.641740880377465e-56,1.4151795855395384,-1.1055678720549336,-1.122636395449567,1.5045364259734868,1.2725956415885684,7,0.6587301587301587,cluster-4,2.712181743364427e-82,3.508474632317972e-58,1.4962024300102836e-62,1.0391848626021264e-83,1.0,cluster-4
null,103,3.2020902445511905e-45,1.4222934461968029,-1.4989618097694175,-1.5359296846162855,1.6663219859299152,0.9908204558722846,3,0.5784313725490197,cluster-0,1.0,2.6963104764072274e-56,2.894225149116674e-75,2.9820877375626726e-47,6.545824749754356e-50,cluster-0
null,127,2.2854959237132085e-48,1.375715482842803,-1.487012968288632,-1.493754212741092,1.975327379121555,1.199211360921074,5,0.6190476190476191,cluster-2,1.122095576942761e-109,1.9971559272350307e-50,1.0,1.7665840841607682e-79,1.9898590347168523e-69,cluster-2
null,127,4.77775503355565e-40,1.5242086425476737,-1.165285125492126,-1.1823536488867594,1.060168168676181,1.3503106720151394,14,0.6746031746031746,cluster-4,1.6834114992506571e-49,5.024088637202515e-42,3.35738724145945e-59,1.243361621581992e-46,1.0,cluster-4
null,127,8.67664378223272e-44,1.4225683926682973,-1.1820719561238928,-1.188813200576353,1.8087994432824803,1.2611426539897383,11,0.6507936507936508,cluster-2,1.7176893775505557e-100,8.35936152158255e-46,1.0,2.3082997557538244e-72,1.2714332994424062e-56,cluster-2
null,127,6.9846748691590354e-40,1.368944427728215,-1.335619828832431,-1.3440721490309666,2.262668639656127,1.2328145412172198,14,0.7380952380952381,cluster-1,1.5907719283166814e-125,1.0,7.374762157266446e-42,3.7484158039995633e-78,3.166262976587191e-63,cluster-1
null,127,1.101841358116871e-44,1.409692928802698,-1.196381576417938,-1.2031228208703981,1.8856996551273375,1.2516330371204782,4,0.6984126984126984,cluster-2,9.85105507048865e-105,1.0406603252903541e-46,1.0,2.0015179753755224e-73,8.308119296888633e-60,cluster-2
null,127,7.327082689968691e-52,1.4474284676212563,-1.2900217611958662,-1.2984740813944016,1.5211969811146653,1.2645577436554412,4,0.6984126984126984,cluster-1,1.2524870441574775e-84,1.0,4.965057425107136e-67,2.630164378539805e-57,5.975965390774947e-54,cluster-1
null,127,5.322641291265591e-52,1.4613681871214328,-1.6018812524990773,-1.6202734729977977,1.2617654875507505,1.2278966544797036,13,0.6904761904761905,cluster-3,2.5516484228162346e-70,3.722674760498898e-66,2.7109446348735943e-64,1.0,4.3318017823710067e-54,cluster-3
null,127,2.210220227898878e-53,1.3205341490047924,-1.4061735859067421,-1.4129148303592023,2.181781678687869,1.1614668624070683,5,0.753968253968254,cluster-2,4.602147576112888e-121,1.75301830891896e-55,1.0,4.174103565285278e-94,1.527514964110341e-73,cluster-2
null,127,3.583088132406023e-54,1.3934797698509795,-1.2005814679964322,-1.2073227124488923,1.723845234067421,1.2442038490209775,5,0.6825396825396826,cluster-2,8.329673009661925e-96,2.801153568109835e-56,1.0,1.8852120533805663e-76,4.56656916687253e-72,cluster-2
null,127,1.295988900527567e-41,1.4024065387388414,-1.2555467500461368,-1.262287994498597,1.9844009519562007,1.24761205487885,13,0.6904761904761905,cluster-2,3.5446496682353426e-110,1.312537414548767e-43,1.0,5.607615917639013e-66,1.8287796242910968e-68,cluster-2
null,127,1.6623041187099808e-48,1.4716495501381917,-1.5208227202648252,-1.5508045400225214,1.4192330668291706,1.2840447486275255,10,0.7301587301587301,cluster-0,1.0,1.4846653628855735e-56,5.267852894965535e-79,1.4485193273490375e-50,5.7594838956320864e-58,cluster-0
null,127,5.161103192684749e-47,1.4009096722493286,-1.4439113346610482,-1.4523636548595837,1.9748047355591782,1.2376985730006629,12,0.7380952380952381,cluster-1,1.1991029317216699e-109,1.0,4.637421823754854e-49,1.464392482049117e-65,1.0518762751007434e-67,cluster-1
null,127,4.698532747738755e-55,1.421327165735904,-1.434041541392409,-1.4407827858448692,1.6203501543660803,1.2494153012183937,6,0.6904761904761905,cluster-2,4.255400001338084e-90,3.6153072270903417e-57,1.0,3.541543753837444e-71,6.170478551649298e-64,cluster-2
null,127,1.7469322029009028e-42,1.4274548114932037,-1.4665361539585384,-1.4732773984109986,1.8795019435131644,1.2634541659961869,17,0.6190476190476191,cluster-2,2.164312686450709e-104,1.7336956123524867e-44,1.0,1.1718820317981101e-68,1.614201034678909e-52,cluster-2
null,127,1.527940900706631e-65,1.3649781656085105,-1.5469403604822836,-1.5536816049347437,1.753143070250984,1.2052421768743136,5,0.7142857142857143,cluster-2,2.0169452181674466e-97,9.903501429680997e-68,1.0,1.0496983573001979e-77,5.913485366221332e-78,cluster-2
null,127,5.501799906316239e-51,1.370711718737017,-1.703568946658157,-1.7120212668566923,2.113919596033772,1.186952930036715,5,0.7063492063492064,cluster-1,2.546365845438523e-117,1.0,4.565098004062558e-53,1.6113340918940602e-82,6.775592122235805e-59,cluster-1
null,120,1.510485463738962e-44,1.5033397883318314,-1.4027907053629558,-1.4117360775730723,1.0967169443766276,1.2335811585291596,10,0.7647058823529411,cluster-1,6.985957539742868e-58,1.0,1.9717104369978324e-53,1.0038467362836438e-49,1.4298344765470458e-46,cluster-1
null,127,7.323797294971178e-55,1.420365455520848,-1.3617886520746185,-1.3685298965270787,1.6957119919183685,1.2251313544878895,15,0.6666666666666666,cluster-2,2.967072474307074e-94,5.65479297047754e-57,1.0,2.6765273793334203e-67,5.7817876645641814e-64,cluster-2
null,127,1.2480374727479928e-44,1.496858837359658,-1.1006812148206815,-1.117749738215315,1.105108906903605,1.321441198672387,5,0.6984126984126984,cluster-4,1.115005676442534e-61,1.1801406639114814e-46,4.7863526745737246e-61,3.5887914079395604e-55,1.0,cluster-4
null,127,4.592693463062104e-47,1.449557658994557,-1.2992391511211245,-1.30769147131966,1.6556957575279898,1.2703689907030085,10,0.6746031746031746,cluster-1,4.780128119551021e-92,1.0,4.121777180612022e-49,1.163328789008369e-63,5.029256991464222e-53,cluster-1
null,127,2.800054638220707e-67,1.1950153209230665,-1.4609247643177903,-1.4676660087702504,2.5464419868048718,1.1075871550414842,3,0.5952380952380952,cluster-2,3.54793515555055e-141,1.7687373807738718e-69,1.0,8.1968824759099985e-109,6.392083712473316e-98,cluster-2
null,127,5.859470688294822e-39,1.4000924608412135,-1.3000304454893579,-1.3084827656878932,2.02357723206047,1.2307688350536288,22,0.7222222222222222,cluster-1,2.447879020389691e-112,1.0,6.330414043993507e-41,1.937949074179878e-72,5.318925179584527e-62,cluster-1
null,127,1.6756849997105492e-37,1.5204652633249949,-0.9257806492602731,-0.9428491726549064,1.0363620547797736,1.3581666722874413,8,0.6825396825396826,cluster-4,1.5593198221259763e-57,2.0047186671805421e-44,6.902988519644475e-58,1.879180385480622e-39,1.0,cluster-4
null,127,1.2683877810303428e-56,1.3930000779704859,-1.5076583501860852,-1.5260505706848055,1.683915626345657,1.2362525932247963,6,0.6825396825396826,cluster-3,1.9338406377431464e-67,9.493786690722573e-59,1.5728979629903217e-81,1.0,1.3272765055349783e-93,cluster-3
null,127,9.629531321196786e-62,1.4269763881242858,-1.48365867794968,-1.4921109981482155,1.4699920894592764,1.2488241899488997,7,0.6587301587301587,cluster-1,8.356020225633084e-82,1.0,4.99100233087801e-65,6.107996312563569e-64,9.925654503627176e-70,cluster-1
null,127,4.4375823711703186e-48,1.4785010130286178,-0.9434612604576772,-0.9605297838523105,1.2932806540661907,1.3145266900875583,7,0.626984126984127,cluster-4,5.425656777114914e-53,4.662182234388587e-72,3.8947591704236514e-50,4.8660053518035466e-64,1.0,cluster-4
null,127,4.861441247977014e-45,1.5079114461191172,-1.4730264258196974,-1.4814787460182328,1.0188633475716655,1.3012783323185229,16,0.7619047619047619,cluster-1,6.370673277534103e-57,1.0,1.4933901098165688e-56,4.555961087025171e-47,8.284309816443845e-55,cluster-1
null,127,1.6019628487262704e-41,1.4014613135280192,-1.2472037968673104,-1.2539450413197708,1.635355431263841,1.2321499956066848,12,0.6825396825396826,cluster-2,6.328755997432418e-91,1.6259443871798208e-43,1.0,3.0475272704072605e-82,4.894522368271206e-73,cluster-2
null,127,1.4803667140974924e-38,1.4718985480859637,-1.1720353975070743,-1.1804877177056097,1.4860336423858882,1.2863627659648451,14,0.746031746031746,cluster-1,1.089484929161208e-82,1.0,6.208656396219988e-42,4.52566645512029e-69,1.5507142161419917e-40,cluster-1
null,127,7.116190206056632e-60,1.4431451998074776,-1.4941098671259843,-1.5025621873245196,1.3008374792384352,1.2267831318493565,10,0.7142857142857143,cluster-1,1.7856220328064376e-72,1.0,3.069844877508159e-69,5.041008130111009e-62,7.846465370292137e-66,cluster-1
null,127,2.357819326473071e-43,1.4796164319856715,-0.9895949476347194,-0.9980472678332549,1.4829437976747046,1.308079419556559,15,0.7698412698412699,cluster-1,1.61303148877909e-82,1.0,2.293909133434189e-45,7.235278125198515e-54,1.924942365124807e-52,cluster-1
null,127,5.161181237845319e-47,1.4009097265876558,-1.4439114548089935,-1.4523637750075291,1.9748046154112329,1.2376985631202009,12,0.7380952380952381,cluster-1,1.199121228719964e-109,1.0,4.6374925857361265e-49,1.4644148270755838e-65,1.0519244272774557e-67,cluster-1
null,127,2.3085006392971474e-54,1.4233760046102941,-1.200734296182948,-1.207475540635408,1.4630761334276572,1.24871803054442,6,0.6904761904761905,cluster-2,2.011183967484147e-81,1.7984885256019125e-56,1.0,2.4010578484122644e-72,1.052147025197774e-71,cluster-2
null,99,2.429570187901435e-38,1.4319934490039656,-1.2317571158360954,-1.2425999912422974,1.696699200254498,0.9615708643269861,6,0.6938775510204082,cluster-1,1.1224243715687266e-73,1.0,2.6662614343142086e-40,3.4145940548848826e-51,6.895917407973137e-48,cluster-1
null,127,4.741366629704952e-49,1.4433971528349605,-1.4583557609498032,-1.4883375807074994,1.4709114615372783,1.2414335153393885,6,0.6666666666666666,cluster-0,1.0,6.588274844725331e-76,7.435174206806511e-82,4.0864222054159163e-51,1.0202510934152484e-55,cluster-0
null,127,1.4395736579889978e-54,1.4511783028915712,-1.1055822898083785,-1.1355641095660747,1.380492563322773,1.29443667158231,1,0.5793650793650794,cluster-0,1.0,7.217413289435288e-77,1.3265277126715235e-70,9.314361477959019e-57,1.8207221993899317e-57,cluster-0
null,127,6.567238105675223e-52,1.4945457845458647,-1.4250634861743356,-1.443455706673056,1.0701536644162157,1.29227472749352,15,0.7222222222222222,cluster-3,9.445988922771471e-60,3.400237063448036e-55,2.302220855529718e-59,1.0,5.0034784059824176e-54,cluster-3
null,127,1.5191356808676098e-45,1.4333373352297263,-1.3621399646668921,-1.3688812091193525,1.8576262466550815,1.2349349495883732,14,0.6904761904761905,cluster-2,3.482433228994518e-103,1.4046248335486539e-47,1.0,8.086032838242557e-66,3.33741862987162e-50,cluster-2
null,127,5.686987148627124e-54,1.426856226612275,-1.4574361485759104,-1.474504671970544,1.676954134242741,1.2185106696415848,12,0.6666666666666666,cluster-4,3.213107699908397e-93,4.443158731274789e-56,1.9120526001553015e-69,1.8073587872542984e-58,1.0,cluster-4
null,127,2.070801761043387e-58,1.3364976315937458,-1.3434137059008981,-1.3501549503533583,2.1114837165892593,1.217904853212155,12,0.6111111111111112,cluster-2,3.469546429541102e-117,1.5033325067224595e-60,1.0,7.14785180002533e-83,7.279103557798833e-76,cluster-2
null,127,2.648619078799666e-40,1.431356585065239,-1.2258645605853224,-1.2326058050377826,1.7722966952586734,1.2321504737394178,15,0.6111111111111112,cluster-2,1.7712027145302333e-98,2.7667440504597508e-42,1.0,2.789532614054284e-77,1.0590306038332097e-45,cluster-2
null,127,9.423141784422912e-64,1.2976337558526583,-1.2832849457507998,-1.29002619020326,2.260328998715859,1.1735483396094346,8,0.6190476190476191,cluster-2,2.141172952113959e-125,6.276495707137992e-66,1.0,5.1804113983133475e-93,7.133086607918375e-76,cluster-2
null,112,3.074155161347478e-38,1.3967380730387455,-1.31913879939488,-1.326782889086509,1.7549486160278323,1.0869241452050287,2,0.7027027027027027,cluster-2,4.340862245123074e-86,3.382474618224163e-40,1.0,7.694348764568609e-66,2.6634089707820152e-67,cluster-2
null,127,4.707815100215255e-49,1.4496831995178079,-1.3227123350609007,-1.331164655259436,1.542034960168553,1.2612505485055965,11,0.6746031746031746,cluster-1,8.880679337793115e-86,1.0,3.943569685698138e-51,1.3153369284121973e-69,1.0942248068165354e-52,cluster-1
null,127,2.831832902014104e-67,1.393518185399255,-1.3629659817913387,-1.3813582022900588,1.5426090270515502,1.2117617452782667,7,0.6507936507936508,cluster-3,1.399404573645207e-70,1.6458796468842955e-69,8.25625885609241e-86,1.0,1.5736213460711575e-77,cluster-3
null,127,5.374368124868442e-43,1.456548092825022,-1.140392393577756,-1.1471336380302162,1.6522267259012056,1.275311133585032,7,0.6587301587301587,cluster-2,7.426349106279073e-92,5.2713613895930145e-45,1.0,2.9852404806950563e-62,1.8813206808779653e-51,cluster-2
null,127,1.4279297982959045e-35,1.464303697291592,-1.1463201327586736,-1.1547724529572092,1.8471858707938607,1.3061639636830766,20,0.6984126984126984,cluster-1,1.3113719700752802e-102,1.0,1.6864041058105152e-37,7.522037212705875e-46,5.248093559830454e-50,cluster-1
null,127,8.248921442121172e-53,1.3494185990510723,-1.2260984886349655,-1.2328397330874257,1.850103423351378,1.2234353848376074,1,0.626984126984127,cluster-2,9.053304351299697e-103,6.61218880078051e-55,1.0,6.094867574527874e-87,2.3193210697750335e-82,cluster-2
null,127,2.6967904038141964e-36,1.5271176088018978,-1.2261848750076896,-1.234637195206225,1.1564632626030387,1.2919194262169558,23,0.7936507936507936,cluster-1,1.63986119495725e-64,1.0,1.3345705574206025e-43,3.122724774587434e-38,6.9081481849925425e-44,cluster-1
null,127,1.672956359612321e-62,1.291229110747579,-1.2340815987173968,-1.240822843169857,2.241148220272515,1.1650381359838122,5,0.6190476190476191,cluster-2,2.446669119925823e-124,1.1362280154973098e-64,1.0,2.6335752125107003e-89,2.303051211874503e-85,cluster-2
null,127,3.071753586564752e-45,1.4576451620815722,-1.366631094864973,-1.373372339317433,1.5707043024498646,1.2587885621910933,10,0.7222222222222222,cluster-2,2.3290411967573177e-87,2.865614866002733e-47,1.0,9.473457541136865e-66,6.148972121448355e-51,cluster-2
null,127,2.070801761043387e-58,1.3364976315937458,-1.3434137059008981,-1.3501549503533583,2.1114837165892593,1.217904853212155,12,0.6111111111111112,cluster-2,3.469546429541102e-117,1.5033325067224595e-60,1.0,7.14785180002533e-83,7.279103557798833e-76,cluster-2
null,127,9.402742318832168e-46,1.4463448843452138,-1.175539031742126,-1.1926075551367594,1.6325500968873032,1.2729914713592891,15,0.626984126984127,cluster-4,9.037487078966921e-91,8.677045958636094e-48,2.7177875646902745e-65,8.041374743084848e-57,1.0,cluster-4
null,127,3.141459490818938e-67,1.3838566069554654,-1.5244734155850148,-1.5329257357835502,1.5644574503260333,1.2129340125790704,11,0.5793650793650794,cluster-1,2.244050422415283e-72,1.0,1.9834930433347748e-69,5.149022542431693e-87,9.506509372138053e-81,cluster-1
null,127,3.185309123857761e-67,1.2864328516269508,-1.0456357940914125,-1.0523770385438727,2.1832582969365157,1.1892979350450035,7,0.626984126984127,cluster-2,3.8151979143839114e-121,2.013744999743086e-69,1.0,2.895849295969748e-97,9.485002324733535e-79,cluster-2
null,127,1.2424859077503759e-42,1.5171264644268736,-1.2402288481945127,-1.258621068693233,1.0882909579539863,1.3142527423521542,17,0.6507936507936508,cluster-3,9.32807251497778e-45,2.893849809478154e-45,9.437952047308126e-61,1.0,8.874050987265312e-54,cluster-3
null,127,9.322127924770295e-58,1.3347424945192887,-1.3596109705647146,-1.3663522150171747,2.0309914416215555,1.197496935562746,3,0.5555555555555556,cluster-2,9.546765656235532e-113,6.84283762780439e-60,1.0,3.7773135121107517e-84,1.8099741555547862e-80,cluster-2
null,127,1.0802417292997932e-55,1.450068070559562,-1.3330287182424951,-1.3414810384410305,1.3210062342365896,1.2664680671898498,11,0.6904761904761905,cluster-1,1.3783953607088387e-73,1.0,4.795115017453423e-65,8.21829195084017e-58,2.1130793664604343e-67,cluster-1
null,127,4.770142539110552e-56,1.4279905753631594,-1.4840740293968382,-1.4908152738492984,1.5279273085706817,1.2108197763139168,9,0.6666666666666666,cluster-2,5.327940234982951e-85,3.585105173236688e-58,1.0,2.017684502598786e-74,2.0380125371586226e-60,cluster-2
null,127,7.020414866072219e-39,1.4772807862250692,-1.0330626720518579,-1.0501311954464911,1.4244683934008981,1.2972395277864661,12,0.6984126984126984,cluster-4,2.7094248627905445e-79,7.599670580053406e-41,1.966474426795888e-61,1.6204747424365796e-53,1.0,cluster-4
null,87,3.7588798037772095e-27,1.4754586799060867,-1.3380221662850216,-1.3478628334742448,1.5504439781452046,0.8629902652525618,5,0.6744186046511628,cluster-2,2.6218872634359135e-59,5.781030503755245e-29,1.0,2.2025563776024186e-39,4.093494061432354e-34,cluster-2
null,127,3.6054041196872865e-56,1.2340515529046603,-1.3702827513687255,-1.3770239958211856,2.6068603035033218,1.1298492135254539,7,0.6587301587301587,cluster-2,1.6503623109812912e-144,2.720047939538101e-58,1.0,1.8490068766328325e-109,5.909994387833159e-84,cluster-2
null,110,3.9240958388513626e-53,1.3919133924074225,-1.7352333762428978,-1.7449919641084795,1.6751420454545456,1.0320306258311325,12,0.7155963302752294,cluster-1,9.428787718205757e-81,1.0,9.599522884307051e-63,3.1267147385903604e-55,1.7780708055298178e-64,cluster-1
null,127,1.1026892188869683e-41,1.5202937721308711,-1.1456551138810285,-1.1640473343797488,1.0829984409602609,1.3360680425980351,15,0.7777777777777778,cluster-3,1.1132393638699187e-43,7.608624219450137e-51,1.8483689058771948e-60,1.0,1.5664650249546054e-46,cluster-3
null,127,6.361206102985818e-66,1.2429663448999848,-1.573557696004552,-1.5802989404570122,2.4088492806502213,1.1481930631548964,3,0.6349206349206349,cluster-2,1.3770709254280103e-133,4.0996428041899436e-68,1.0,2.943087977618206e-99,2.6535914449341822e-90,cluster-2
null,127,2.24524667961858e-44,1.3454619241127659,-1.2613050806240773,-1.2680463250765375,2.151678250530573,1.2067593175707625,6,0.5476190476190477,cluster-2,2.1053637370575198e-119,2.1350682818750252e-46,1.0,1.878614618524033e-91,5.534462507400456e-68,cluster-2
null,127,3.1414593785237194e-67,1.3838565655719308,-1.5244734155850148,-1.5329257357835502,1.5644574503260333,1.2129340153320949,11,0.5793650793650794,cluster-1,2.2439819404761573e-72,1.0,1.9834930433347748e-69,5.149022542431693e-87,9.506219260922362e-81,cluster-1
null,127,1.3613315820808843e-41,1.4895992468682187,-1.438174630713275,-1.4466269509118106,1.423619187722995,1.288293060374874,21,0.753968253968254,cluster-1,3.017973276825776e-79,1.0,7.754394591524871e-45,1.6381172372779287e-56,1.2988105910942723e-43,cluster-1
null,127,1.1473440475579482e-44,1.4692598542664959,-1.4976310429610604,-1.506083363159596,1.605805044099102,1.2483283867550934,15,0.8095238095238095,cluster-1,2.6988686748435014e-89,1.0,9.221849967404534e-47,5.006506478506916e-57,1.5758920836894394e-47,cluster-1
null,127,9.364657495396146e-66,1.2536075928353534,-1.2534248171828863,-1.2601660616353465,2.2894357996662773,1.1682072516963533,4,0.626984126984127,cluster-2,5.311956656660414e-127,6.050472082604066e-68,1.0,8.356141340113329e-91,5.538409066830853e-99,cluster-2
null,108,2.516959645450072e-36,1.4899899920259982,-1.488525390625,-1.498464693080685,1.3416570027669272,1.0790416748235352,12,0.719626168224299,cluster-1,1.1781018714449289e-63,1.0,2.903779240000494e-38,2.9339134175079436e-50,7.751098039775227e-41,cluster-1
null,127,1.7234632210187413e-64,1.3458346490538289,-1.7569397453248032,-1.7653920655233386,1.9527064045583167,1.1680502537846256,1,0.7222222222222222,cluster-1,1.9847176544506465e-108,1.0,1.135022545440305e-66,2.1943192739743367e-78,1.7089375688798902e-78,cluster-1
null,127,8.59536708968049e-53,1.4095399093533647,-1.1761433759073572,-1.1828846203598176,1.634551281065453,1.203037346888416,7,0.7301587301587301,cluster-2,7.009250433432854e-91,6.892184734398601e-55,1.0,5.5231831531366875e-74,2.9546843089771403e-70,cluster-2
null,127,1.2847785879661179e-52,1.4617949268906738,-1.191350981945128,-1.1998033021436634,1.410258135457677,1.2648309195251843,9,0.746031746031746,cluster-1,1.6468330013742429e-78,1.0,1.0332511176090217e-54,2.8390391489480585e-58,8.591545989680882e-62,cluster-1
null,127,2.6091181330995156e-55,1.445520183874099,-1.4149258831354576,-1.423378203333993,1.405916469303642,1.2634377206461151,1,0.7301587301587301,cluster-1,2.858353191928027e-78,1.0,1.9984824997881656e-57,9.631015733426697e-66,3.1880025793341386e-65,cluster-1
null,127,1.1066960982529531e-47,1.4239115001439941,-1.4694525050366019,-1.4779048252351372,1.8269279660202389,1.259803006062588,9,0.7301587301587301,cluster-1,1.7181406829291773e-101,1.0,3.37564543709212e-61,9.807123602413796e-50,3.081009653932964e-64,cluster-1
null,127,2.3085355900584416e-54,1.4233760611247583,-1.2007344163308933,-1.2074756607833534,1.4630760132797118,1.248718046122422,6,0.6904761904761905,cluster-2,2.0112146559502065e-81,1.7985159685683286e-56,1.0,2.4011677626336894e-72,1.052163079809781e-71,cluster-2
null,127,3.479572058339276e-51,1.3892739864390888,-1.448586531511442,-1.455327775963902,1.878247118371678,1.2160524642349158,12,0.5952380952380952,cluster-2,2.5382265745441e-104,2.876141462677393e-53,1.0,9.951796903885643e-81,1.1872654465895317e-62,cluster-2
null,127,1.0988096004027396e-26,1.5167575922308192,-1.032192200187623,-1.0406445203861585,1.3785282645638535,1.3473050651051148,23,0.7777777777777778,cluster-1,9.262394133100809e-77,1.0,1.7187486053862505e-28,1.0117375006936379e-45,1.3114216787569767e-35,cluster-1
null,127,5.692293186485933e-53,1.3064483565852083,-1.5782083826740896,-1.5849496271265497,2.1068804883581445,1.1269982488821988,5,0.7301587301587301,cluster-2,6.225376103875857e-117,4.549204267794109e-55,1.0,4.075517550579249e-92,7.081206042351832e-88,cluster-2
null,127,4.508727194895158e-54,1.4650571455762016,-1.1242008960153174,-1.1412694194099509,1.322360662024791,1.2866562764171432,9,0.6984126984126984,cluster-4,3.530900464090846e-56,2.525688403698979e-60,1.1605658772861459e-73,9.582368674748013e-62,1.0,cluster-4
null,127,1.0596287168689785e-69,1.3215856330159195,-1.1186869463582678,-1.125428190810728,1.868900329109252,1.1918439054721568,5,0.6904761904761905,cluster-2,8.31871565481768e-104,6.464310616152345e-72,1.0,3.045897820838299e-91,9.628816493469125e-80,cluster-2
null,127,6.958398799673442e-38,1.4660429124571717,-1.20819091796875,-1.2166432381672854,1.5572697196419782,1.2772146775324797,8,0.6904761904761905,cluster-1,1.2828236218503872e-86,1.0,7.726510841674707e-40,1.729917676240044e-58,2.7237769185103933e-57,cluster-1
null,127,6.66885567710403e-61,1.345609559627851,-1.3477756770577018,-1.366167897556422,1.737210251214936,1.195809668259003,3,0.5873015873015873,cluster-3,4.646419591126759e-63,1.6692426684688332e-77,1.525720905276217e-96,1.0,2.5334221242734833e-94,cluster-3
null,127,2.8087812066231623e-47,1.4992196985031685,-1.0816179410679134,-1.098686464462547,1.1632202629029282,1.2999312869277824,12,0.6984126984126984,cluster-4,6.952196521760704e-65,2.480945584432562e-49,4.4763820606340637e-57,2.7621440922660623e-51,1.0,cluster-4
null,127,2.648619078799666e-40,1.431356585065239,-1.2258645605853224,-1.2326058050377826,1.7722966952586734,1.2321504737394178,15,0.6111111111111112,cluster-2,1.7712027145302333e-98,2.7667440504597508e-42,1.0,2.789532614054284e-77,1.0590306038332097e-45,cluster-2
null,127,3.51300341734248e-45,1.4676619380689782,-1.3680518443190206,-1.3765041645175562,1.5385119821142965,1.2694413609655766,12,0.6984126984126984,cluster-1,1.3891765700760736e-85,1.0,3.2783826320524703e-47,8.705003262697804e-61,3.5255007114140695e-50,cluster-1
null,127,1.48548120587906e-65,1.3201769127295817,-1.4634912445789248,-1.470232489031385,1.9510566531203863,1.1687904552087605,9,0.6904761904761905,cluster-2,2.4473237903704548e-108,9.626524772115296e-68,1.0,4.056045646891327e-88,6.3673333814292604e-83,cluster-2
null,127,2.8399777695462953e-46,1.4818990458680001,-1.2675185316190944,-1.2759708518176298,1.377403439499262,1.27953804894288,18,0.7142857142857143,cluster-1,1.0684727059052118e-76,1.0,9.196757287677763e-49,2.840964665873699e-60,1.6567508905186788e-48,cluster-1
null,109,7.129710158231678e-49,1.4549065166999475,-1.3985576104680333,-1.4184447891021474,1.2779809794294725,1.0638561378542875,8,0.7129629629629629,cluster-4,3.182808282620905e-61,6.1665426147124e-51,1.08595579923865e-56,3.1046555365511135e-55,1.0,cluster-4
null,118,1.8921945504313692e-35,1.4704007574337599,-1.4736924252267611,-1.5059609939490275,1.3853430020607123,1.2028609667831551,4,0.7350427350427351,cluster-0,1.0,1.013153110460359e-71,5.071119450520324e-68,2.2422506273878654e-37,3.159838204361104e-44,cluster-0
null,127,5.990565444902027e-36,1.5331277378584764,-1.5531659464197836,-1.5715581669185037,0.9668937142439715,1.3001089403756145,20,0.7063492063492064,cluster-3,4.68372302902333e-54,7.002250382806649e-38,1.414247426042926e-49,1.0,5.820478875922894e-46,cluster-3
null,127,7.110247951753976e-49,1.4688029376734186,-1.3666676198403667,-1.375119940038902,1.4637031855545644,1.286548125593769,10,0.6984126984126984,cluster-1,1.8572334111880962e-81,1.0,6.149347436376151e-51,2.159794132882252e-58,5.194323876622862e-55,cluster-1
null,127,1.808781379069174e-42,1.4491681440297208,-1.1596332459937868,-1.1680855661923224,1.6742951400636688,1.2771291369309759,16,0.6666666666666666,cluster-1,4.503842225494715e-93,1.0,5.325970517385962e-47,2.0029885444829868e-69,1.790012289179846e-44,cluster-1
null,127,3.611668896037235e-64,1.3546777541528883,-2.107446865772638,-2.125839086271358,1.7992705097348671,1.1668041570534076,13,0.6666666666666666,cluster-3,2.390263213671298e-66,1.2098348238934423e-81,5.761250564740005e-100,1.0,7.490899616015712e-79,cluster-3
null,127,1.0890954412061439e-57,1.3459584849355448,-1.2776805246908833,-1.2960727451896037,2.1562051848163755,1.2065087424386176,1,0.6428571428571429,cluster-3,8.003628556043181e-60,6.792815891756316e-70,1.1847924299108078e-119,1.0,3.813238531022413e-81,cluster-3
null,112,3.0505972323933304e-42,1.4462972381463413,-1.3359122957502092,-1.3454966231181913,1.6267061233520508,1.1214376656005893,9,0.7837837837837838,cluster-1,7.50614204024276e-80,1.0,3.8183331753423234e-51,3.0444953483870305e-44,6.1279052850339215e-56,cluster-1
null,127,5.691469585201934e-51,1.4582849484360965,-1.1886164147084153,-1.1970687349069509,1.5525594395915356,1.2567230185523135,14,0.6825396825396826,cluster-1,2.333266388570387e-86,1.0,4.716986229362644e-53,2.283112495664818e-58,6.4040821170226095e-56,cluster-1
null,127,1.0871280254741826e-42,1.4614237726469312,-1.208281149075726,-1.2167334692742613,1.6058780940498893,1.2806381434844913,4,0.7698412698412699,cluster-1,2.673946128679666e-89,1.0,1.0737856345786803e-44,5.290900203194305e-61,2.325291975599161e-52,cluster-1
null,127,1.295988900527567e-41,1.4024065387388414,-1.2555467500461368,-1.262287994498597,1.9844009519562007,1.24761205487885,13,0.6904761904761905,cluster-2,3.5446496682353426e-110,1.312537414548767e-43,1.0,5.607615917639013e-66,1.8287796242910968e-68,cluster-2
null,127,6.165986680121199e-31,1.5306170944741142,-0.8765039519062192,-0.8935724753008526,1.0982558483213891,1.3775779876810639,14,0.7301587301587301,cluster-4,2.6623200338221232e-61,8.21353856943284e-33,1.252880171833823e-52,1.253666149016204e-34,1.0,cluster-4
null,127,6.692354740484016e-36,1.4981653449178076,-1.2790677528681718,-1.2875200730667071,1.3246737502691315,1.3152249896091532,10,0.7777777777777778,cluster-1,8.651481668054369e-74,1.0,7.832820365652188e-38,9.059071420459088e-51,3.0189213149670566e-54,cluster-1
null,127,3.51300341734248e-45,1.4676619380689782,-1.3680518443190206,-1.3765041645175562,1.5385119821142965,1.2694413609655766,12,0.6984126984126984,cluster-1,1.3891765700760736e-85,1.0,3.2783826320524703e-47,8.705003262697804e-61,3.5255007114140695e-50,cluster-1
null,127,8.671876536865548e-47,1.4452953409783655,-1.5388733871339813,-1.5473257073325166,1.6325871024544785,1.2650794680938926,9,0.7142857142857143,cluster-1,8.995113187827652e-91,1.0,9.089574820671486e-57,1.7748780710588144e-65,7.828803537634057e-49,cluster-1
null,127,7.05110742226575e-40,1.431202643639669,-1.333646398829663,-1.3420987190281983,2.0723563366987574,1.2512417193325378,26,0.753968253968254,cluster-1,4.9929700523484e-115,1.0,7.445657023808968e-42,1.0466347603051207e-56,7.522391110326587e-51,cluster-1
null,127,7.405434765082043e-50,1.3829233244992407,-1.28997802734375,-1.2984303475422854,1.6599668968380907,1.2395647630691595,5,0.6666666666666666,cluster-1,2.7788374506349075e-92,1.0,6.281282942061345e-52,8.767427021365667e-90,1.855217707665756e-71,cluster-1
null,127,1.4668251263267895e-40,1.473913277913572,-1.1243164783387671,-1.1310577227912275,1.5448902760903667,1.307155331384691,5,0.6904761904761905,cluster-2,6.179596227698991e-86,1.5233783590017078e-42,1.0,3.916123948012388e-57,3.339671121319926e-51,cluster-2
null,127,1.305200404156841e-52,1.4499269369572896,-1.5892938328540231,-1.5977461530525585,1.5137339914877583,1.2277276828524706,15,0.746031746031746,cluster-1,3.231449804962985e-84,1.0,2.2262977512418795e-65,1.0438845546557655e-54,5.93739561602065e-57,cluster-1
null,127,1.70837046228909e-63,1.323562356389596,-1.599664643054872,-1.6064058875073322,2.1259828101931593,1.1498930168945796,5,0.626984126984127,cluster-2,5.502618549050031e-118,1.142455588012864e-65,1.0,3.3088933687773054e-89,7.32725933576131e-72,cluster-2
null,127,3.8998990192909445e-49,1.4811927694181688,-1.5981846606637549,-1.6066369808622902,1.308406799796998,1.2694905220834756,12,0.6587301587301587,cluster-1,6.828112044400748e-73,1.0,4.842043647971704e-57,1.809996258193264e-56,3.3555571387862324e-51,cluster-1
null,127,1.3955086136386364e-46,1.4046863073720581,-1.3620220995324803,-1.3687633439849405,1.8429594265194391,1.225635426095209,19,0.7222222222222222,cluster-2,2.243040513175807e-102,1.2653226380420837e-48,1.0,5.45678328209632e-71,7.384855455865729e-68,cluster-2
null,127,1.5959439166775035e-51,1.373523711187778,-1.5356623131459153,-1.5424035575983754,1.9682499442513532,1.1991665615547502,10,0.6190476190476191,cluster-2,2.756694222614242e-109,1.310659488007858e-53,1.0,1.8404418556109516e-80,3.5670527433324112e-68,cluster-2
null,127,8.529732907871211e-38,1.4884950995288464,-1.2407480074664738,-1.2492003276650094,1.5503377839336248,1.2991594882644741,10,0.7619047619047619,cluster-1,3.09385980093883e-86,1.0,4.164554403464785e-52,4.731014689774708e-42,9.442338260001678e-40,cluster-1
null,125,4.888343247336538e-36,1.4680414983158558,-1.34854150390625,-1.357129061227962,1.5174641113281249,1.2803917875642765,10,0.7258064516129032,cluster-1,4.1851761861349914e-83,1.0,5.70017757417366e-38,7.246076078543276e-62,2.7911420434626844e-53,cluster-1
null,127,8.002827522627233e-42,1.494498679548067,-1.0427684633750616,-1.0598369867696948,1.2438048114926796,1.3148058360722166,1,0.6746031746031746,cluster-4,2.497175659444218e-69,8.065236710315578e-44,4.5686879500584966e-60,9.935486210744307e-51,1.0,cluster-4
null,127,1.5686562378445577e-45,1.5031209425670131,-0.8608529999500184,-0.8779215233446518,1.1606116707869405,1.3301962036552606,15,0.7222222222222222,cluster-4,9.682778107322775e-65,1.4509936204909296e-47,5.003473314319346e-56,3.3094008532749855e-50,1.0,cluster-4
null,127,1.8307281079388813e-59,1.2579262963881592,-1.134685005728654,-1.1414262501811143,2.523800947534757,1.164203751037796,11,0.48412698412698413,cluster-2,6.291457005309609e-140,1.3058830980624588e-61,1.0,2.421636112855549e-101,2.0219777493938316e-80,cluster-2
null,127,2.250318930466428e-67,1.336677834400935,-1.6770602248785065,-1.6838014693309666,1.8631775623231421,1.1570650829152902,12,0.6428571428571429,cluster-2,1.7206707114758155e-103,1.4195082424533469e-69,1.0,2.751912925035816e-87,2.2211605324898046e-77,cluster-2
null,127,8.601830438958918e-57,1.3518863421643785,-1.1937558632197343,-1.2004971076721944,2.080936221625861,1.1958770648617207,5,0.6349206349206349,cluster-2,1.6793142873974895e-115,6.419603939605932e-59,1.0,7.193602382916244e-79,1.6691187172890302e-73,cluster-2
null,127,3.476178854803102e-34,1.4340157282266552,-1.3586001659002829,-1.3653414103527433,1.7370099645899977,1.26748466030033,20,0.7301587301587301,cluster-2,1.5650275450352029e-96,4.2682956096262357e-36,1.0,1.429821743044655e-71,3.317997402971853e-57,cluster-2
null,127,5.249569132006296e-53,1.4229964149547352,-1.2016552301842396,-1.218723753578873,1.4943884902113067,1.237825901211374,10,0.6190476190476191,cluster-4,3.77056350710135e-83,3.160240012338238e-64,1.2113560116967572e-78,4.192650320836511e-55,1.0,cluster-4
null,127,6.19993303762279e-56,1.3410603553437501,-1.328040175550566,-1.3347814200030261,2.0083041453924704,1.2078202586614162,7,0.6349206349206349,cluster-2,1.7028764617335983e-111,4.6968103802884925e-58,1.0,2.752858578061192e-94,2.3391161398452837e-68,cluster-2
null,127,1.3865437637830414e-51,1.4183615986237388,-1.2617341289370079,-1.2701864491355432,1.6992591197096458,1.2444870738893243,7,0.6904761904761905,cluster-1,1.8909711598962255e-94,1.0,1.1373662141024637e-53,1.1236716124998682e-72,5.622792912635767e-62,cluster-1
null,127,4.43716882461646e-59,1.4691348055507605,-1.0346507875938116,-1.0517193109884448,1.1430554727869708,1.2708937572236092,7,0.626984126984127,cluster-4,1.3681779035600825e-61,1.758706314200573e-61,9.001587112960497e-64,3.2225595081052774e-63,1.0,cluster-4
null,127,5.462599591540658e-40,1.4260793494211268,-1.3058887391578493,-1.3126299836103097,1.7328861266609252,1.2520208396640666,14,0.6587301587301587,cluster-2,2.6422500385334277e-96,5.7525921729239e-42,1.0,8.771309777378275e-67,4.438576864097234e-67,cluster-2
null,127,3.51300341734248e-45,1.4676619380689782,-1.3680518443190206,-1.3765041645175562,1.5385119821142965,1.2694413609655766,12,0.6984126984126984,cluster-1,1.3891765700760736e-85,1.0,3.2783826320524703e-47,8.705003262697804e-61,3.5255007114140695e-50,cluster-1
null,127,3.238862661732477e-55,1.3537809081074883,-1.3539951354499877,-1.360736379902448,2.028356236735667,1.2085604247659747,11,0.7301587301587301,cluster-2,1.3341419483666264e-112,2.48498939387446e-57,1.0,1.6030120548045473e-85,2.46514695283425e-69,cluster-2
null,127,1.3460931506199634e-47,1.49703793086556,-1.322233185054749,-1.3406254055534694,1.2032196765809546,1.302498865056649,16,0.6587301587301587,cluster-3,1.1818282727582796e-49,1.2498305168317878e-51,4.324524987272685e-67,1.0,7.455892874724125e-56,cluster-3
null,127,8.110642508752214e-54,1.4001250378542769,-1.2228231354961245,-1.2295643799485847,1.8251173364834523,1.2327188914176597,12,0.6349206349206349,cluster-2,2.162343655120704e-101,6.381743622796077e-56,1.0,7.88544137223883e-74,3.674118578045522e-64,cluster-2
null,121,1.9298189222224308e-55,1.4525195435677118,-1.3293570526375258,-1.338228496151691,1.311891918340005,1.199829052689623,5,0.7083333333333334,cluster-1,1.1496405145329557e-69,1.0,1.2426671146159192e-57,2.7270837556094998e-64,2.2719223233847916e-58,cluster-1
null,127,3.288138105842951e-36,1.4656932527496038,-1.5783162755290354,-1.5867685957275708,1.557404765932579,1.2761171849704214,13,0.6507936507936508,cluster-1,1.2610096682093654e-86,1.0,3.8163634276261814e-38,4.6769753587901495e-61,2.019313308337426e-55,cluster-1
null,127,4.925181290689503e-30,1.4499191666549276,-1.1138209545706201,-1.1205621990230803,1.81892791507751,1.3023030350644096,13,0.7619047619047619,cluster-2,4.745748561403698e-101,6.863745261515845e-32,1.0,1.7649396441149884e-65,1.5046987688065346e-44,cluster-2
null,127,5.692293186485933e-53,1.3064483565852083,-1.5782083826740896,-1.5849496271265497,2.1068804883581445,1.1269982488821988,5,0.7301587301587301,cluster-2,6.225376103875857e-117,4.549204267794109e-55,1.0,4.075517550579249e-92,7.081206042351832e-88,cluster-2
null,127,1.0739704512563268e-59,1.369908947167998,-1.429406113511934,-1.4593879332696302,1.7982848159910187,1.2211729041003214,4,0.5396825396825397,cluster-0,1.0,2.733540541405472e-87,6.529547651595596e-100,7.631458187781725e-62,6.976684397224831e-67,cluster-0
null,127,1.5276917387333015e-41,1.4426880496262222,-1.319751649390994,-1.3282039695895296,1.9154410775252217,1.2874188337296308,11,0.7698412698412699,cluster-1,2.2546686266436e-106,1.0,1.5498070422190574e-43,1.2567657487986962e-54,2.453421452329978e-53,cluster-1
null,127,5.515522289939916e-46,1.369077013048131,-1.2789597398652806,-1.2857009843177407,1.9778930183470718,1.202299455588921,10,0.6666666666666666,cluster-2,8.100671012259043e-110,5.064675305514068e-48,1.0,1.4008320487454411e-83,1.6377681637977747e-70,cluster-2
null,127,4.991369334717608e-35,1.4874021016574779,-1.214919202909695,-1.2233715231082303,1.2235109824833907,1.2971696738790066,15,0.7222222222222222,cluster-1,3.2867247368544463e-68,1.0,5.984389328607986e-37,1.2931726681861467e-61,7.414694199469081e-60,cluster-1
null,127,6.205076994387687e-61,1.3565913079386767,-1.4529434564545398,-1.459684700907,1.9168577419491264,1.1869126458842412,13,0.5952380952380952,cluster-2,1.883415021561e-106,4.3211038179783586e-63,1.0,3.089134695094372e-76,3.8692458869596996e-79,cluster-2
null,127,1.4225094409889668e-68,1.263497223122521,-1.384570024144931,-1.3913112685973912,2.1383203221118356,1.1428624744411986,4,0.7222222222222222,cluster-2,1.1483889706235548e-118,8.818664664721413e-71,1.0,1.6120714540776008e-105,3.942916826537714e-84,cluster-2
null,127,3.097056881253392e-36,1.4929972403765368,-1.3753561185100887,-1.383808438708624,1.4828986220472442,1.3026473243975727,10,0.7222222222222222,cluster-1,1.6223125405532464e-82,1.0,3.571818473262442e-38,9.276712829704254e-55,1.8859658872904607e-40,cluster-1
null,127,3.4238746975088416e-79,1.2056179139494578,-1.079252228023499,-1.0859934724759592,2.3249759223517468,1.1500757048469277,3,0.5634920634920635,cluster-2,5.821365507817978e-129,1.8417964180076618e-81,1.0,6.919858529298606e-104,1.8762679109914532e-96,cluster-2
null,127,3.5745791895068754e-52,1.4328653737940198,-1.2448904683270792,-1.2533427885256148,1.7633776326817792,1.2723172549505055,15,0.6746031746031746,cluster-1,5.497974561293847e-98,1.0,7.901136996550208e-57,2.891331764254041e-54,2.4129147535234497e-62,cluster-1
null,107,3.542246927329339e-42,1.4940418768674206,-1.0303751152252483,-1.0506340168244859,1.068189531843239,1.0918350503130543,10,0.6886792452830188,cluster-4,2.3001509298953416e-50,2.1028792690886027e-48,3.736876159841642e-50,3.5402551600280303e-44,1.0,cluster-4
null,127,1.198464191199972e-59,1.348205973539664,-1.348304808609129,-1.355046053061589,1.8840262345441683,1.1926674762113083,6,0.6507936507936508,cluster-2,1.2183748545213296e-104,8.522865173439274e-62,1.0,4.760971512132848e-82,2.879130202876579e-81,cluster-2
null,127,1.589027915240741e-55,1.4257864351399907,-1.1452940693051796,-1.1636862898039,1.4122974065345102,1.264259300418951,6,0.6666666666666666,cluster-3,1.271079607060073e-78,1.2124923802133932e-57,5.8984162012483736e-77,1.0,2.6249188610347835e-67,cluster-3
null,127,7.146258351353187e-61,1.2813716547178522,-1.3019141249769315,-1.3086553694293919,2.2882165383166218,1.1464175764455762,3,0.6825396825396826,cluster-2,6.201594547298987e-127,4.981458885850924e-63,1.0,3.145786621236535e-99,1.0987564184233715e-79,cluster-2
null,127,5.462599591540658e-40,1.4260793494211268,-1.3058887391578493,-1.3126299836103097,1.7328861266609252,1.2520208396640666,14,0.6587301587301587,cluster-2,2.6422500385334277e-96,5.7525921729239e-42,1.0,8.771309777378275e-67,4.438576864097234e-67,cluster-2
null,127,2.9429119599823046e-41,1.4359137909994437,-1.4353164312407727,-1.443768751439308,1.605496384027436,1.2483018793285994,7,0.7222222222222222,cluster-1,2.806764804603819e-89,1.0,3.0057119673469414e-43,2.6352065779356453e-64,6.362495158360005e-70,cluster-1
null,59,1.2869370278520611e-23,1.351995949213028,-1.5447007518703655,-1.562894729246874,1.9609491380594546,0.5529728818717371,1,0.7068965517241379,cluster-1,5.673695091982571e-51,1.0,2.26789935645801e-25,1.736774074383874e-36,1.0083730172773253e-39,cluster-1
null,127,1.8775380193714683e-43,1.3641109224636554,-1.371768020269439,-1.3785092647218993,2.1344121497447097,1.2053210871689388,7,0.6190476190476191,cluster-2,1.8864522632818458e-118,1.8225678641641897e-45,1.0,2.8946263157579953e-80,1.0602950281478326e-69,cluster-2
null,127,2.6967904038141964e-36,1.5271176088018978,-1.2261848750076896,-1.234637195206225,1.1564632626030387,1.2919194262169558,23,0.7936507936507936,cluster-1,1.63986119495725e-64,1.0,1.3345705574206025e-43,3.122724774587434e-38,6.9081481849925425e-44,cluster-1
null,127,1.5993760925368055e-35,1.53122559954427,-1.4537470059132014,-1.4721392264119215,1.1421200008842889,1.3110611325178738,17,0.7777777777777778,cluster-3,1.8905860192364655e-37,7.752162564198571e-41,1.0137139312876232e-63,1.0,4.091492644515975e-43,cluster-3
null,127,1.5568815370523115e-67,1.396168386165431,-1.35764991580032,-1.3661022359988553,1.5369690421998032,1.2168649186615155,7,0.7063492063492064,cluster-1,1.6898918708100886e-85,1.0,1.4510803329126266e-72,4.950042917741178e-74,9.782214447913335e-70,cluster-1
null,127,6.446613880525177e-47,1.4648431945486602,-1.3021916667307456,-1.310643986929281,1.3540669839213215,1.2969415303783705,8,0.7063492063492064,cluster-1,2.0696406983720743e-75,1.0,5.392406176610315e-49,4.594752040674012e-73,3.9860865998330096e-50,cluster-1
null,127,8.453251464909505e-45,1.4137721012632078,-1.1821183332308072,-1.1888595776832673,1.9495224840059053,1.249620768097477,14,0.6825396825396826,cluster-2,2.97378209279962e-108,7.617119626767927e-47,1.0,2.473221072119863e-75,3.334698649372711e-48,cluster-2
null,107,3.542246927329339e-42,1.4940418768674206,-1.0303751152252483,-1.0506340168244859,1.068189531843239,1.0918350503130543,10,0.6886792452830188,cluster-4,2.3001509298953416e-50,2.1028792690886027e-48,3.736876159841642e-50,3.5402551600280303e-44,1.0,cluster-4
null,127,1.2596776356400177e-56,1.2946369503330466,-1.3811376376414861,-1.3878788820939465,2.2579578790139028,1.1571986738215567,9,0.6746031746031746,cluster-2,2.8935554037010936e-125,9.428101992477115e-59,1.0,5.165753178142504e-99,2.9718444166638825e-77,cluster-2
null,127,6.484734234242004e-59,1.4056712561581781,-1.3860722339059424,-1.4044644544046627,1.5913808026651697,1.2354344738144185,5,0.6666666666666666,cluster-3,4.66749344103633e-61,5.33246776142507e-65,1.6856078574285807e-88,1.0,3.226075599645344e-79,cluster-3
null,127,4.925181290689503e-30,1.4499191666549276,-1.1138209545706201,-1.1205621990230803,1.81892791507751,1.3023030350644096,13,0.7619047619047619,cluster-2,4.745748561403698e-101,6.863745261515845e-32,1.0,1.7649396441149884e-65,1.5046987688065346e-44,cluster-2
null,127,6.574040267489942e-41,1.4645889096347817,-1.3638866754967396,-1.3706279199491997,1.600906131774422,1.2632538869195262,15,0.6904761904761905,cluster-2,5.027860476899311e-89,6.770479845405261e-43,1.0,1.7074614262515688e-52,1.1780323655958475e-59,cluster-2
null,127,6.800547440549487e-49,1.3422462188819404,-1.0822365828386442,-1.0889778272911044,1.9752429151159572,1.1824550004504066,12,0.6666666666666666,cluster-2,1.134197005746152e-109,5.87975824351396e-51,1.0,4.620900187043455e-91,8.398219338155196e-78,cluster-2
null,87,3.7588798037772095e-27,1.4754586799060867,-1.3380221662850216,-1.3478628334742448,1.5504439781452046,0.8629902652525618,5,0.6744186046511628,cluster-2,2.6218872634359135e-59,5.781030503755245e-29,1.0,2.2025563776024186e-39,4.093494061432354e-34,cluster-2
null,127,2.334020391673389e-48,1.4303760395721998,-1.2889958178903174,-1.2957370623427775,1.6298788476178026,1.249251492829856,7,0.6587301587301587,cluster-2,1.268765933310224e-90,2.039936316836754e-50,1.0,2.1843324333299502e-69,1.5730443782401075e-63,cluster-2
null,127,1.629287289523311e-52,1.4528825768294376,-1.52656639279343,-1.5449586132921505,1.5660128856268454,1.2617849533403178,13,0.7063492063492064,cluster-3,1.2682472043972974e-54,2.092368122732147e-60,4.2260452044061e-87,1.0,4.343148023382411e-56,cluster-3
null,107,3.542246927329339e-42,1.4940418768674206,-1.0303751152252483,-1.0506340168244859,1.068189531843239,1.0918350503130543,10,0.6886792452830188,cluster-4,2.3001509298953416e-50,2.1028792690886027e-48,3.736876159841642e-50,3.5402551600280303e-44,1.0,cluster-4
null,127,1.5076244322269152e-34,1.526592584288795,-1.0234639325479822,-1.0405324559426157,1.2131717711921752,1.3499480650317204,13,0.6428571428571429,cluster-4,1.2218746639883523e-67,1.8321052061404668e-36,1.5091035518804945e-42,2.9594995551207215e-41,1.0,cluster-4
null,127,7.949601516777126e-58,1.312213017824298,-1.383497703732468,-1.3902389481849282,2.0666620449757014,1.1686724411677671,3,0.626984126984127,cluster-2,1.0290344026744162e-114,5.82848052760229e-60,1.0,2.810178113644946e-92,3.1225698930045608e-83,cluster-2
null,127,2.403672605909404e-47,1.4825211716467939,-1.1753580889363928,-1.192426612331026,1.3227954774390993,1.2997312345053031,9,0.6587301587301587,cluster-4,1.0982150212132248e-73,2.1449182536641028e-49,4.079387474275486e-56,1.2227254546419384e-56,1.0,cluster-4
null,127,8.343187677022656e-41,1.4785150504955964,-1.3126547505536417,-1.3211070707521773,1.5120938518854579,1.261184639418454,19,0.7619047619047619,cluster-1,3.9797882805779528e-84,1.0,8.6138460362435e-43,2.8592888981632625e-57,6.250053144702062e-49,cluster-1
null,127,8.378496430732617e-72,1.3101417804003825,-1.181672464205524,-1.2116542839632203,1.7851232093150222,1.190270352782775,3,0.5317460317460317,cluster-0,1.0,3.4738956272660278e-99,1.116928732917407e-93,1.4349634932165192e-86,4.963884528029636e-74,cluster-0
null,127,1.962502609493933e-30,1.4989640141348242,-1.1515123262180118,-1.1599646464165472,1.6151824710875984,1.3371213001853612,22,0.7777777777777778,cluster-1,8.202873677385311e-90,1.0,2.6706290402485653e-32,5.560517131624541e-44,2.7098073310143874e-34,cluster-1
null,127,4.374358999818868e-55,1.3939779775625887,-0.9743254053311086,-1.0043072250888048,1.8354659793883794,1.2437692439433563,5,0.47619047619047616,cluster-0,1.0,3.9806851192178957e-76,5.809532500918412e-102,2.5276302261758026e-64,3.3640057998008557e-57,cluster-0
null,127,3.702579350771042e-50,1.3115444085463028,-1.1535831962044782,-1.1603244406569386,2.3437781146192176,1.2092492935873222,1,0.5476190476190477,cluster-2,5.3454275535382635e-130,3.122011701190934e-52,1.0,1.85401404319507e-87,1.1189410499365382e-79,cluster-2
null,112,9.520527953362681e-41,1.4523690218234968,-1.4014430727277483,-1.4110274000957304,1.6244935989379883,1.1069816356173396,10,0.7027027027027027,cluster-1,9.616922994475635e-80,1.0,9.841975324400956e-43,1.2797053187367702e-56,8.734003519466148e-47,cluster-1
null,127,2.2602758858845989e-38,1.524839509264524,-1.2416626937746063,-1.2600549142733266,1.0023400013841044,1.3332075236523513,12,0.7222222222222222,cluster-3,5.194420308446005e-56,2.478488044737531e-40,1.1587612812190525e-50,1.0,5.7079761027599585e-50,cluster-3
null,127,7.278201595364941e-25,1.5081025587991808,-1.4058563953309546,-1.4143087155294902,1.3664663720318653,1.3101380143459866,16,0.7857142857142857,cluster-1,4.2855025204909815e-76,1.0,1.2197718509765275e-26,8.515880105200775e-54,2.707767555116982e-37,cluster-1
null,127,8.716229052512566e-50,1.3493439916593244,-1.3610996036078986,-1.3678408480603588,2.1896480049673968,1.182385004942124,14,0.6111111111111112,cluster-2,1.6946896410134628e-121,7.403419037006705e-52,1.0,2.5432011894041014e-87,9.443550955845352e-65,cluster-2
null,127,1.8753403802041556e-54,1.4478982976443941,-1.6939471387487697,-1.702399458947305,1.4770517424335632,1.2623821698949804,14,0.6428571428571429,cluster-1,3.40895685356052e-82,1.0,1.458639957305967e-56,4.545285140732681e-62,3.6374574356531813e-63,cluster-1
null,127,4.4375823711703186e-48,1.4785010130286178,-0.9434612604576772,-0.9605297838523105,1.2932806540661907,1.3145267160790166,7,0.626984126984127,cluster-4,5.425656777114914e-53,4.662182234388587e-72,3.8947591704236514e-50,4.8660053518035466e-64,1.0,cluster-4
null,127,5.4177142925897734e-36,1.4477083400732502,-1.5976861668383981,-1.6061384870369335,1.6965371680071972,1.2269395551101936,8,0.7777777777777778,cluster-1,2.671869472920321e-94,1.0,6.32513736109648e-38,3.3014301772420913e-66,9.934708002579216e-55,cluster-1
null,127,4.592693463062104e-47,1.449557658994557,-1.2992391511211245,-1.30769147131966,1.6556957575279898,1.2703689907030085,10,0.6746031746031746,cluster-1,4.780128119551021e-92,1.0,4.121777180612022e-49,1.163328789008369e-63,5.029256991464222e-53,cluster-1
null,127,2.1892734784146457e-35,1.4802066045988325,-1.530186330239604,-1.5386386504381393,1.4952165498508243,1.2781474370271868,7,0.6984126984126984,cluster-1,3.394175544388598e-83,1.0,2.5988345996322305e-37,1.5997690961179118e-54,1.8450917064301322e-54,cluster-1
null,127,1.198464191199972e-59,1.348205973539664,-1.348304808609129,-1.355046053061589,1.8840262345441683,1.1926674762113083,6,0.6507936507936508,cluster-2,1.2183748545213296e-104,8.522865173439274e-62,1.0,4.760971512132848e-82,2.879130202876579e-81,cluster-2
null,127,1.4870556756178349e-61,1.3926664768048151,-1.3258495180625616,-1.344241738561282,1.6197929081954356,1.2389273935449965,10,0.6428571428571429,cluster-3,1.9370941732961036e-77,6.401392145956038e-72,4.567468116100999e-90,1.0,1.0252877299892279e-63,cluster-3
null,127,2.531954517245969e-31,1.5007431635305841,-1.2180358406126968,-1.2247770850651571,1.3246721883458417,1.2978053358390793,8,0.7698412698412699,cluster-2,8.653197983016576e-74,3.386527767528189e-33,1.0,5.88345728200919e-52,5.0433034323438804e-52,cluster-2
null,127,2.327118407078926e-41,1.4907187036251701,-1.0920023279865896,-1.100454648185125,1.4560198445958414,1.3088316066880308,10,0.7222222222222222,cluster-1,4.9276996111603345e-81,1.0,1.4134952148943914e-45,9.172493305793813e-53,2.356008645306175e-43,cluster-1
null,127,1.2935346238568844e-44,1.4081098203399858,-1.4516469399760088,-1.458388184428469,1.648503100778174,1.2246320033116445,8,0.7301587301587301,cluster-2,1.191662824920863e-91,1.223580882711184e-46,1.0,7.00989753873067e-82,8.244158933571307e-67,cluster-2
null,127,2.1527669287252402e-46,1.4205801851794817,-1.2665669598917322,-1.2733082043441926,1.6899341973732775,1.2570286434462523,3,0.746031746031746,cluster-2,6.180231158351315e-94,1.9597102328245465e-48,1.0,3.0814531690650255e-66,4.332772417077792e-71,cluster-2
null,118,1.0156535068278442e-31,1.5213604374572105,-1.7655801288152144,-1.7746771175034688,1.2131364466780323,1.2130014854250113,12,0.7521367521367521,cluster-1,6.77175408840131e-63,1.0,1.1588591252968943e-34,1.7558363455445764e-47,1.2206751876274984e-33,cluster-1
null,127,3.696451895091872e-47,1.4904606829560343,-1.1215337317759597,-1.138602255170593,1.265806183101624,1.3153085259449022,9,0.7301587301587301,cluster-4,1.5274065864758143e-70,3.310879917958404e-49,4.433768585490293e-53,1.457171729499385e-56,1.0,cluster-4
null,127,1.0454935374491507e-54,1.3410961840425462,-1.41148292361282,-1.41822416806528,1.981481356883612,1.1885867661160494,6,0.7301587301587301,cluster-2,5.1357603533526784e-110,8.094803972586702e-57,1.0,1.1089119360201432e-88,6.053145410170384e-77,cluster-2
null,127,5.064313517820798e-44,1.4038618233118543,-1.3208767147514764,-1.3276179592039365,1.9231329489880657,1.224885931143302,11,0.6507936507936508,cluster-2,8.488568949054685e-107,4.853702978947581e-46,1.0,2.592888505692642e-78,4.828157450708397e-56,cluster-2
null,127,2.412995319844014e-35,1.5128793772864135,-1.2667239932563361,-1.2751763134548715,1.3985536830631768,1.3070407984231012,20,0.7222222222222222,cluster-1,7.281373445510597e-78,1.0,2.7659385261116774e-37,4.41236285835711e-43,9.673307251373001e-39,cluster-1
null,127,2.8928275500128514e-58,1.333690663046389,-1.5136062742218257,-1.520347518674286,2.0678475447527065,1.1725560803419222,3,0.6349206349206349,cluster-2,8.85203619176545e-115,2.1052422229822377e-60,1.0,3.0522780024986267e-87,1.765806128863976e-75,cluster-2
null,127,9.653292116881804e-45,1.4996507528963197,-1.4196551465612697,-1.428107466759805,1.2788006639856053,1.3152299722479386,12,0.7380952380952381,cluster-1,2.932505791282302e-71,1.0,4.3948220140979675e-52,1.356255261893655e-49,9.091216220663427e-47,cluster-1
null,127,2.1339334025249127e-63,1.434236902231829,-1.4114557701771653,-1.4199080903757009,1.3534630001999264,1.2336528906063373,7,0.6904761904761905,cluster-1,6.249894176366008e-69,1.0,4.954143474062677e-66,9.269126399992084e-66,2.234641805358685e-75,cluster-1
null,127,7.22961929704627e-40,1.4452704316650689,-1.2135799137626107,-1.2203211582150708,1.7493371437853718,1.2761498952174075,10,0.6666666666666666,cluster-2,3.2704799887256936e-97,7.6361951894203e-42,1.0,1.9441768066283086e-64,1.9857804365157957e-53,cluster-2
null,127,1.5276917387333015e-41,1.4426880496262222,-1.319751649390994,-1.3282039695895296,1.9154410775252217,1.2874188337296308,11,0.7698412698412699,cluster-1,2.2546686266436e-106,1.0,1.5498070422190574e-43,1.2567657487986962e-54,2.453421452329978e-53,cluster-1
null,127,1.7865400747483174e-49,1.4097060562524597,-1.4558069424366389,-1.462548186889099,1.8270191583107773,1.2417155959046178,9,0.6587301587301587,cluster-2,1.698356955485659e-101,1.526844623211213e-51,1.0,4.901755922459172e-72,3.0349359375945044e-62,cluster-2
null,127,1.666541954195689e-33,1.462501375497676,-1.5676305575633611,-1.5760828777618967,1.307639294721949,1.2485471441385174,18,0.6825396825396826,cluster-1,7.527186693182337e-73,1.0,2.0869661512077448e-35,1.27243216855582e-72,1.5021271610997878e-62,cluster-1
null,127,4.94966103174355e-41,1.48328870868825,-1.5161128006582185,-1.5345050211569389,1.2016265148252954,1.2639037960012935,21,0.6746031746031746,cluster-3,5.294316294097691e-67,5.0825522140065625e-43,2.4511077319001155e-63,1.0,1.555580431306324e-60,cluster-3
null,127,3.097056881253392e-36,1.4929972403765368,-1.3753561185100887,-1.383808438708624,1.4828986220472442,1.3026473243975727,10,0.7222222222222222,cluster-1,1.6223125405532464e-82,1.0,3.571818473262442e-38,9.276712829704254e-55,1.8859658872904607e-40,cluster-1
null,127,3.972638731532749e-63,1.401970335997099,-1.8516964649590921,-1.8700886854578123,1.7545520452063852,1.1885745871439668,10,0.6587301587301587,cluster-3,9.690422127787152e-66,2.295301470242192e-67,1.6864812861802604e-97,1.0,1.6672164414814623e-65,cluster-3
null,127,4.991369334717608e-35,1.4874021016574779,-1.214919202909695,-1.2233715231082303,1.2235109824833907,1.2971696792370144,15,0.7222222222222222,cluster-1,3.2867247368544463e-68,1.0,5.984389328607986e-37,1.2931726681861467e-61,7.414694199469081e-60,cluster-1
null,127,6.273261755977517e-43,1.444776271849514,-1.668426513671875,-1.6768788338704104,1.6224913109005907,1.2412549955300682,10,0.7698412698412699,cluster-1,3.2422316873548798e-90,1.0,6.16246969821926e-45,3.652745448903734e-67,1.7572671674874707e-58,cluster-1
null,127,6.574040267489942e-41,1.4645889096347817,-1.3638866754967396,-1.3706279199491997,1.600906131774422,1.2632538869195262,15,0.6904761904761905,cluster-2,5.027860476899311e-89,6.770479845405261e-43,1.0,1.7074614262515688e-52,1.1780323655958475e-59,cluster-2
null,127,1.2598765923071053e-58,1.368692141128302,-1.5112192949910803,-1.5196716151896157,1.577205988365834,1.2112403732297343,3,0.6666666666666666,cluster-1,1.8979454841348765e-86,1.0,9.113165184355748e-61,1.019938741378947e-87,1.2285347879575555e-82,cluster-1
null,121,1.9298189222224308e-55,1.4525195435677118,-1.3293570526375258,-1.338228496151691,1.311891918340005,1.199829052689623,5,0.7083333333333334,cluster-1,1.1496405145329557e-69,1.0,1.2426671146159192e-57,2.7270837556094998e-64,2.2719223233847916e-58,cluster-1
null,127,4.592693463062104e-47,1.449557658994557,-1.2992391511211245,-1.30769147131966,1.6556957575279898,1.2703689907030085,10,0.6746031746031746,cluster-1,4.780128119551021e-92,1.0,4.121777180612022e-49,1.163328789008369e-63,5.029256991464222e-53,cluster-1
null,127,2.531878282759919e-31,1.5007431611038689,-1.2180358406126968,-1.2247770850651571,1.3246721883458417,1.2978053399332243,8,0.7698412698412699,cluster-2,8.653197983016576e-74,3.38642442047943e-33,1.0,5.88345728200919e-52,5.0433034323438804e-52,cluster-2
null,127,5.075441074432502e-49,1.4453160924866268,-1.344248253529466,-1.3527005737280016,1.7655736968273252,1.263560150596988,7,0.7936507936507936,cluster-1,4.1598524976387285e-98,1.0,9.427639251356857e-58,1.9171807620995846e-53,4.356815828968955e-51,cluster-1
null,127,1.3722896053701504e-33,1.5437316901288436,-1.1138995313268947,-1.1309680547215282,0.875750444066806,1.3620460208326923,18,0.7380952380952381,cluster-4,4.984649849996129e-49,1.7142571561915462e-35,7.51660447189468e-49,1.1297625631208109e-41,1.0,cluster-4
null,127,5.101060091728142e-45,1.3791012332160355,-1.1651863638810285,-1.1719276083334886,1.9052758404589076,1.2531536432733994,6,0.5238095238095238,cluster-2,8.198802598936027e-106,4.782699949805654e-47,1.0,8.648467922755659e-84,1.843347924977378e-68,cluster-2
null,127,5.99049058874442e-67,1.2457346848815476,-1.3757701483298475,-1.3825113927823076,2.180293285940576,1.1537415498544663,3,0.6666666666666666,cluster-2,5.559726619096533e-121,3.8024546062649087e-69,1.0,2.279731678864476e-99,6.504466845069332e-99,cluster-2
null,127,9.061193349411981e-69,1.3354641366465017,-1.411101333738312,-1.4178425781907722,2.010966623861959,1.1846867512509567,5,0.6904761904761905,cluster-2,1.214319808785725e-111,5.600354686751793e-71,1.0,1.1865518788741825e-74,3.036145616266135e-81,cluster-2
null,127,7.17616440507643e-35,1.5031200442840205,-1.521364227054626,-1.5298165472531613,1.3562290461983268,1.2886116733460637,16,0.7777777777777778,cluster-1,1.5726987730607496e-75,1.0,5.027703253048949e-38,1.2201534547873873e-56,8.11578785550776e-37,cluster-1
null,127,1.2667777717250439e-55,1.3915764187306738,-1.1644824170690822,-1.1712236615215423,1.8210935817928766,1.2457756733362024,7,0.7222222222222222,cluster-2,3.6045953036660845e-101,8.422559723407676e-58,1.0,1.5258598234783657e-82,1.1988824862329968e-58,cluster-2
null,127,4.002817267778395e-56,1.4181866779386607,-1.3990829347625493,-1.4174751552612694,1.559066652312992,1.2370866851524522,5,0.6825396825396826,cluster-3,3.647197377526347e-78,3.0202052660010675e-58,1.0210721000066887e-86,1.0,1.9444245327907744e-61,cluster-3
null,127,8.910967769001311e-50,1.4545214008631404,-0.9100827795314038,-0.9271513029260371,1.3170821422667012,1.2930340721104296,6,0.5714285714285714,cluster-4,1.8810063616821746e-72,7.570259803152992e-52,2.2688650323145645e-73,5.2798110898092076e-61,1.0,cluster-4
null,127,7.968344671796455e-35,1.4790391763170088,-1.1265375332569514,-1.1349898534554868,1.646901408518393,1.2969938344227239,12,0.6984126984126984,cluster-1,1.4604791701712078e-91,1.0,2.0790614109391206e-41,4.5091898020677646e-55,9.607929512311791e-37,cluster-1
null,127,7.405658847510566e-50,1.3829234013539224,-1.2899782676396407,-1.298430587838176,1.6599666565422,1.2395647642934553,5,0.6666666666666666,cluster-1,2.778922255317914e-92,1.0,6.2814746345292345e-52,8.767694586087439e-90,1.855274325281e-71,cluster-1
null,127,8.864979363875585e-44,1.4239687240974856,-1.387449850247601,-1.394191094700061,1.6148637185885213,1.2540815868128523,6,0.6746031746031746,cluster-2,8.541751741504902e-90,8.542594697674865e-46,1.0,7.239645797261057e-75,6.695174289771174e-66,cluster-2
null,127,1.4279297982959045e-35,1.464303697291592,-1.1463201327586736,-1.1547724529572092,1.8471858707938607,1.3061639636830766,20,0.6984126984126984,cluster-1,1.3113719700752802e-102,1.0,1.6864041058105152e-37,7.522037212705875e-46,5.248093559830454e-50,cluster-1
null,127,1.1025621084798447e-37,1.5017278337488698,-1.3271210437684546,-1.3355733639669902,1.3464619794229824,1.266681714325463,15,0.7142857142857143,cluster-1,5.436908385532512e-75,1.0,1.2306301932834123e-39,1.1420503577248381e-50,2.7852248447992946e-48,cluster-1
null,127,2.7164186155474283e-49,1.473428258512611,-1.2125634621447465,-1.221015782343282,1.315915445643147,1.2798726165082628,7,0.7222222222222222,cluster-1,2.6312267752088484e-73,1.0,1.4203431232126286e-53,3.0626458938927707e-65,2.3150175241685366e-51,cluster-1
null,127,4.712665035894525e-47,1.4647599282124673,-1.2323712927149975,-1.2507635132137178,1.29730380801704,1.2842523439890101,13,0.6746031746031746,cluster-3,1.3272927136740127e-69,3.42397147141124e-59,2.796987869961472e-72,1.0,4.2309983820130034e-49,cluster-3
null,127,2.446481201774781e-37,1.4572920676531278,-1.1139866385872907,-1.1224389587858263,1.682029543899176,1.301900893121251,18,0.7222222222222222,cluster-1,1.6865104525063434e-93,1.0,2.486472435594237e-39,8.569879044969688e-69,2.59192992547375e-40,cluster-1
null,127,3.4319037397328473e-47,1.4250266188068075,-1.4098358154296875,-1.4165770598821477,1.6122283935546875,1.2113842092646496,13,0.6428571428571429,cluster-2,1.193711421263909e-89,3.0723128985849427e-49,1.0,6.753860547513744e-75,2.4049096802975627e-63,cluster-2
null,127,2.412995319844014e-35,1.5128793772864135,-1.2667239932563361,-1.2751763134548715,1.3985536830631768,1.3070407984231012,20,0.7222222222222222,cluster-1,7.281373445510597e-78,1.0,2.7659385261116774e-37,4.41236285835711e-43,9.673307251373001e-39,cluster-1
null,127,1.666592176885064e-33,1.4625013582675526,-1.5676305575633611,-1.5760828777618967,1.307639294721949,1.2485471634285128,18,0.6825396825396826,cluster-1,7.527186693182337e-73,1.0,2.0870298413321377e-35,1.2723933376002237e-72,1.5021271610997878e-62,cluster-1
null,127,3.3553441961143764e-36,1.5347453902123078,-1.0963081900529035,-1.113376713447537,0.9717484121247539,1.3152483604398675,18,0.7142857142857143,cluster-4,2.2819103397676245e-51,3.888310500741349e-38,2.5282988412926696e-54,6.422161105784528e-41,1.0,cluster-4
null,59,1.2869370278520611e-23,1.351995949213028,-1.5447007518703655,-1.562894729246874,1.9609491380594546,0.5529728818717371,1,0.7068965517241379,cluster-1,5.673695091982571e-51,1.0,2.26789935645801e-25,1.736774074383874e-36,1.0083730172773253e-39,cluster-1
null,127,2.24524667961858e-44,1.3454619241127659,-1.2613050806240773,-1.2680463250765375,2.151678250530573,1.2067593175707625,6,0.5476190476190477,cluster-2,2.1053637370575198e-119,2.1350682818750252e-46,1.0,1.878614618524033e-91,5.534462507400456e-68,cluster-2
null,127,1.5639022600594223e-44,1.4515863536730036,-1.5486990861066683,-1.5571514063052037,1.4486088790292817,1.2523302264029788,10,0.6507936507936508,cluster-1,1.2629873188320266e-80,1.0,1.4820134203706091e-46,2.120508292257551e-67,8.43957982739438e-64,cluster-1
null,127,9.840848496698606e-57,1.4333976967780782,-1.4665748415969488,-1.4849670620956692,1.516994446281373,1.2737842742525867,7,0.6904761904761905,cluster-3,4.782353302507919e-62,1.885916476278284e-69,2.1358253094016465e-84,1.0,7.3466477405359755e-59,cluster-3
null,127,3.775552296916255e-52,1.4592204694348165,-1.269797257551058,-1.2782495777495935,1.3940078855499507,1.2787457910377138,9,0.7222222222222222,cluster-1,1.2969958371080894e-77,1.0,8.829952692482684e-61,6.296097206625074e-63,3.0640770206981043e-54,cluster-1
null,127,5.006716339773303e-59,1.2197205668464337,-1.3525825560562255,-1.3593238005086856,2.6192280927042324,1.120497107575622,7,0.6666666666666666,cluster-2,3.431065007164904e-145,3.597360702037369e-61,1.0,1.983768464823425e-111,8.975251547657474e-87,cluster-2
null,127,2.768116877404723e-53,1.4504615195519226,-1.456470399390994,-1.4748626198897143,1.3466109628752463,1.241845200784141,6,0.7063492063492064,cluster-3,5.335004292774584e-75,2.16806040809953e-55,3.3208684329688833e-74,1.0,3.013198551133114e-57,cluster-3
null,127,1.0351342811296018e-53,1.427773713639535,-1.3625151867002954,-1.3709675068988307,1.599141038308932,1.2572218645987685,3,0.6746031746031746,cluster-1,6.291260268128993e-89,1.0,4.895815840975769e-56,3.1485623108500273e-75,3.2214525049440616e-56,cluster-1
null,127,7.084780139104741e-67,1.3830614710972964,-1.3128147876168799,-1.31955603206934,1.5794413408895178,1.2080749763602183,9,0.6587301587301587,cluster-2,7.678605003619277e-88,4.501767283755799e-69,1.0,1.8935914731373983e-79,1.031394216917079e-73,cluster-2
null,127,8.002827522627233e-42,1.494498679548067,-1.0427684633750616,-1.0598369867696948,1.2438048114926796,1.3148058360722166,1,0.6746031746031746,cluster-4,2.497175659444218e-69,8.065236710315578e-44,4.5686879500584966e-60,9.935486210744307e-51,1.0,cluster-4
null,127,6.286532946430551e-45,1.4493440496435177,-1.3312371922290231,-1.3396895124275585,1.757878701517901,1.2554181912305378,20,0.746031746031746,cluster-1,1.1053465742493353e-97,1.0,9.978363494652417e-52,1.926897101229052e-59,5.905756016275358e-47,cluster-1
null,87,3.7588798037772095e-27,1.4754586799060867,-1.3380221662850216,-1.3478628334742448,1.5504439781452046,0.8629902652525618,5,0.6744186046511628,cluster-2,2.6218872634359135e-59,5.781030503755245e-29,1.0,2.2025563776024186e-39,4.093494061432354e-34,cluster-2
null,127,4.282288791564434e-58,1.4422012798616932,-1.2621533251184178,-1.2792218485130513,1.473908071442852,1.2474528891241299,6,0.6428571428571429,cluster-4,5.0817340525413266e-82,2.9589629612211167e-60,1.6170841702790506e-61,5.111621957609894e-65,1.0,cluster-4
null,127,4.698532747738755e-55,1.421327165735904,-1.434041541392409,-1.4407827858448692,1.6203501543660803,1.2494153012183937,6,0.6904761904761905,cluster-2,4.255400001338084e-90,3.6153072270903417e-57,1.0,3.541543753837444e-71,6.170478551649298e-64,cluster-2
null,127,1.305349049635772e-30,1.5144953587324654,-1.0131465881828248,-1.0302151115774583,1.0771602119986465,1.3528333329229882,11,0.7222222222222222,cluster-4,1.0757048973324684e-58,1.7856311282788623e-32,3.8797031998086323e-60,2.547658764171147e-49,1.0,cluster-4
null,127,7.22961929704627e-40,1.4452704316650689,-1.2135799137626107,-1.2203211582150708,1.7493371437853718,1.2761498952174075,10,0.6666666666666666,cluster-2,3.2704799887256936e-97,7.6361951894203e-42,1.0,1.9441768066283086e-64,1.9857804365157957e-53,cluster-2
null,127,2.2166468627731784e-42,1.3958680891168322,-1.55624065248985,-1.5629818969423102,2.0172569695420153,1.230273019289755,3,0.6428571428571429,cluster-2,5.462438400147087e-112,2.2051148951801028e-44,1.0,1.1491310268866712e-78,1.8396500960198966e-56,cluster-2
null,127,8.18462828869046e-53,1.4389785205938055,-1.2318938247800812,-1.2403461449786166,1.5344854640209766,1.2815722783659653,5,0.6666666666666666,cluster-1,2.3165499163761433e-85,1.0,5.303509510559418e-61,6.560231814237364e-55,1.9814597270128833e-68,cluster-1
null,127,2.808781206624921e-47,1.4992197135787644,-1.0816179410679134,-1.098686464462547,1.1632202629029282,1.299931302849772,12,0.6984126984126984,cluster-4,6.952196521760704e-65,2.480945584432562e-49,4.4765186710578155e-57,2.7621440922660623e-51,1.0,cluster-4
null,127,2.1017299545190185e-54,1.249892824413716,-1.1749962033249262,-1.1817374477773863,2.607222910002461,1.1494490235655908,7,0.5714285714285714,cluster-2,1.576084837408913e-144,1.636193699732562e-56,1.0,6.432978910125324e-107,2.5316735079354077e-79,cluster-2
null,127,5.551774744914503e-61,1.3200154221609344,-1.2239361860620694,-1.2306774305145296,1.9580783393439347,1.1747963579346101,1,0.6349206349206349,cluster-2,1.0032462042232031e-108,3.8631420453452417e-63,1.0,4.310208645084847e-84,2.0358523879438395e-90,cluster-2
null,127,1.527940900706631e-65,1.3649781656085105,-1.5469403604822836,-1.5536816049347437,1.753143070250984,1.2052421768743136,5,0.7142857142857143,cluster-2,2.0169452181674466e-97,9.903501429680997e-68,1.0,1.0496983573001979e-77,5.913485366221332e-78,cluster-2
null,127,2.862652773163195e-50,1.3870809279214664,-1.3944167490080586,-1.402869069206594,1.9409901776651697,1.2149309934597519,7,0.6428571428571429,cluster-1,8.788442270374784e-108,1.0,8.155099879133583e-54,9.409827698816917e-86,2.3239440831028166e-52,cluster-1
null,127,1.8647852382806963e-32,1.5268585779113306,-1.1854093056025468,-1.2024778289971803,1.1378847858098546,1.3532844470947247,17,0.746031746031746,cluster-4,1.4322506259651796e-49,2.4090127453393664e-34,1.7358428028306716e-63,3.911020201245909e-41,1.0,cluster-4
null,127,3.060613393820533e-42,1.3935300278447331,-1.6118600199541708,-1.618601264406631,1.9017138143224042,1.2166852536792896,6,0.7222222222222222,cluster-2,1.2888886628866047e-105,3.054592859158401e-44,1.0,1.6252729937009825e-75,2.662613891411295e-69,cluster-2
null,127,1.925570868355805e-52,1.359184712395919,-1.4569960466520053,-1.4637372911044657,2.0675655575249143,1.2105150981386041,5,0.5476190476190477,cluster-2,9.174793516292858e-115,1.5541497940111014e-54,1.0,3.415490321435272e-75,1.3657010317994307e-76,cluster-2
null,127,1.6888871922724212e-43,1.4802749183670134,-1.454669862281619,-1.4631221824801546,1.4575077567513532,1.2735372444859119,14,0.7698412698412699,cluster-1,4.079226654954644e-81,1.0,1.6377327687993615e-45,1.8136455544393091e-56,6.718071730400226e-51,cluster-1
null,127,1.625011206645045e-48,1.3727445011986543,-1.5188438836045153,-1.5255851280569754,1.9580228309931718,1.2213552963919552,3,0.6666666666666666,cluster-2,1.0103436365798714e-108,1.4157418899589138e-50,1.0,1.638253881174084e-72,2.8932478515207143e-79,cluster-2
null,99,3.623165518439664e-26,1.4547339142626503,-1.452314742887863,-1.4609626019329383,1.6590010517775409,0.9761701511246501,11,0.673469387755102,cluster-2,4.68807743383573e-72,5.776866950694643e-28,1.0,9.379752303160815e-50,3.978763173060471e-43,cluster-2
null,127,4.022318860968166e-43,1.4995218980014589,-0.8979161780650221,-0.9149847014596555,1.0898429089643824,1.3396681541878583,3,0.6984126984126984,cluster-4,3.302389981767627e-57,3.933935569443172e-45,9.155475830318745e-59,7.749600038981931e-61,1.0,cluster-4
null,127,3.536096796378811e-46,1.3549606686027396,-1.203905601201095,-1.210646845653555,2.1504938320850764,1.2095293177983253,8,0.6507936507936508,cluster-2,2.4471140500508925e-119,3.233728659899826e-48,1.0,9.085749887962808e-82,1.0585723060493033e-71,cluster-2
null,127,1.8837878988450426e-57,1.4190468859879566,-1.3167105847456324,-1.3251629049441678,1.4439431738665722,1.2428151199224473,8,0.7301587301587301,cluster-1,2.2842194268257985e-80,1.0,1.3900112887112648e-59,4.67428209347346e-76,1.4437115195171413e-69,cluster-1
null,127,7.084780139104741e-67,1.3830614710972964,-1.3128147876168799,-1.31955603206934,1.5794413408895178,1.2080749763602183,9,0.6587301587301587,cluster-2,7.678605003619277e-88,4.501767283755799e-69,1.0,1.8935914731373983e-79,1.031394216917079e-73,cluster-2
null,118,1.0156535068278442e-31,1.5213604374572105,-1.7655801288152144,-1.7746771175034688,1.2131364466780323,1.2130014834559844,12,0.7521367521367521,cluster-1,6.77175408840131e-63,1.0,1.1588591252968943e-34,1.7558363455445764e-47,1.2206751876274984e-33,cluster-1
null,127,8.409208681350815e-41,1.4093695254433143,-1.4572919710414616,-1.465744291239997,1.6879270057978593,1.2267651550637915,10,0.7380952380952381,cluster-1,7.974659924870115e-94,1.0,8.682730046414643e-43,8.363901486497885e-81,2.5147785327425234e-66,cluster-1
null,127,2.250318930466428e-67,1.336677834400935,-1.6770602248785065,-1.6838014693309666,1.8631775623231421,1.1570650829152902,12,0.6428571428571429,cluster-2,1.7206707114758155e-103,1.4195082424533469e-69,1.0,2.751912925035816e-87,2.2211605324898046e-77,cluster-2
null,127,5.55250244747345e-59,1.2890704282735423,-1.358121856929749,-1.3648631013822092,2.1429698073019194,1.1528653328506384,4,0.6587301587301587,cluster-2,6.362749141742324e-119,3.992501463058406e-61,1.0,1.7394168942808824e-99,5.156519442092525e-84,cluster-2
null,127,4.816272408350802e-49,1.479150401647033,-1.155995526651698,-1.1730640500463312,1.2029748150682822,1.298061723226358,8,0.6507936507936508,cluster-4,4.4611193814505856e-67,4.1516607871725423e-51,5.807618098958259e-60,3.020521728431296e-62,1.0,cluster-4
null,127,2.9429119599823046e-41,1.4359137909994437,-1.4353164312407727,-1.443768751439308,1.605496384027436,1.2483018608467402,7,0.7222222222222222,cluster-1,2.806764804603819e-89,1.0,3.0057119673469414e-43,2.6352065779356453e-64,6.362495158360005e-70,cluster-1
null,127,1.0329527192169167e-40,1.5137635991778644,-1.7978388268177903,-1.8162310473165106,1.2128783699095718,1.2924604957898578,11,0.7222222222222222,cluster-3,2.7777938836216445e-43,7.846826590365728e-43,1.268263005489479e-67,1.0,3.842940912303985e-51,cluster-3
null,127,9.901086535464313e-46,1.4637699971434,-1.2673056294598917,-1.2740468739123518,1.5514836348886565,1.2802557496977607,9,0.746031746031746,cluster-2,2.6748581920594784e-86,9.141323397549792e-48,1.0,1.792941768551387e-54,3.362206285062995e-59,cluster-2
null,127,1.6741969969126164e-45,1.4715661088791498,-1.5124194528174213,-1.5208717730159567,1.590452179195374,1.2897489112851523,7,0.7619047619047619,cluster-1,1.8965973754792068e-88,1.0,9.147274386304841e-51,1.5523363047164252e-47,6.666852557602709e-53,cluster-1
null,115,9.484035102129845e-53,1.3574327462231646,-1.1757082731827446,-1.1831529518389396,1.8281987729279892,1.0635438518589657,3,0.6666666666666666,cluster-2,4.92817959192338e-92,7.61081491875923e-55,1.0,2.1748235097920088e-74,2.254896862445165e-72,cluster-2
null,127,3.3455022166121196e-49,1.4019578476861807,-1.2109782301534817,-1.2177194746059419,1.8872691477377586,1.2611088752422175,7,0.6746031746031746,cluster-2,8.070803161503261e-105,2.867927434462664e-51,1.0,3.806947097248107e-80,6.416070361731738e-54,cluster-2
null,127,9.322127924770295e-58,1.3347424945192887,-1.3596109705647146,-1.3663522150171747,2.0309914416215555,1.197496935562746,3,0.5555555555555556,cluster-2,9.546765656235532e-113,6.84283762780439e-60,1.0,3.7773135121107517e-84,1.8099741555547862e-80,cluster-2
null,127,2.114233792628655e-48,1.4403253234825413,-1.54048553226501,-1.5489378524635453,1.7403252068467026,1.249034833629437,9,0.6349206349206349,cluster-1,1.0272318477445415e-96,1.0,9.597836117161647e-56,5.55898159871621e-62,1.846221962301277e-50,cluster-1
null,127,2.5128478449497517e-65,1.3713363778163736,-1.3718568096010704,-1.3902490300997907,1.6223619115634227,1.2171964919406846,5,0.626984126984127,cluster-3,3.2959538196133277e-90,5.647601341340353e-69,8.911338967777381e-90,1.0,1.575948186627931e-67,cluster-3
null,127,1.5557432795900917e-55,1.3768339774199603,-1.5044338196281373,-1.5111750640805974,1.6814268818051799,1.2212118705245874,6,0.6746031746031746,cluster-2,1.8206610677703047e-93,1.1869016690911308e-57,1.0,1.247618972510014e-83,7.543038134838599e-77,cluster-2
null,127,9.46804892754575e-66,1.420856487247337,-1.322359460545337,-1.3394279839399705,1.3865686852162278,1.2329332033741993,7,0.6587301587301587,cluster-4,3.3361890017102518e-77,4.123937068581947e-69,2.604923470673107e-71,5.692745788725884e-68,1.0,cluster-4
null,127,2.1693118216018488e-45,1.3916633857589549,-1.6451185331569882,-1.6535708533555236,1.85268035648376,1.2231617042351768,7,0.7301587301587301,cluster-1,6.526424900665534e-103,1.0,2.0175967705016455e-47,7.510077340489292e-77,1.37640605858394e-70,cluster-1
null,127,6.964689613394116e-60,1.3915710513922461,-1.4270291065606546,-1.43548142675919,1.6658070481668306,1.189000320793264,7,0.753968253968254,cluster-1,1.3235710680077137e-92,1.0,3.8329160461881435e-64,9.718690504834472e-84,4.893821639054498e-62,cluster-1
null,127,4.668413405948263e-53,1.385758072104705,-1.1360209307332678,-1.142762175185728,1.9655485378475637,1.2159342042873422,7,0.6904761904761905,cluster-2,3.884952781572489e-109,3.724982652414097e-55,1.0,1.6336520167454505e-75,3.18770018415457e-64,cluster-2
null,127,1.6978374465743645e-61,1.3626987044360488,-1.4136148287555363,-1.4203560732079965,1.9409537728377215,1.207060973182425,7,0.5714285714285714,cluster-2,8.829168944945138e-108,1.1716838630139514e-63,1.0,1.0660440593054428e-80,1.0061334256318617e-68,cluster-2
null,127,4.476913576437056e-55,1.4364067170724608,-1.231361449234129,-1.2398137694326643,1.3762086883304627,1.2744461616705658,2,0.6587301587301587,cluster-1,2.2128358631453225e-72,1.0,1.243541863526857e-76,3.443491896921972e-57,3.930921347700465e-67,cluster-1
null,127,4.378455281728493e-33,1.453558537604535,-1.1136669249046507,-1.122119245103186,1.5880427322988433,1.2803410315930681,6,0.6349206349206349,cluster-1,2.5755450497506776e-88,1.0,5.551026654608496e-35,1.605028831875451e-73,1.2243173384289247e-48,cluster-1
null,127,5.99049058874442e-67,1.2457346848815476,-1.3757701483298475,-1.3825113927823076,2.180293285940576,1.1537415498544663,3,0.6666666666666666,cluster-2,5.559726619096533e-121,3.8024546062649087e-69,1.0,2.279731678864476e-99,6.504466845069332e-99,cluster-2
null,127,8.529303891081819e-45,1.5037415689613651,-1.5448305625615157,-1.563222783060236,1.1465994767316685,1.2881982563225927,17,0.7380952380952381,cluster-3,1.141113497192866e-51,8.035957261290203e-47,5.739157408987618e-64,1.0,1.1656256663668403e-55,cluster-3
null,127,1.2033919627728876e-33,1.5071740768130333,-1.2385342815729576,-1.2452755260254178,1.275154173843504,1.3161790501506556,11,0.753968253968254,cluster-2,4.659748722401419e-71,1.5007788943486112e-35,1.0,2.85829141797923e-53,2.0411303861503322e-47,cluster-2
null,127,5.900499478014905e-47,1.3730753178943658,-1.3799979142316683,-1.3867391586841284,1.9699992983359988,1.2111707155996898,10,0.626984126984127,cluster-2,2.20750793417351e-109,5.308237656526823e-49,1.0,1.5671878285722473e-84,1.0101879486152765e-66,cluster-2
null,127,1.2033919627728876e-33,1.5071740768130333,-1.2385342815729576,-1.2452755260254178,1.275154173843504,1.3161790501506556,11,0.753968253968254,cluster-2,4.659748722401419e-71,1.5007788943486112e-35,1.0,2.85829141797923e-53,2.0411303861503322e-47,cluster-2
null,127,3.7740840724212187e-47,1.2833711739909839,-1.5614645650067667,-1.5682058094592268,2.0709072323296014,1.1350598851454912,3,0.6666666666666666,cluster-2,6.001846599469452e-115,3.3815431358105366e-49,1.0,1.031430146675309e-102,4.12901412745862e-95,cluster-2
null,127,2.560549383127713e-60,1.3647095904906383,-1.4517220324418676,-1.4584632768943278,1.8522342471625861,1.198411292406003,7,0.6746031746031746,cluster-2,6.90686047055665e-103,1.8010232745991458e-62,1.0,2.0145799276235337e-79,3.976574104467681e-75,cluster-2
null,127,5.859293805998918e-39,1.4000924543229865,-1.3000304454893579,-1.3084827656878932,2.02357723206047,1.2307687809412693,22,0.7222222222222222,cluster-1,2.447879020389691e-112,1.0,6.330220858036155e-41,1.937949074179878e-72,5.318925179584527e-62,cluster-1
null,127,1.6422645932297706e-40,1.525164976196748,-1.015351302980438,-1.0324198263750715,1.0356423685869833,1.3265690617361878,18,0.7142857142857143,cluster-4,7.563655333857547e-58,1.1658068043976995e-42,1.4490373582037545e-52,5.307241489416436e-43,1.0,cluster-4
null,118,3.4815805533783324e-49,1.375543868250125,-1.548919160487288,-1.556174567652224,1.823557966846531,1.098176369700421,3,0.6324786324786325,cluster-2,3.536574677719648e-94,2.9927027261465256e-51,1.0,5.070176789984468e-81,2.2009096151268767e-62,cluster-2
null,127,3.93922441905107e-61,1.3218559967180252,-1.2742521030696359,-1.280993347522096,2.277348315621924,1.1708849962110304,10,0.6031746031746031,cluster-2,2.465724386941408e-126,2.734491718899397e-63,1.0,1.0864469403201212e-82,7.719836765516605e-74,cluster-2
null,127,1.549114814605538e-53,1.370632174627846,-1.2591331662155512,-1.2658744106680113,1.9959104042353595,1.1877455182310472,10,0.6428571428571429,cluster-2,8.217976282781263e-111,1.2251866510697212e-55,1.0,5.096015188920242e-77,9.46942294008964e-71,cluster-2
null,127,2.2166468627731784e-42,1.3958680891168322,-1.55624065248985,-1.5629818969423102,2.0172569695420153,1.230273019289755,3,0.6428571428571429,cluster-2,5.462438400147087e-112,2.2051148951801028e-44,1.0,1.1491310268866712e-78,1.8396500960198966e-56,cluster-2
null,127,4.9692373821878697e-57,1.338340449897827,-1.1636184331938977,-1.1703596776463578,2.1174383689099407,1.2075673702448566,5,0.6507936507936508,cluster-2,1.6287014302328925e-117,3.6933374099013425e-59,1.0,1.63636679905379e-88,2.2549433136278577e-69,cluster-2
null,127,3.023624331473051e-63,1.2856648602253027,-1.4232088824895424,-1.4299501269420025,2.192629596379798,1.159979300665956,9,0.6111111111111112,cluster-2,1.1604844091502314e-121,2.0298218626223988e-65,1.0,1.315164662216202e-94,6.853644207562685e-85,cluster-2
null,127,3.509114121271961e-35,1.4956675033129763,-1.2895931934747171,-1.2980455136732525,1.4111204372616264,1.2968752906361134,17,0.7619047619047619,cluster-1,1.476008848839468e-78,1.0,4.189331358858236e-37,4.777308680275055e-52,6.457411343533206e-49,cluster-1
null,127,2.4796785609809396e-39,1.4456410653140686,-1.5339271365188238,-1.5423794567173592,1.6236243060254674,1.2313919308007897,15,0.7063492063492064,cluster-1,2.8077164570464094e-90,1.0,2.654052427100314e-41,4.720914108802729e-74,2.2633504205101583e-50,cluster-1
null,127,3.02679824099513e-45,1.3636112814495494,-1.4426897905004306,-1.4494310349528907,1.7549124890425074,1.2195521807602014,11,0.6825396825396826,cluster-2,1.6110206335449063e-97,2.8239440371349633e-47,1.0,7.217633550770113e-77,2.9902423700796084e-93,cluster-2
null,127,1.5639022600594223e-44,1.4515863536730036,-1.5486990861066683,-1.5571514063052037,1.4486088790292817,1.2523302264029788,10,0.6507936507936508,cluster-1,1.2629873188320266e-80,1.0,1.4820134203706091e-46,2.120508292257551e-67,8.43957982739438e-64,cluster-1
null,127,8.333465371675419e-39,1.4476484999526216,-1.1234689547320988,-1.1319212749306344,1.7726967879167692,1.2749737976806637,11,0.7380952380952381,cluster-1,1.683453011422954e-98,1.0,8.431097666096454e-46,6.213624129307756e-67,9.037923860547513e-41,cluster-1
null,127,2.3942847116138656e-62,1.3301340436023668,-1.1920611764502338,-1.198802420902694,1.8488225261057454,1.1806468078804204,3,0.6825396825396826,cluster-2,1.0652597540756167e-102,1.6301314786246645e-64,1.0,1.8867343855862583e-94,4.9812663134481536e-79,cluster-2
null,127,1.870586435072724e-42,1.47604977432998,-1.4491359680656373,-1.4575882882641726,1.4422772024560164,1.2815038591529322,8,0.6746031746031746,cluster-1,2.8224427336588848e-80,1.0,1.8576864330388283e-44,1.1344557778069372e-58,1.7853795620317342e-54,cluster-1
null,127,2.3154261487628484e-45,1.3435550927097621,-1.3882602481391486,-1.3950014925916088,1.9883456492987204,1.2026247772866085,1,0.7142857142857143,cluster-2,2.1478401770485741e-110,2.154810929555053e-47,1.0,4.161398386627075e-95,7.238848630122037e-74,cluster-2
null,127,7.640425730721432e-32,1.5212792400945032,-1.2159576416015625,-1.233026164996196,1.1245707113911787,1.3235505187263046,20,0.746031746031746,cluster-4,9.415718861148761e-63,1.0055872916942622e-33,2.152856013636911e-54,2.999709846408424e-43,1.0,cluster-4
null,127,4.6336306745941794e-42,1.5131228240304346,-1.0971139021745817,-1.115506122673302,1.140631728284941,1.3402562808587537,15,0.6904761904761905,cluster-3,4.643647112818848e-44,3.69133638481529e-52,1.2246209486468117e-63,1.0,2.5650473019760184e-48,cluster-3
null,127,6.41702113871129e-44,1.4925039198766892,-1.4565142533910556,-1.464966573589591,1.2326488344688116,1.2874744754572367,15,0.6984126984126984,cluster-1,1.0298203258020278e-68,1.0,1.7929203378179276e-55,6.16427694026213e-46,4.2015159197149357e-57,cluster-1
null,127,8.864979363875585e-44,1.4239687240974856,-1.387449850247601,-1.394191094700061,1.6148637185885213,1.2540815868128523,6,0.6746031746031746,cluster-2,8.541751741504902e-90,8.542594697674865e-46,1.0,7.239645797261057e-75,6.695174289771174e-66,cluster-2
null,127,5.006716339773303e-59,1.2197205472553017,-1.3525825560562255,-1.3593238005086856,2.619228333000123,1.1204971136448796,7,0.6666666666666666,cluster-2,3.430960300968194e-145,3.597360702037369e-61,1.0,1.983768464823425e-111,8.975251547657474e-87,cluster-2
null,127,2.859980083626229e-51,1.4496012752029115,-1.5244239146315206,-1.5328762348300562,1.5852776474840058,1.2216808942229203,19,0.7380952380952381,cluster-1,3.6591356305576546e-88,1.0,2.342000058168303e-53,1.72916158422543e-55,3.085092256430375e-63,cluster-1
null,127,5.9063847459615e-75,1.1855353643792441,-1.1819758377675935,-1.1887170822200537,2.3589578463336616,1.12409566804478,1,0.6587301587301587,cluster-2,7.77567831887483e-131,3.354207374901911e-77,1.0,2.223079080896508e-112,1.290303816883404e-100,cluster-2
null,127,4.869865397762975e-44,1.4873520769811603,-1.1282001405250368,-1.1452686639196703,1.3391333151990035,1.298393888649613,6,0.7380952380952381,cluster-4,1.379010001198986e-74,5.846795888761467e-49,8.04255889660537e-60,4.6592925278142505e-46,1.0,cluster-4
null,127,4.61101985213016e-43,1.4684859057749169,-1.4368878462183194,-1.4453401664168548,1.6411475234144315,1.2609771646082135,19,0.7698412698412699,cluster-1,3.032865823408626e-91,1.0,2.7688719040568896e-53,4.0791333127319285e-51,4.515788424919964e-45,cluster-1
null,127,8.266754020354481e-51,1.5014300536620446,-1.6495149867741141,-1.6679072072728345,1.0829042449710877,1.2901998980862093,11,0.7380952380952381,cluster-3,1.870613530652999e-60,4.981826295326329e-53,1.8135722207429436e-53,1.0,5.1717840808470426e-55,cluster-3
null,127,4.652179794166075e-35,1.434046253748853,-1.2327496385949803,-1.2394908830474405,1.8288708784448817,1.2516925613130707,10,0.7142857142857143,cluster-2,1.3424453378660647e-101,5.572959675163685e-37,1.0,5.497177671654012e-68,8.512010876439231e-55,cluster-2
null,127,2.7164186155474283e-49,1.473428258512611,-1.2125634621447465,-1.221015782343282,1.315915445643147,1.2798726165082628,7,0.7222222222222222,cluster-1,2.6312267752088484e-73,1.0,1.4203431232126286e-53,3.0626458938927707e-65,2.3150175241685366e-51,cluster-1
null,127,2.1527669287252402e-46,1.4205801851794817,-1.2665669598917322,-1.2733082043441926,1.6899341973732775,1.2570286434462523,3,0.746031746031746,cluster-2,6.180231158351315e-94,1.9597102328245465e-48,1.0,3.0814531690650255e-66,4.332772417077792e-71,cluster-2
null,127,4.839066889598551e-66,1.3214544713049519,-1.142275832769439,-1.1490170772218993,1.7375990499661662,1.216667421069014,3,0.6428571428571429,cluster-2,1.4522144258797406e-96,3.113138229105921e-68,1.0,4.576048531579003e-90,1.3821843268287533e-91,cluster-2
null,127,1.0703168050901411e-39,1.524390936077249,-1.0428667443943775,-1.0599352677890108,1.0582233338844118,1.3443054657153257,12,0.7063492063492064,cluster-4,5.808635816763805e-53,3.9674738002796684e-42,4.298031311508513e-59,7.306771835718503e-42,1.0,cluster-4
null,117,2.47421092205314e-73,1.236927942810481,-1.2254891680856037,-1.2580335365405388,2.0476092477130075,1.0500844548401573,4,0.46551724137931033,cluster-0,1.0,9.035423371124441e-105,2.208611363683502e-94,1.435721656166175e-75,4.7821805798852404e-88,cluster-0
null,127,2.265799879674863e-37,1.5125692448571268,-1.113325224148007,-1.1303937475426402,1.1033863458107773,1.3277937111913072,10,0.7063492063492064,cluster-4,7.896540905304057e-61,2.5495578325300283e-39,1.3876681585802458e-61,1.3974446612442233e-43,1.0,cluster-4
null,127,7.968344671796455e-35,1.4790391763170088,-1.1265375332569514,-1.1349898534554868,1.646901408518393,1.2969938344227239,12,0.6984126984126984,cluster-1,1.4604791701712078e-91,1.0,2.0790614109391206e-41,4.5091898020677646e-55,9.607929512311791e-37,cluster-1
null,127,5.691469585201934e-51,1.4582849484360965,-1.1886164147084153,-1.1970687349069509,1.5525594395915356,1.2567230185523135,14,0.6825396825396826,cluster-1,2.333266388570387e-86,1.0,4.716986229362644e-53,2.283112495664818e-58,6.4040821170226095e-56,cluster-1
null,127,2.19991113755941e-37,1.5189203305347385,-1.3049595149483268,-1.334941334706023,1.1481640432763287,1.3241164310501328,10,0.6587301587301587,cluster-0,1.0,4.79029570892717e-47,4.704937341522472e-64,6.590724891060834e-50,2.4747386361210342e-39,cluster-0
null,127,4.706447341986564e-63,1.4295020978241642,-1.4626723161832553,-1.4797408395778888,1.3953039214367002,1.2333995984822592,9,0.7063492063492064,cluster-4,1.1001583655026197e-77,4.1707664093901807e-69,3.140253809237217e-65,2.7251557199584365e-67,1.0,cluster-4
null,127,3.763774960693244e-55,1.4344040783592085,-1.1911767674243356,-1.2082452908189691,1.681131438007505,1.2693926833290337,3,0.6904761904761905,cluster-4,1.890272543325641e-93,1.0016406353934892e-62,2.1223226471606638e-58,2.6729698146599044e-57,1.0,cluster-4
null,127,4.54969171281136e-57,1.2551375878643467,-1.3865056075449065,-1.3932468519973666,2.329630934347318,1.1603920784395831,3,0.5396825396825397,cluster-2,3.223115164002615e-129,3.3792821622748216e-59,1.0,3.5943100040867237e-109,6.171377764015927e-85,cluster-2
null,127,1.223880064801445e-47,1.4632777489422728,-1.2402937280850148,-1.247034972537475,1.380156509519562,1.2660152772974922,5,0.7619047619047619,cluster-2,7.532111781450625e-77,1.085533062337016e-49,1.0,1.34704677444532e-56,1.2444159688036635e-67,cluster-2
null,127,7.327082689968691e-52,1.4474284676212563,-1.2900217611958662,-1.2984740813944016,1.5211969811146653,1.2645577436554412,4,0.6984126984126984,cluster-1,1.2524870441574775e-84,1.0,4.965057425107136e-67,2.630164378539805e-57,5.975965390774947e-54,cluster-1
null,127,8.248921442121172e-53,1.3494185990510723,-1.2260984886349655,-1.2328397330874257,1.850103423351378,1.2234353770473607,1,0.626984126984127,cluster-2,9.053304351299697e-103,6.61218880078051e-55,1.0,6.094867574527874e-87,2.3193210697750335e-82,cluster-2
null,127,3.3793198225377896e-40,1.4901734121780235,-1.2522334301565576,-1.260685750355093,1.4106477752445252,1.269043807930966,9,0.8015873015873016,cluster-1,1.56732414256637e-78,1.0,5.765957177586262e-47,2.762147601943292e-56,3.5405558854895627e-42,cluster-1
null,127,9.322127924770295e-58,1.3347424945192887,-1.3596109705647146,-1.3663522150171747,2.0309914416215555,1.197496935562746,3,0.5555555555555556,cluster-2,9.546765656235532e-113,6.84283762780439e-60,1.0,3.7773135121107517e-84,1.8099741555547862e-80,cluster-2
null,127,1.7692286076150155e-56,1.4533025352124398,-1.4870264248585139,-1.4954787450570493,1.432277409110482,1.2444649846439346,9,0.6825396825396826,cluster-1,1.0050038672346971e-79,1.0,1.5669148484630358e-59,1.1670609925223754e-58,1.8060594051341148e-62,cluster-1
null,127,2.063408180399009e-50,1.442603422227699,-1.168583907480315,-1.1753251519327752,1.6607757328063484,1.2521922467193112,9,0.7222222222222222,cluster-2,2.507560803078618e-92,1.7312564959370038e-52,1.0,6.43885321908906e-60,3.051167428463118e-60,cluster-2
null,123,1.1896592752893713e-35,1.4923340176090087,-1.302052939810404,-1.3090134117247327,1.2734584653280616,1.2606966809998932,16,0.6147540983606558,cluster-2,9.42136687191571e-69,1.4019447149442246e-37,1.0,6.076447345386945e-53,4.38451252143693e-57,cluster-2
null,127,3.026752486964689e-45,1.3636112431860914,-1.4426896703524852,-1.4494309148049453,1.7549126091904528,1.219552180242074,11,0.6825396825396826,cluster-2,1.6109960515084302e-97,2.823900947497325e-47,1.0,7.21752341926247e-77,2.9901967429501457e-93,cluster-2
null,127,6.866658249181656e-71,1.2808722659538467,-1.6517330379936639,-1.658474282446124,2.293202678049643,1.1334026357331295,3,0.6349206349206349,cluster-2,3.292235106984163e-127,4.119840502794636e-73,1.0,3.0534728594015137e-90,3.923838959770381e-80,cluster-2
null,127,4.9578027498119054e-39,1.5001221966174163,-1.4216414323941928,-1.4300937525927284,1.5084353469488192,1.315940768177183,13,0.6984126984126984,cluster-1,6.333536373764111e-84,1.0,4.424941788812524e-41,6.696788646288114e-42,2.2029143343103416e-42,cluster-1
null,127,6.19993303762279e-56,1.3410603553437501,-1.328040175550566,-1.3347814200030261,2.0083041453924704,1.2078202586614162,7,0.6349206349206349,cluster-2,1.7028764617335983e-111,4.6968103802884925e-58,1.0,2.752858578061192e-94,2.3391161398452837e-68,cluster-2
null,127,1.2507401361032382e-64,1.2434767916263307,-1.4470779539093257,-1.453819198361786,2.3278839832215796,1.1109390110104882,2,0.5476190476190477,cluster-2,4.0237372184190345e-129,8.219539773557109e-67,1.0,1.1622497236281325e-110,1.060926726686148e-83,cluster-2
null,127,6.800547440549487e-49,1.3422462179533594,-1.0822365828386442,-1.0889778272911044,1.9752429151159572,1.1824549944112612,12,0.6666666666666666,cluster-2,1.134197005746152e-109,5.87975824351396e-51,1.0,4.620759170512741e-91,8.398475635380724e-78,cluster-2
null,127,5.2689311866590925e-30,1.452673201984078,-1.1910169706569882,-1.1994692908555236,1.9180636668768456,1.3152722864151167,11,0.6666666666666666,cluster-1,1.6159680098361124e-106,1.0,7.349804097022523e-32,3.067308650234471e-59,9.81030658017369e-42,cluster-1
null,127,2.531954517245969e-31,1.5007431635305841,-1.2180358406126968,-1.2247770850651571,1.3246721883458417,1.2978053358390793,8,0.7698412698412699,cluster-2,8.653197983016576e-74,3.386527767528189e-33,1.0,5.88345728200919e-52,5.0433034323438804e-52,cluster-2
null,127,1.3815963325470419e-45,1.4363679378031766,-1.073008980338029,-1.0814613005365645,1.8056478425273748,1.252883771876797,12,0.7936507936507936,cluster-1,2.5631405870867214e-100,1.0,1.842441049237106e-53,1.8879871456199304e-64,1.2795500926069768e-47,cluster-1
null,127,8.59536708968049e-53,1.4095399093533647,-1.1761433759073572,-1.1828846203598176,1.634551281065453,1.203037346888416,7,0.7301587301587301,cluster-2,7.009250433432854e-91,6.892184734398601e-55,1.0,5.5231831531366875e-74,2.9546843089771403e-70,cluster-2
null,127,4.3783073128321585e-69,1.2186178007587094,-1.3209783599132627,-1.327719604365723,2.221023199126477,1.1271140643131883,4,0.5079365079365079,cluster-2,3.151946344620985e-123,2.6944699734547316e-71,1.0,2.1024803309826924e-106,5.27927801441285e-102,cluster-2
null,127,1.6019628487262704e-41,1.4014613135280192,-1.2472037968673104,-1.2539450413197708,1.635355431263841,1.2321499956066848,12,0.6825396825396826,cluster-2,6.328755997432418e-91,1.6259443871798208e-43,1.0,3.0475272704072605e-82,4.894522368271206e-73,cluster-2
null,127,1.6666521356982173e-46,1.4649732398486883,-1.4535319410909817,-1.471924161589702,1.2890866497370201,1.24609818315967,13,0.7222222222222222,cluster-3,2.421439682823931e-58,1.5136305449694715e-48,7.941658868728702e-72,1.0,6.125965358445328e-71,cluster-3
null,127,6.800547440549487e-49,1.3422462188819404,-1.0822365828386442,-1.0889778272911044,1.9752429151159572,1.1824550004504066,12,0.6666666666666666,cluster-2,1.134197005746152e-109,5.87975824351396e-51,1.0,4.620900187043455e-91,8.398219338155196e-78,cluster-2
null,127,2.898704615821901e-44,1.4877382398478165,-1.079046294445128,-1.0961148178397613,1.242061584953248,1.32068764960614,8,0.6349206349206349,cluster-4,3.1159999984985564e-69,2.763236619926828e-46,1.2355161777831075e-56,3.0339797998484017e-59,1.0,cluster-4
null,117,3.6589835065983335e-33,1.53413476025568,-1.4254960280198317,-1.4440233995678526,0.9889300745776577,1.2239144998428748,20,0.7413793103448276,cluster-4,7.354792664414073e-48,2.2757817089025118e-36,5.62387550065186e-51,4.389012915609686e-35,1.0,cluster-4
null,127,4.893770737332829e-42,1.4319346404380038,-1.3965166947973056,-1.4032579392497657,1.7216822106068528,1.2462375637433236,13,0.6666666666666666,cluster-2,1.0963024268443603e-95,4.907363781572072e-44,1.0,5.743758265320042e-71,6.618209863564778e-58,cluster-2
null,127,5.709659614371424e-40,1.4976580912620774,-1.330839142085999,-1.3392914622845344,1.445962980976255,1.3074251015916776,12,0.7698412698412699,cluster-1,1.767398790104674e-80,1.0,6.014331442152779e-42,2.0508708492095504e-47,1.1297602637734651e-45,cluster-1
null,127,4.641740880377465e-56,1.4151795855395384,-1.1055678720549336,-1.122636395449567,1.5045364259734868,1.2725956415885684,7,0.6587301587301587,cluster-4,2.712181743364427e-82,3.508474632317972e-58,1.4962024300102836e-62,1.0391848626021264e-83,1.0,cluster-4
null,127,7.064637005066083e-62,1.3071972238425644,-1.2612355149637058,-1.267976759416166,1.961175873523622,1.151374875318576,7,0.6428571428571429,cluster-2,6.7695810307091435e-109,4.8458513811661996e-64,1.0,1.1314419961788596e-98,4.4348703300499344e-82,cluster-2
null,127,9.405619727104738e-56,1.4544210868025458,-1.4175678163062868,-1.4260201365048224,1.412630696934978,1.2555578484998398,15,0.7777777777777778,cluster-1,1.2184002682850825e-78,1.0,1.857412434553521e-64,5.106514403708836e-58,2.009098769516755e-58,cluster-1
null,127,1.0541827668361515e-60,1.3645825889846561,-1.2542880801703986,-1.2610293246228588,1.780803770530881,1.2134392009140096,7,0.6587301587301587,cluster-2,6.01252834032686e-99,7.368524982255022e-63,1.0,2.6480028928476238e-80,3.9211196725488765e-78,cluster-2
null,127,1.6079660761584845e-43,1.4142264802899265,-1.3261599803534079,-1.3346123005519435,1.766575730691745,1.237494999610373,10,0.6904761904761905,cluster-1,3.6627759476195666e-98,1.0,1.5585205745502223e-45,5.197225557965862e-67,1.7242206013670528e-71,cluster-1
null,127,8.271451552561671e-62,1.3280359608804757,-1.3356704111174336,-1.3424116555698937,2.2284390907587968,1.1816366768545388,11,0.6428571428571429,cluster-2,1.2290013289387387e-123,5.6798292538850266e-64,1.0,6.812347407318086e-80,5.291145084343365e-75,cluster-2
null,127,2.114233792628655e-48,1.4403253234825413,-1.54048553226501,-1.5489378524635453,1.7403252068467026,1.249034833629437,9,0.6349206349206349,cluster-1,1.0272318477445415e-96,1.0,9.597836117161647e-56,5.55898159871621e-62,1.846221962301277e-50,cluster-1
null,103,8.850912704820679e-34,1.4555515412836701,-1.4089305099931735,-1.419352302859329,1.7928908264752732,1.0329923269111023,9,0.6862745098039216,cluster-1,6.30685669323659e-81,1.0,9.28413311012051e-43,1.0995525272361176e-35,5.335986710530216e-43,cluster-1
null,127,4.716504243029815e-53,1.3866559723551455,-1.1003574161078986,-1.1070986605603588,1.9719187819112944,1.2409065503853602,3,0.6666666666666666,cluster-2,1.7299453762973397e-109,2.676660799165507e-59,1.0,1.1890324855572137e-78,3.763374773533501e-55,cluster-2
null,127,4.1766812812762586e-47,1.4758432487713566,-1.5001221904604454,-1.5085745106589807,1.4332000251830093,1.2893988640536995,12,0.8095238095238095,cluster-1,8.938825826852916e-80,1.0,3.254551455176882e-51,3.418229269378857e-59,3.711462584035025e-49,cluster-1
null,127,4.022318860968166e-43,1.4995218980014589,-0.8979161780650221,-0.9149847014596555,1.0898429089643824,1.3396681541878583,3,0.6984126984126984,cluster-4,3.302389981767627e-57,3.933935569443172e-45,9.155475830318745e-59,7.749600038981931e-61,1.0,cluster-4
null,127,2.3154261487628484e-45,1.3435550927097621,-1.3882602481391486,-1.3950014925916088,1.9883456492987204,1.2026247772866085,1,0.7142857142857143,cluster-2,2.1478401770485741e-110,2.154810929555053e-47,1.0,4.161398386627075e-95,7.238848630122037e-74,cluster-2
null,127,5.515522289939916e-46,1.369077013048131,-1.2789597398652806,-1.2857009843177407,1.9778930183470718,1.202299455588921,10,0.6666666666666666,cluster-2,8.100671012259043e-110,5.064675305514068e-48,1.0,1.4008320487454411e-83,1.6377681637977747e-70,cluster-2
null,127,1.3195696972452302e-29,1.4852765369816185,-1.1663216418168676,-1.174773962015403,1.4951535923274482,1.3153153895561445,14,0.7777777777777778,cluster-1,3.421422816995115e-83,1.0,2.0794706833234877e-59,1.1121224835669185e-44,1.8649339769502876e-31,cluster-1
null,127,3.492682903603599e-44,1.436985137086079,-1.3736818568913016,-1.382134177089837,1.519709909994771,1.2414846549919334,12,0.7142857142857143,cluster-1,1.5128408519029228e-84,1.0,3.335439935443385e-46,4.808309406852515e-70,1.703382369437541e-67,cluster-1
null,127,2.102477215284006e-35,1.4870049179544673,-1.4650391105591782,-1.4734914307577136,1.548078642116757,1.2927267115885819,9,0.7619047619047619,cluster-1,4.121966884774535e-86,1.0,2.4945884921051953e-37,1.0402295576234387e-50,1.7606923887599493e-47,cluster-1
null,127,9.322127924770295e-58,1.3347424945192887,-1.3596109705647146,-1.3663522150171747,2.0309914416215555,1.197496935562746,3,0.5555555555555556,cluster-2,9.546765656235532e-113,6.84283762780439e-60,1.0,3.7773135121107517e-84,1.8099741555547862e-80,cluster-2
null,127,1.1162885751074497e-52,1.4234980341297603,-1.3927816556194637,-1.4227634753771599,1.5174108790600391,1.265924307999013,4,0.6507936507936508,cluster-0,1.0,2.430627611911826e-82,2.0258030115651842e-84,8.459525289320197e-58,8.960892325593997e-55,cluster-0
null,127,2.8928275500128514e-58,1.3336907081038558,-1.5136062742218257,-1.520347518674286,2.0678473044568157,1.1725560813188465,3,0.6349206349206349,cluster-2,8.85230633859359e-115,2.1052422229822377e-60,1.0,3.0523711520523693e-87,1.765806128863976e-75,cluster-2
null,127,1.0871280254741826e-42,1.4614237726469312,-1.208281149075726,-1.2167334692742613,1.6058780940498893,1.2806381434844913,4,0.7698412698412699,cluster-1,2.673946128679666e-89,1.0,1.0737856345786803e-44,5.290900203194305e-61,2.325291975599161e-52,cluster-1
null,127,1.2495185622415429e-46,1.4005348611503226,-1.3875583438422736,-1.396010664040809,1.9696056936669537,1.2480030465120486,4,0.6587301587301587,cluster-1,2.3206609576636236e-109,1.0,1.131807496276225e-48,1.8659800358844215e-76,3.668811423221183e-56,cluster-1
null,120,1.8916923093143624e-54,1.4244711095515927,-1.2084762573242187,-1.2174216295343354,1.6223103841145832,1.1798663876802613,5,0.6386554621848739,cluster-1,2.8362614971369737e-85,1.0,1.4713369211842227e-56,7.555705681832223e-63,1.1679238086466499e-60,cluster-1
null,127,1.4458117893465237e-46,1.4856432425464718,-1.5543693482406495,-1.5628216684391851,1.1940999669352856,1.2591803816741232,11,0.753968253968254,cluster-1,2.404270032508032e-61,1.0,1.3770180623365858e-66,1.3113579763783112e-48,8.479427308819136e-58,cluster-1
null,127,2.800054638220707e-67,1.1950153209230665,-1.4609247643177903,-1.4676660087702504,2.5464419868048718,1.1075871550414842,3,0.5952380952380952,cluster-2,3.54793515555055e-141,1.7687373807738718e-69,1.0,8.1968824759099985e-109,6.392083712473316e-98,cluster-2
null,116,3.2617740611013464e-65,1.3671399616406021,-1.4268764627390895,-1.4361302960598998,1.6589621182145742,1.0901083973477412,5,0.6869565217391305,cluster-1,2.6579153129988086e-84,1.0,2.1204435804675058e-67,3.098373089464574e-70,9.156817042235777e-71,cluster-1
null,127,1.2667777717250439e-55,1.3915764187306738,-1.1644824170690822,-1.1712236615215423,1.8210935817928766,1.2457756733362024,7,0.7222222222222222,cluster-2,3.6045953036660845e-101,8.422559723407676e-58,1.0,1.5258598234783657e-82,1.1988824862329968e-58,cluster-2
null,127,9.423141784422912e-64,1.2976337558526583,-1.2832849457507998,-1.29002619020326,2.260328998715859,1.1735483396094346,8,0.6190476190476191,cluster-2,2.141172952113959e-125,6.276495707137992e-66,1.0,5.1804113983133475e-93,7.133086607918375e-76,cluster-2
null,127,2.9429119599823046e-41,1.4359137909994437,-1.4353164312407727,-1.443768751439308,1.605496384027436,1.2483018608467402,7,0.7222222222222222,cluster-1,2.806764804603819e-89,1.0,3.0057119673469414e-43,2.6352065779356453e-64,6.362495158360005e-70,cluster-1
null,127,3.79140404795517e-35,1.528744199223227,-1.0037184587613803,-1.0207869821560138,1.019843514510027,1.3521616245157293,12,0.7222222222222222,cluster-4,5.625016930131818e-57,4.530576737188657e-37,9.786825361820815e-51,2.9507105082119047e-46,1.0,cluster-4
null,127,9.668011268331916e-36,1.5196476607570872,-1.0853521392101377,-1.1024206626047712,1.0821345772330215,1.3371538899718582,14,0.7063492063492064,cluster-4,2.06269683752561e-60,1.136508055754189e-37,1.7746393141297834e-52,2.262755904456478e-49,1.0,cluster-4
null,127,7.327082689968691e-52,1.4474284676212563,-1.2900217611958662,-1.2984740813944016,1.5211969811146653,1.2645577436554412,4,0.6984126984126984,cluster-1,1.2524870441574775e-84,1.0,4.965057425107136e-67,2.630164378539805e-57,5.975965390774947e-54,cluster-1
null,127,9.322127924770295e-58,1.3347424945192887,-1.3596109705647146,-1.3663522150171747,2.0309914416215555,1.197496935562746,3,0.5555555555555556,cluster-2,9.546765656235532e-113,6.84283762780439e-60,1.0,3.7773135121107517e-84,1.8099741555547862e-80,cluster-2
null,127,2.4472863720941602e-51,1.3934733922030713,-1.1426379586767963,-1.1493792031292565,1.9248633196973426,1.2528822963199824,5,0.6190476190476191,cluster-2,6.813891178301801e-107,2.0169595969507984e-53,1.0,2.3979249670817067e-74,6.906286167333615e-64,cluster-2
null,127,7.552557828575235e-55,1.446999650003863,-1.4784008837121678,-1.4868532039107032,1.3355185441144808,1.2327516224011072,7,0.7142857142857143,cluster-1,4.165492855561783e-74,1.0,2.1824362070874117e-74,1.0719562050633286e-59,5.821489945014091e-57,cluster-1
null,127,3.238862661732477e-55,1.3537808663192399,-1.3539951354499877,-1.360736379902448,2.028356477031558,1.2085604207419838,11,0.7301587301587301,cluster-2,1.3341012342067391e-112,2.48498939387446e-57,1.0,1.6030120548045473e-85,2.4650717236674394e-69,cluster-2
null,127,4.148221963993183e-40,1.5375860019252354,-0.8952723225270669,-0.9123408459217003,0.8574425404466044,1.3627207035751119,9,0.6190476190476191,cluster-4,2.464779615605554e-47,4.355622688457729e-42,1.9478088209278477e-47,5.098170893133906e-48,1.0,cluster-4
null,115,9.484035102129845e-53,1.3574327462231646,-1.1757082731827446,-1.1831529518389396,1.8281987729279892,1.0635438518589657,3,0.6666666666666666,cluster-2,4.92817959192338e-92,7.61081491875923e-55,1.0,2.1748235097920088e-74,2.254896862445165e-72,cluster-2
null,127,1.32923031669579e-45,1.5124334413746272,-1.0833248829278421,-1.1003934063224754,1.046042735182394,1.3271092808452583,10,0.626984126984127,cluster-4,9.909510118136989e-53,2.018809589336133e-58,2.654999560111103e-52,1.2305688517515304e-47,1.0,cluster-4
null,127,8.730896283931968e-34,1.5116749912314962,-1.395685150867372,-1.4041374710659074,1.3070988692636567,1.3078760996337602,17,0.7301587301587301,cluster-1,8.061949430344421e-73,1.0,3.1377639524411664e-42,1.3305956778045817e-50,1.084456392529097e-35,cluster-1
null,127,1.1003700299026523e-65,1.2332598718116832,-1.406581848625123,-1.4133230930775833,2.0541773518239417,1.1488372441919288,7,0.5793650793650794,cluster-2,5.023751270503065e-114,7.116916501709629e-68,1.0,4.470933528897125e-104,2.0801566787221295e-108,cluster-2
null,127,5.551774744914503e-61,1.3200154221609344,-1.2239361860620694,-1.2306774305145296,1.9580783393439347,1.1747963511990163,1,0.6349206349206349,cluster-2,1.0032462042232031e-108,3.8631420453452417e-63,1.0,4.310208645084847e-84,2.0358523879438395e-90,cluster-2
null,127,2.515080492747256e-61,1.3580533788488356,-1.2200401486374262,-1.2384323691361465,1.9599042276697836,1.2059815752777423,10,0.6507936507936508,cluster-3,3.599542374989933e-69,1.740431082806454e-63,7.956094369036642e-109,1.0,3.4606329382322e-82,cluster-3
null,127,6.561680349491144e-38,1.4737202107185998,-1.2103736456923597,-1.218825965890895,1.6704093152143824,1.3052760935537138,15,0.746031746031746,cluster-1,7.377468928873765e-93,1.0,7.279347965392206e-40,2.3420512795774756e-55,1.6764059105570747e-43,cluster-1
null,127,1.0424038536365732e-64,1.377600010423007,-1.248971052995817,-1.2574233731943523,1.5772815614234743,1.2017506709847399,6,0.626984126984127,cluster-1,1.1540925308691007e-75,1.0,5.550721686347251e-83,1.0101964225334627e-87,6.842160705385123e-67,cluster-1
null,127,4.639502461603591e-40,1.4886822363050154,-1.3574630857452632,-1.3758553062439836,1.4507625309501109,1.2949376337338658,11,0.6904761904761905,cluster-3,4.877321736007589e-42,8.14062413626543e-52,9.607567813786354e-81,1.0,1.9239606027413855e-50,cluster-3
null,127,1.4320165277534983e-41,1.5261532888539102,-0.9002832127368356,-0.9173517361314689,0.9568307230791708,1.3354876480100066,12,0.6587301587301587,cluster-4,1.6812004597761674e-53,1.4517827725448819e-43,1.2883158418825742e-49,2.295662831945272e-50,1.0,cluster-4
null,127,1.1473440475579482e-44,1.4692598542664959,-1.4976310429610604,-1.506083363159596,1.605805044099102,1.2483283867550934,15,0.8095238095238095,cluster-1,2.6988686748435014e-89,1.0,9.221849967404534e-47,5.006506478506916e-57,1.5758920836894394e-47,cluster-1
null,127,5.033704139385476e-53,1.4168047153075018,-1.247877586544968,-1.2662698070436884,1.653396125853531,1.2458165932177068,11,0.6825396825396826,cluster-3,5.191977006194639e-66,4.018887760734341e-55,6.401424681352199e-92,1.0,7.303260625354496e-72,cluster-3
null,127,2.587024593409276e-47,1.2798689152154648,-1.4675267737681472,-1.4742680182206074,2.350022804080032,1.149689883565308,3,0.746031746031746,cluster-2,2.418544640555271e-130,2.3100621180587608e-49,1.0,1.4616722819478564e-98,2.5634215518871864e-87,cluster-2
null,127,2.168934343058012e-36,1.5025183455701625,-1.300038495401698,-1.3084908156002333,1.3717814768393206,1.3112991388602315,16,0.746031746031746,cluster-1,2.181951170752847e-76,1.0,6.185497125053863e-47,2.5051247012664436e-38,1.0511077473599613e-49,cluster-1
null,127,1.4458117893465237e-46,1.4856432425464718,-1.5543693482406495,-1.5628216684391851,1.1940999669352856,1.2591803816741232,11,0.753968253968254,cluster-1,2.404270032508032e-61,1.0,1.3770180623365858e-66,1.3113579763783112e-48,8.479427308819136e-58,cluster-1
null,125,5.396954729958192e-47,1.4345881918305583,-1.3438441162109376,-1.3524316735326496,1.7712435302734373,1.2538679188235284,9,0.7096774193548387,cluster-1,6.995819359220537e-97,1.0,1.0073544253761567e-61,3.4848802242516967e-57,4.8513076737435575e-49,cluster-1
null,127,3.060613393820533e-42,1.3935300278447331,-1.6118600199541708,-1.618601264406631,1.9017138143224042,1.2166852536792896,6,0.7222222222222222,cluster-2,1.2888886628866047e-105,3.054592859158401e-44,1.0,1.6252729937009825e-75,2.662613891411295e-69,cluster-2
null,127,3.083039087662883e-44,1.5053494983748228,-1.3067590908741389,-1.3238276142687722,1.1234993521622783,1.2947012739493597,11,0.7063492063492064,cluster-4,3.948731981705467e-59,2.8537802027476342e-46,1.078809416603673e-62,8.327334759086048e-48,1.0,cluster-4
null,127,8.373646796102387e-54,1.3548816585564076,-1.5442131222702387,-1.5509543667226988,1.9953811525359868,1.1930563912465388,5,0.6507936507936508,cluster-2,8.789334082270761e-111,6.590352798218768e-56,1.0,3.610507343674311e-89,1.603650593918329e-67,cluster-2
null,127,1.527940900706631e-65,1.3649781656085105,-1.5469403604822836,-1.5536816049347437,1.753143070250984,1.2052421768743136,5,0.7142857142857143,cluster-2,2.0169452181674466e-97,9.903501429680997e-68,1.0,1.0496983573001979e-77,5.913485366221332e-78,cluster-2
null,127,2.4182422304185866e-45,1.4689293266671934,-1.3003386249692421,-1.3087909451677775,1.5712780088890255,1.2991872417237365,10,0.7222222222222222,cluster-1,2.1653802076438295e-87,1.0,2.2514101286851687e-47,1.0969737221881958e-54,3.115454856910522e-53,cluster-1
null,127,9.674473494740923e-60,1.4234922710973497,-1.392121322511688,-1.4005736427102233,1.360837921382874,1.222157579982031,12,0.6904761904761905,cluster-1,1.393163815643807e-75,1.0,6.8694555151869836e-62,8.758731179392217e-76,5.897649735845351e-70,cluster-1
null,127,1.32253772084808e-62,1.4006049259002835,-1.8043692280927042,-1.8214377514873377,1.681319709837906,1.2080295116184336,9,0.6428571428571429,cluster-4,1.845611204957274e-93,8.967617505926186e-65,4.4936152654672555e-70,2.3054256829971666e-69,1.0,cluster-4
null,127,2.2313855228574116e-40,1.34579497105114,-1.2940327802042322,-1.3124250007029525,1.8528451994648132,1.227046391127773,9,0.6349206349206349,cluster-3,2.327664512319942e-42,1.259767283805341e-74,2.7648870877747883e-102,1.0,6.3912140745228695e-103,cluster-3
null,127,8.923547253950811e-38,1.4941779905506536,-1.487846915177473,-1.4962992353760083,1.297712551327202,1.2699712431089045,16,0.7222222222222222,cluster-1,2.655499246200012e-72,1.0,2.2459305047136955e-53,1.5242394347594084e-56,9.936337773855067e-40,cluster-1
null,127,3.3793198225377896e-40,1.4901734121780235,-1.2522334301565576,-1.260685750355093,1.4106477752445252,1.269043807930966,9,0.8015873015873016,cluster-1,1.56732414256637e-78,1.0,5.765957177586262e-47,2.762147601943292e-56,3.5405558854895627e-42,cluster-1
null,127,4.689290894777839e-46,1.4244785946536211,-1.345389298566683,-1.3521305430191433,1.6593772107221947,1.2278093756454873,16,0.6587301587301587,cluster-2,2.9949357943755077e-92,4.2995148395553224e-48,1.0,7.213196589563881e-71,8.292578935147576e-66,cluster-2
null,127,4.3783073128321585e-69,1.2186178007587094,-1.3209783599132627,-1.327719604365723,2.221023199126477,1.1271140643131883,4,0.5079365079365079,cluster-2,3.151946344620985e-123,2.6944699734547316e-71,1.0,2.1024803309826924e-106,5.27927801441285e-102,cluster-2
null,127,8.730896283931968e-34,1.5116749912314962,-1.395685150867372,-1.4041374710659074,1.3070988692636567,1.3078760996337602,17,0.7301587301587301,cluster-1,8.061949430344421e-73,1.0,3.1377639524411664e-42,1.3305956778045817e-50,1.084456392529097e-35,cluster-1
null,127,7.748149075246527e-40,1.4668644312552876,-1.2627130943959153,-1.2711654145944509,1.5830587552288389,1.2630057899331255,13,0.7301587301587301,cluster-1,4.8502306931373766e-88,1.0,8.18994179901298e-42,1.0400983504965243e-58,1.71606034909696e-53,cluster-1
null,127,3.973852286659052e-24,1.536812096909729,-1.0447569118710014,-1.053209232069537,1.190566536009781,1.3780021162549068,16,0.6904761904761905,cluster-1,2.1568871852882945e-66,1.0,6.858269947549753e-26,1.7354309878190515e-42,7.228217742032638e-31,cluster-1
null,127,1.3444444185929222e-64,1.3444689938459176,-1.4581020084891732,-1.4648432529416333,2.036361814483883,1.180828336260382,9,0.6587301587301587,cluster-2,4.826709964882428e-113,8.839564471926088e-67,1.0,1.2547410363806176e-74,2.7981959333869816e-78,cluster-2
null,127,5.792866386068607e-52,1.483478177582505,-1.068600632074311,-1.0869928525730312,1.1418663685716042,1.3077363210437385,10,0.6825396825396826,cluster-3,7.54758972290512e-61,4.211235541174638e-59,4.7177216354750856e-54,1.0,1.0468985696088982e-63,cluster-3
null,127,5.769095214147299e-59,1.4349318727812048,-1.230578324926181,-1.2605601446838772,1.356944166769193,1.2607609030947442,10,0.5158730158730159,cluster-0,1.0,9.105235483929051e-70,8.635907396525709e-69,4.1493913827575794e-61,1.4361598705070538e-75,cluster-0
null,127,3.8105082290503434e-63,1.328213248775008,-1.212965477169968,-1.2197067216224282,2.098676426204171,1.1874306985696386,5,0.6507936507936508,cluster-2,1.7646716858142867e-116,4.511984131354882e-67,1.0,1.8641150588223298e-92,2.515422633724139e-65,cluster-2
null,127,9.357064629098641e-52,1.3464798806582903,-1.2324677715151329,-1.239209015967593,2.0220990518885333,1.208236847416217,6,0.6507936507936508,cluster-2,2.9533816193709637e-112,7.650610521346101e-54,1.0,2.235692831514867e-88,1.0375819323133215e-73,cluster-2
null,127,1.2875937355452782e-41,1.4943797353154924,-1.4128107987050935,-1.4212631189036289,1.280024731253076,1.280371304932709,19,0.6984126984126984,cluster-1,2.510296148004715e-71,1.0,2.8544864480735384e-47,1.6310802779924926e-60,1.3036353717066572e-43,cluster-1
null,127,7.754654291147159e-44,1.4641524551975496,-1.5402300977331447,-1.5469713421856048,1.423164427749754,1.2495755504138835,20,0.7063492063492064,cluster-2,3.1974065315345437e-79,7.462930856548671e-46,1.0,1.8048784611643287e-58,5.4776975261510555e-65,cluster-2
null,127,4.592693463062104e-47,1.449557658994557,-1.2992391511211245,-1.30769147131966,1.6556957575279898,1.2703689907030085,10,0.6746031746031746,cluster-1,4.780128119551021e-92,1.0,4.121777180612022e-49,1.163328789008369e-63,5.029256991464222e-53,cluster-1
null,127,1.6262160572827293e-48,1.3635602850735151,-1.43338493287094,-1.4401261773234002,1.7794004425289123,1.1777447658340447,14,0.7063492063492064,cluster-2,7.185520828685623e-99,1.41680080861251e-50,1.0,5.818915916876587e-94,4.9050642168392047e-73,cluster-2
null,127,1.1651727078205741e-39,1.436830503999269,-1.2701247808501477,-1.2768660253026078,1.8098043606975884,1.2565080168584175,11,0.7619047619047619,cluster-2,1.5118823907111505e-100,1.2370017064448693e-41,1.0,1.5929718140460174e-63,1.856831047396934e-57,cluster-2
null,127,2.6679965867361616e-45,1.4600631912855182,-1.427686796413632,-1.4361391166121673,1.399636095903051,1.2557355384328752,12,0.746031746031746,cluster-1,6.346180106395839e-78,1.0,2.486234682423417e-47,2.6408245430793814e-62,3.4678386515019856e-65,cluster-1
null,127,6.19993303762279e-56,1.3410603553437501,-1.328040175550566,-1.3347814200030261,2.0083041453924704,1.2078202586614162,7,0.6349206349206349,cluster-2,1.7028764617335983e-111,4.6968103802884925e-58,1.0,2.752858578061192e-94,2.3391161398452837e-68,cluster-2
null,127,6.700895738253549e-63,1.291490162810295,-1.3724134550319882,-1.3791546994844484,2.103460356945128,1.1731510910833811,1,0.6904761904761905,cluster-2,9.611790752861972e-117,4.52277622929821e-65,1.0,8.16728922075994e-95,2.3982396514764694e-86,cluster-2
null,127,4.61101985213016e-43,1.468485926096215,-1.4368878462183194,-1.4453401664168548,1.6411472831185407,1.2609771670631746,19,0.7698412698412699,cluster-1,3.032958380540637e-91,1.0,2.7688719040568896e-53,4.0791333127319285e-51,4.515788424919964e-45,cluster-1
null,127,1.7865400747483174e-49,1.4097060562524597,-1.4558069424366389,-1.462548186889099,1.8270191583107773,1.2417155959046178,9,0.6587301587301587,cluster-2,1.698356955485659e-101,1.526844623211213e-51,1.0,4.901755922459172e-72,3.0349359375945044e-62,cluster-2
null,127,2.6679965867361616e-45,1.4600631912855182,-1.427686796413632,-1.4361391166121673,1.399636095903051,1.2557355384328752,12,0.746031746031746,cluster-1,6.346180106395839e-78,1.0,2.486234682423417e-47,2.6408245430793814e-62,3.4678386515019856e-65,cluster-1
null,127,3.4483634738518275e-52,1.4548725503376883,-1.1868987796813484,-1.1953510998798837,1.4425032007412646,1.2656873869047727,16,0.6825396825396826,cluster-1,2.7425851071723057e-80,1.0,2.676371515524308e-54,1.509412523304972e-67,1.16150660110325e-55,cluster-1
null,127,2.132069981202678e-35,1.4778895875261537,-1.2253600593626968,-1.2321013038151571,1.2994620255597935,1.2834438048156267,16,0.6190476190476191,cluster-2,2.1264404881061345e-72,2.5301249276483966e-37,1.0,3.678389293596807e-60,5.5600363333992314e-64,cluster-2
null,127,6.692354740484016e-36,1.4981653449178076,-1.2790677528681718,-1.2875200730667071,1.3246737502691315,1.3152249896091532,10,0.7777777777777778,cluster-1,8.651481668054369e-74,1.0,7.832820365652188e-38,9.059071420459088e-51,3.0189213149670566e-54,cluster-1
null,127,7.81649814091638e-67,1.3099919686231403,-1.1444400577094611,-1.1511813021619213,2.1390055258443037,1.2008043843178706,5,0.5793650793650794,cluster-2,1.0526798923542594e-118,4.969865507582724e-69,1.0,1.5242762505082857e-91,8.512675440157988e-74,cluster-2
null,99,3.623165518439664e-26,1.4547339142626503,-1.452314742887863,-1.4609626019329383,1.6590010517775409,0.9761701511246501,11,0.673469387755102,cluster-2,4.68807743383573e-72,5.776866950694643e-28,1.0,9.379752303160815e-50,3.978763173060471e-43,cluster-2
null,127,2.6967904038141964e-36,1.5271176088018978,-1.2261848750076896,-1.234637195206225,1.1564632626030387,1.2919194262169558,23,0.7936507936507936,cluster-1,1.63986119495725e-64,1.0,1.3345705574206025e-43,3.122724774587434e-38,6.9081481849925425e-44,cluster-1
null,127,3.1201488491470282e-68,1.3362317079253936,-1.4502655990480438,-1.4587179192465791,1.9489569476270299,1.1848292788785253,5,0.7380952380952381,cluster-1,3.195225596992579e-108,1.0,1.7954184701893502e-70,1.819680661632656e-87,1.451673483680233e-71,cluster-1
null,127,2.779486360384852e-46,1.4924784010534502,-1.3650469442052164,-1.3834391647039368,1.1831177238404285,1.298160780198582,17,0.7142857142857143,cluster-3,5.554815503632591e-66,2.5356665314640068e-48,1.2972834960507036e-61,1.0,4.716538803784291e-52,cluster-3
null,127,4.8246807064518156e-55,1.4773737500182293,-1.6004472867710384,-1.6188395072697588,1.2239295779250736,1.2893676615023284,11,0.7698412698412699,cluster-3,2.4560758669751227e-57,2.049951013077295e-59,3.11656030437215e-68,1.0,1.2174794216636815e-57,cluster-3
null,127,1.808781379069174e-42,1.4491681440297208,-1.1596332459937868,-1.1680855661923224,1.6742951400636688,1.2771291369309759,16,0.6666666666666666,cluster-1,4.503842225494715e-93,1.0,5.325970517385962e-47,2.0029885444829868e-69,1.790012289179846e-44,cluster-1
null,127,8.934844064873589e-40,1.505985246857896,-1.6863039272038016,-1.704696147702522,1.2468013012503076,1.3019441352494643,7,0.746031746031746,cluster-3,1.3243596349466313e-46,9.458551402740051e-42,1.7067759094874476e-69,1.0,2.639022597299802e-54,cluster-3
null,127,3.4483634738518275e-52,1.4548725503376883,-1.1868987796813484,-1.1953510998798837,1.4425032007412646,1.2656873869047727,16,0.6825396825396826,cluster-1,2.7425851071723057e-80,1.0,2.676371515524308e-54,1.509412523304972e-67,1.16150660110325e-55,cluster-1
null,127,3.097056881253392e-36,1.4929972403765368,-1.3753561185100887,-1.383808438708624,1.4828986220472442,1.3026473243975727,10,0.7222222222222222,cluster-1,1.6223125405532464e-82,1.0,3.571818473262442e-38,9.276712829704254e-55,1.8859658872904607e-40,cluster-1
null,127,1.0454935374491507e-54,1.3410961840425462,-1.41148292361282,-1.41822416806528,1.981481356883612,1.1885867661160494,6,0.7301587301587301,cluster-2,5.1357603533526784e-110,8.094803972586702e-57,1.0,1.1089119360201432e-88,6.053145410170384e-77,cluster-2
null,127,1.2847785879661179e-52,1.4617949268906738,-1.191350981945128,-1.1998033021436634,1.410258135457677,1.2648309195251843,9,0.746031746031746,cluster-1,1.6468330013742429e-78,1.0,1.0332511176090217e-54,2.8390391489480585e-58,8.591545989680882e-62,cluster-1
null,127,1.304627730988479e-50,1.4587398444645059,-1.4529999259888657,-1.461452246187401,1.5168018491249384,1.2706392262688082,9,0.7301587301587301,cluster-1,2.188711408332455e-84,1.0,1.5853230551053743e-61,1.0859248691301421e-52,4.2308240691126775e-55,cluster-1
null,127,2.560549383127713e-60,1.3647095904906383,-1.4517220324418676,-1.4584632768943278,1.8522342471625861,1.198411292406003,7,0.6746031746031746,cluster-2,6.90686047055665e-103,1.8010232745991458e-62,1.0,2.0145799276235337e-79,3.976574104467681e-75,cluster-2
null,127,2.4796785609809396e-39,1.4456410653140686,-1.5339271365188238,-1.5423794567173592,1.6236243060254674,1.2313919308007897,15,0.7063492063492064,cluster-1,2.8077164570464094e-90,1.0,2.654052427100314e-41,4.720914108802729e-74,2.2633504205101583e-50,cluster-1
null,107,1.301900464742877e-61,1.2485238204108087,-1.2335573000328564,-1.269143198249935,2.0863735876350757,0.9867548080621764,3,0.4811320754716981,cluster-0,1.0,1.1149172015657087e-97,1.1568803315621674e-94,8.967998373056438e-64,9.113327400665078e-71,cluster-0
null,127,1.7830334804918768e-50,1.4367614151739452,-1.2957919864203986,-1.312860509815032,1.5172695850762796,1.2738330027131721,7,0.626984126984127,cluster-4,2.062482814466978e-84,1.4941681208680104e-52,2.862061424590939e-64,9.239876604449126e-70,1.0,cluster-4
null,127,3.8161772580982614e-29,1.5210242245394947,-1.279282457246555,-1.2877347774450905,1.0882662074772393,1.3338526600733527,18,0.6984126984126984,cluster-1,9.467665135786761e-61,1.0,1.767744026797152e-56,5.4767475827722645e-31,1.8725707267151793e-44,cluster-1
null,112,3.0505972323933304e-42,1.4462972381463413,-1.3359122957502092,-1.3454966231181913,1.6267061233520508,1.1214376656005893,9,0.7837837837837838,cluster-1,7.50614204024276e-80,1.0,3.8183331753423234e-51,3.0444953483870305e-44,6.1279052850339215e-56,cluster-1
null,127,1.295988900527567e-41,1.4024065387388414,-1.2555467500461368,-1.262287994498597,1.9844009519562007,1.24761205487885,13,0.6904761904761905,cluster-2,3.5446496682353426e-110,1.312537414548767e-43,1.0,5.607615917639013e-66,1.8287796242910968e-68,cluster-2
null,127,7.174217232494739e-37,1.5090985225340043,-1.1671728900098426,-1.185565110508563,1.1548341766117125,1.3217412927948344,13,0.6825396825396826,cluster-3,2.0167867396639643e-64,1.103481067462499e-43,8.435376285161061e-61,1.0,8.180368560286078e-39,cluster-3
null,127,5.101060091728142e-45,1.3791012332160355,-1.1651863638810285,-1.1719276083334886,1.9052758404589076,1.2531536432733994,6,0.5238095238095238,cluster-2,8.198802598936027e-106,4.782699949805654e-47,1.0,8.648467922755659e-84,1.843347924977378e-68,cluster-2
null,127,1.054422435280856e-60,1.2726597711348824,-1.2875653364526944,-1.2943065809051546,2.434136698565145,1.1635090460438278,8,0.6428571428571429,cluster-2,5.549050524313194e-135,7.37021169680291e-63,1.0,4.158439370174956e-106,2.7753725787376298e-70,cluster-2
null,127,1.527940900706631e-65,1.3649781656085105,-1.5469403604822836,-1.5536816049347437,1.753143070250984,1.2052421768743136,5,0.7142857142857143,cluster-2,2.0169452181674466e-97,9.903501429680997e-68,1.0,1.0496983573001979e-77,5.913485366221332e-78,cluster-2
null,127,3.6344203841482373e-47,1.5022226975090998,-1.0905598317544292,-1.1076283551490627,1.2066261111281986,1.3217821251965063,13,0.6031746031746031,cluster-4,2.805789938467713e-67,3.864593401265335e-52,3.037260797379043e-49,2.0694380782437738e-50,1.0,cluster-4
null,127,4.7056271232762395e-58,1.4252241857153942,-1.1585997333676796,-1.1653409778201398,1.6203443872647023,1.2424953431649226,3,0.6984126984126984,cluster-2,4.2585178910518735e-90,3.045652295226408e-62,1.0,1.6341323606102862e-67,3.4050180239438764e-60,cluster-2
null,127,3.607690281706862e-53,1.4799531493960876,-1.514558206393024,-1.5329504268917444,1.1977871872308685,1.2795113012100936,16,0.6587301587301587,cluster-3,2.699718536671425e-55,1.6781415495509151e-56,8.621235917349502e-67,1.0,8.83146409086533e-62,cluster-3
null,105,5.574606651694603e-47,1.421148441075368,-1.3079803466796875,-1.318203629205535,1.5024662562779019,1.0424106550371925,10,0.6826923076923077,cluster-1,3.0630602790818165e-69,1.0,4.933573027646055e-49,2.5288152014881716e-65,7.535027796200482e-51,cluster-1
null,127,8.18462828869046e-53,1.4389785205938055,-1.2318938247800812,-1.2403461449786166,1.5344854640209766,1.2815722783659653,5,0.6666666666666666,cluster-1,2.3165499163761433e-85,1.0,5.303509510559418e-61,6.560231814237364e-55,1.9814597270128833e-68,cluster-1
null,127,3.1201488491470282e-68,1.3362317079253936,-1.4502655990480438,-1.4587179192465791,1.9489569476270299,1.1848292788785253,5,0.7380952380952381,cluster-1,3.195225596992579e-108,1.0,1.7954184701893502e-70,1.819680661632656e-87,1.451673483680233e-71,cluster-1
null,127,1.666592176885064e-33,1.4625013582675526,-1.5676305575633611,-1.5760828777618967,1.307639294721949,1.2485471634285128,18,0.6825396825396826,cluster-1,7.527186693182337e-73,1.0,2.0870298413321377e-35,1.2723933376002237e-72,1.5021271610997878e-62,cluster-1
null,127,3.70345394069006e-39,1.506897937809186,-1.324049461544968,-1.3325017817435034,1.2479328545998398,1.32252975170752,17,0.8015873015873016,cluster-1,1.4783090228087567e-69,1.0,7.124524092218138e-45,3.980376393269677e-41,5.353488218892143e-55,cluster-1
null,127,6.789314087404957e-67,1.2979430832964112,-1.0589909591074065,-1.0773831796061268,1.83659927488312,1.2065160359225136,3,0.5714285714285714,cluster-3,5.442356069838271e-101,1.4847948664441685e-87,5.0307625611548434e-102,1.0,4.3129553695158653e-69,cluster-3
null,127,1.6804760332055657e-52,1.4487737287123792,-1.05937110720657,-1.0764396306012034,1.4479211521899606,1.290173988983044,8,0.6825396825396826,cluster-4,1.3782590040139953e-80,3.2042491296745195e-61,1.3548297927370547e-54,9.479996021716515e-67,1.0,cluster-4
null,127,4.61101985213016e-43,1.4684859057749169,-1.4368878462183194,-1.4453401664168548,1.6411475234144315,1.2609771646082135,19,0.7698412698412699,cluster-1,3.032865823408626e-91,1.0,2.7688719040568896e-53,4.0791333127319285e-51,4.515788424919964e-45,cluster-1
null,127,8.450831635097065e-42,1.4632748458106934,-1.2427006518746924,-1.2494418963271525,1.6879509152389887,1.2670787873403055,14,0.7142857142857143,cluster-2,7.950481605095856e-94,1.1713257553186073e-49,1.0,1.7987904212647743e-56,8.521447790129212e-44,cluster-2
null,127,3.4408521015480464e-51,1.46345886471281,-0.8549143873800443,-0.8719829107746776,1.3941470168706935,1.304300013847697,5,0.6984126984126984,cluster-4,1.2742796237584048e-77,2.8437613771514413e-53,1.0033373024078813e-57,3.5036642343516715e-63,1.0,cluster-4
null,127,5.877175716261564e-32,1.5145800856485205,-1.0855992835337722,-1.1026678069284055,1.4546709436131273,1.3582550584338824,12,0.7301587301587301,cluster-4,5.848485235725369e-81,7.5672108995386685e-34,1.3209411378010049e-35,2.8395539952330676e-39,1.0,cluster-4
null,127,3.509114121271961e-35,1.4956675033129763,-1.2895931934747171,-1.2980455136732525,1.4111204372616264,1.2968752906361134,17,0.7619047619047619,cluster-1,1.476008848839468e-78,1.0,4.189331358858236e-37,4.777308680275055e-52,6.457411343533206e-49,cluster-1
null,127,6.120200342273312e-59,1.3315705760637708,-1.2539754552165354,-1.2607166996689956,2.28658889410064,1.2121203003133885,7,0.5317460317460317,cluster-2,7.625647671894463e-127,4.403141917185511e-61,1.0,2.3292111951612752e-86,6.205718651991095e-65,cluster-2
null,127,3.6751340181748e-46,1.4481830536192237,-1.3254364494263657,-1.332177693878826,1.7074528491403171,1.2682486939748123,13,0.6825396825396826,cluster-2,6.679692767582828e-95,3.204942677653372e-48,1.0,1.916080641346874e-64,1.5143285948460219e-49,cluster-2
null,109,5.897788393560731e-50,1.4363135203704502,-1.5990925360163417,-1.6340254819725566,1.4748742339807914,1.0572826717821888,14,0.6666666666666666,cluster-0,1.0,4.9851556700148244e-52,1.5214517925262362e-70,7.144028224469615e-55,1.4368196400467987e-57,cluster-0
null,127,2.16873023429445e-56,1.410478623064361,-1.3754753052718995,-1.3839276254704351,1.813426100362943,1.2272850238850772,5,0.6587301587301587,cluster-1,9.544639102041653e-101,1.0,1.1620144806872214e-58,7.041350720279765e-70,4.605278307573254e-59,cluster-1
null,127,1.0596287168689785e-69,1.3215856330159195,-1.1186869463582678,-1.125428190810728,1.868900329109252,1.1918439054721568,5,0.6904761904761905,cluster-2,8.31871565481768e-104,6.464310616152345e-72,1.0,3.045897820838299e-91,9.628816493469125e-80,cluster-2
null,127,1.5322642262398935e-59,1.2577764062162329,-1.1190656526820866,-1.1258068971345467,2.526260496124508,1.1399551896876845,9,0.6111111111111112,cluster-2,4.603560433340709e-140,1.091589095451851e-61,1.0,1.1919077153949385e-107,7.53755573040691e-74,cluster-2
null,127,2.0062380059490905e-58,1.3364812663847978,-1.3287226158802903,-1.3354638603327504,2.1200064110943653,1.1975787947286884,5,0.6904761904761905,cluster-2,1.175438972352536e-117,1.4561241107837758e-60,1.0,4.680518759609429e-87,6.811209281338187e-71,cluster-2
null,127,2.7303457600579603e-46,1.4852222961202468,-1.6263134573388287,-1.634765777537364,1.3929049274114171,1.2786270025980893,8,0.7619047619047619,cluster-1,1.4920132453036359e-77,1.0,2.3018637416441962e-49,4.960182099939121e-56,2.2536860714723882e-48,cluster-1
null,127,4.4581852930708815e-42,1.4806137709079745,-1.5181935227762058,-1.5266458429747412,1.598537415031373,1.2634387126598763,13,0.7301587301587301,cluster-1,6.79251701637037e-89,1.0,2.600283070683924e-44,2.9295391201813116e-51,1.8356235415708414e-44,cluster-1
null,127,2.648619078799666e-40,1.431356585065239,-1.2258645605853224,-1.2326058050377826,1.7722966952586734,1.2321504737394178,15,0.6111111111111112,cluster-2,1.7712027145302333e-98,2.7667440504597508e-42,1.0,2.789532614054284e-77,1.0590306038332097e-45,cluster-2
null,127,4.839066889598551e-66,1.3214544713049519,-1.142275832769439,-1.1490170772218993,1.7375990499661662,1.216667421069014,3,0.6428571428571429,cluster-2,1.4522144258797406e-96,3.113138229105921e-68,1.0,4.576048531579003e-90,1.3821843268287533e-91,cluster-2
null,127,6.78559481746735e-43,1.4637348498424334,-1.4406663789523868,-1.447407623404847,1.5025238277405266,1.2483458454617455,12,0.7857142857142857,cluster-2,1.3418330077631811e-83,6.670950077581033e-45,1.0,2.4037088010961396e-55,1.8680649237415965e-63,cluster-2
null,127,5.515522289939916e-46,1.369077013048131,-1.2789597398652806,-1.2857009843177407,1.9778930183470718,1.202299455588921,10,0.6666666666666666,cluster-2,8.100671012259043e-110,5.064675305514068e-48,1.0,1.4008320487454411e-83,1.6377681637977747e-70,cluster-2
null,127,3.1120918997612326e-43,1.4372679761726521,-1.351970161978654,-1.3604224821771895,1.7060826819712724,1.2726143736075652,8,0.7619047619047619,cluster-1,7.949294829837844e-95,1.0,3.0360159212628844e-45,1.1254315843147426e-70,4.2354607435160826e-54,cluster-1
null,127,2.0248711435900708e-50,1.4598447255069038,-1.7086426742433563,-1.7170949944418916,1.3354756512979822,1.229490709876162,12,0.7063492063492064,cluster-1,2.1943572229465546e-74,1.0,1.6986519942225754e-52,2.1875461676703244e-66,7.133300686186939e-62,cluster-1
null,127,6.361206102985818e-66,1.2429663448999848,-1.573557696004552,-1.5802989404570122,2.4088492806502213,1.1481930631548964,3,0.6349206349206349,cluster-2,1.3770709254280103e-133,4.0996428041899436e-68,1.0,2.943087977618206e-99,2.6535914449341822e-90,cluster-2
null,127,3.702579350771042e-50,1.3115444085463028,-1.1535831962044782,-1.1603244406569386,2.3437781146192176,1.2092492935873222,1,0.5476190476190477,cluster-2,5.3454275535382635e-130,3.122011701190934e-52,1.0,1.85401404319507e-87,1.1189410499365382e-79,cluster-2
null,127,8.303093481139441e-48,1.4371951853942926,-1.207506074680118,-1.2159583948786534,1.5558579812838338,1.2554752375585783,10,0.7301587301587301,cluster-1,1.534729853646374e-86,1.0,7.339034440966472e-50,6.296694474039006e-64,4.0196257424408686e-69,cluster-1
null,127,7.485352532601767e-43,1.4304821907972696,-1.3783665454293799,-1.38510778988184,1.9165663831815947,1.2384730311051606,12,0.7063492063492064,cluster-2,1.9544116332975907e-106,7.36606309689539e-45,1.0,1.456049679258677e-63,2.9932705473031864e-53,cluster-2
null,127,1.1003700299026523e-65,1.2332598467967564,-1.406581848625123,-1.4133230930775833,2.0541773518239417,1.148837232327968,7,0.5793650793650794,cluster-2,5.023751270503065e-114,7.116916501709629e-68,1.0,4.470933528897125e-104,2.080093198346813e-108,cluster-2
null,127,2.1078298182954396e-42,1.5130971346577535,-1.4243804451048843,-1.4427726656036046,1.1950259471502829,1.3213275299237746,10,0.6984126984126984,cluster-3,1.9825121820047122e-44,3.666220393697849e-50,1.224240742159529e-66,1.0,1.089883713863679e-45,cluster-3
null,127,5.496202272113088e-40,1.4945840534901988,-1.3346656138502706,-1.3431179340488062,1.425820418230192,1.2855160714055094,16,0.6428571428571429,cluster-1,2.281947468634551e-79,1.0,5.788340491987328e-42,1.1271272399750468e-50,1.3940555266619819e-47,cluster-1
null,127,1.2935346238568844e-44,1.4081098203399858,-1.4516469399760088,-1.458388184428469,1.648503100778174,1.2246320033116445,8,0.7301587301587301,cluster-2,1.191662824920863e-91,1.223580882711184e-46,1.0,7.00989753873067e-82,8.244158933571307e-67,cluster-2
null,127,3.70345394069006e-39,1.506897937809186,-1.324049461544968,-1.3325017817435034,1.2479328545998398,1.32252975170752,17,0.8015873015873016,cluster-1,1.4783090228087567e-69,1.0,7.124524092218138e-45,3.980376393269677e-41,5.353488218892143e-55,cluster-1
null,127,7.485352532601767e-43,1.4304821907972696,-1.3783665454293799,-1.38510778988184,1.9165663831815947,1.2384730404643416,12,0.7063492063492064,cluster-2,1.9544116332975907e-106,7.36606309689539e-45,1.0,1.456049679258677e-63,2.9932705473031864e-53,cluster-2
null,127,5.101060091728142e-45,1.3791012332160355,-1.1651863638810285,-1.1719276083334886,1.9052758404589076,1.2531536432733994,6,0.5238095238095238,cluster-2,8.198802598936027e-106,4.782699949805654e-47,1.0,8.648467922755659e-84,1.843347924977378e-68,cluster-2
null,127,1.3120684628419193e-37,1.4782482235291252,-1.4137813538078248,-1.4222336740063601,1.5137867364357775,1.2949665220853326,5,0.6746031746031746,cluster-1,3.2098759263133877e-84,1.0,1.4673531922016912e-39,6.0070690493119745e-55,1.5443342888597947e-53,cluster-1
null,127,4.698532747738755e-55,1.421327165735904,-1.434041541392409,-1.4407827858448692,1.6203501543660803,1.2494153012183937,6,0.6904761904761905,cluster-2,4.255400001338084e-90,3.6153072270903417e-57,1.0,3.541543753837444e-71,6.170478551649298e-64,cluster-2
null,127,8.529734267285079e-38,1.4884951057556348,-1.2407481276144192,-1.2492004478129548,1.5503379040815701,1.2991594878025594,10,0.7619047619047619,cluster-1,3.0938125927449095e-86,1.0,4.1646179500067875e-52,4.7311590710881865e-42,9.442338260001678e-40,cluster-1
null,127,1.6019628487262704e-41,1.4014613135280192,-1.2472037968673104,-1.2539450413197708,1.635355431263841,1.2321499956066848,12,0.6825396825396826,cluster-2,6.328755997432418e-91,1.6259443871798208e-43,1.0,3.0475272704072605e-82,4.894522368271206e-73,cluster-2
null,127,4.668413405948263e-53,1.385758072104705,-1.1360209307332678,-1.142762175185728,1.9655485378475637,1.2159341997074966,7,0.6904761904761905,cluster-2,3.884952781572489e-109,3.724982652414097e-55,1.0,1.6336520167454505e-75,3.18770018415457e-64,cluster-2
null,127,8.716229052512566e-50,1.3493439916593244,-1.3610996036078986,-1.3678408480603588,2.1896480049673968,1.182385004942124,14,0.6111111111111112,cluster-2,1.6946896410134628e-121,7.403419037006705e-52,1.0,2.5432011894041014e-87,9.443550955845352e-65,cluster-2
null,127,1.7961379266492074e-45,1.4777810476719198,-1.3465407964751477,-1.354993116673683,1.3852104126937745,1.2863460250981706,14,0.7063492063492064,cluster-1,3.964301798595e-77,1.0,1.6675497405055618e-47,6.788365587867065e-61,1.483083434240328e-52,cluster-1
null,127,6.226869538922312e-49,1.345295761159816,-1.3502472404419907,-1.356988484894451,2.098421712559978,1.188768310207216,7,0.7222222222222222,cluster-2,1.8226897454154108e-116,5.379621082539103e-51,1.0,6.415135424257867e-93,7.175448151674859e-67,cluster-2
null,127,5.55250244747345e-59,1.2890704282735423,-1.358121856929749,-1.3648631013822092,2.1429698073019194,1.1528653328506384,4,0.6587301587301587,cluster-2,6.362749141742324e-119,3.992501463058406e-61,1.0,1.7394168942808824e-99,5.156519442092525e-84,cluster-2
null,127,3.097056881253392e-36,1.4929972403765368,-1.3753561185100887,-1.383808438708624,1.4828986220472442,1.3026473243975727,10,0.7222222222222222,cluster-1,1.6223125405532464e-82,1.0,3.571818473262442e-38,9.276712829704254e-55,1.8859658872904607e-40,cluster-1
null,127,1.4318996732241355e-39,1.4349028599322242,-1.2803135669137549,-1.287054811366215,1.7895632766363188,1.239426876931362,11,0.7063492063492064,cluster-2,1.9766195222592285e-99,1.5235360454124154e-41,1.0,1.4100929669471332e-73,4.695636381845396e-47,cluster-2
null,127,3.033706728383685e-44,1.440101238621224,-1.506289865088275,-1.5246820855869954,1.7360221081831324,1.2572466465841463,10,0.6904761904761905,cluster-3,2.3755235003539294e-55,2.893197100175086e-46,1.774220529504468e-96,1.0,2.2134262729518815e-65,cluster-3
null,127,3.4408521015480464e-51,1.46345886471281,-0.8549143873800443,-0.8719829107746776,1.3941470168706935,1.304300013847697,5,0.6984126984126984,cluster-4,1.2742796237584048e-77,2.8437613771514413e-53,1.0033373024078813e-57,3.5036642343516715e-63,1.0,cluster-4
null,127,1.0820367218584215e-44,1.4259355625370178,-1.1847937876783956,-1.1915350321308558,1.8540404312253937,1.2663871210559305,9,0.6984126984126984,cluster-2,5.49110666077306e-103,1.0217786599767604e-46,1.0,6.166497128085065e-58,7.990486413052157e-66,cluster-2
null,127,9.669637201223033e-55,1.402513253814843,-1.1450221745047982,-1.1517634189572583,1.7745193121001477,1.2318066922983224,9,0.6428571428571429,cluster-2,1.3356078100912382e-98,7.481901862875759e-57,1.0,5.2930373451911996e-77,2.9528837208548873e-61,cluster-2
null,127,8.784701302791948e-29,1.4694568737243574,-1.3230660506120817,-1.3298072950645419,1.5961029773622049,1.2738010740698025,20,0.7142857142857143,cluster-2,9.25343793822729e-89,1.2762219453775682e-30,1.0,2.9598013696393735e-58,1.3785986963999123e-53,cluster-2
null,127,1.48548120587906e-65,1.3201769127295817,-1.4634912445789248,-1.470232489031385,1.9510566531203863,1.1687904552087605,9,0.6904761904761905,cluster-2,2.4473237903704548e-108,9.626524772115296e-68,1.0,4.056045646891327e-88,6.3673333814292604e-83,cluster-2
null,127,4.56269713238381e-55,1.4250565223326175,-1.5460978830893208,-1.5644901035880412,1.5949892059085875,1.2380416383070334,9,0.5873015873015873,cluster-3,1.300159591221152e-57,2.1919583522514442e-57,1.0659421255973892e-88,1.0,3.052715836943929e-75,cluster-3
null,127,2.7139819950326157e-61,1.3749868533625498,-1.1216013750692053,-1.1283426195216655,1.8543024738942544,1.2201899152318183,1,0.6904761904761905,cluster-2,5.311373123475883e-103,1.879071418973124e-63,1.0,3.146582751445716e-74,6.36576286929008e-73,cluster-2
null,127,5.99049058874442e-67,1.2457346848815476,-1.3757701483298475,-1.3825113927823076,2.180293285940576,1.1537415498544663,3,0.6666666666666666,cluster-2,5.559726619096533e-121,3.8024546062649087e-69,1.0,2.279731678864476e-99,6.504466845069332e-99,cluster-2
null,127,2.250318930466428e-67,1.336677834400935,-1.6770602248785065,-1.6838014693309666,1.8631775623231421,1.1570650829152902,12,0.6428571428571429,cluster-2,1.7206707114758155e-103,1.4195082424533469e-69,1.0,2.751912925035816e-87,2.2211605324898046e-77,cluster-2
null,127,5.380939327675543e-35,1.4708764267313694,-1.176655927042323,-1.1851082472408583,1.480858750230684,1.2865929089706984,14,0.6507936507936508,cluster-1,2.1020569098141326e-82,1.0,6.457352238872786e-37,4.307068262235558e-62,9.762675355912308e-56,cluster-1
null,127,3.967924953048247e-57,1.3935671069149858,-1.202709047813115,-1.2111613680116506,1.8148258239265502,1.253630381525805,10,0.6349206349206349,cluster-1,7.990191713948939e-101,1.0,2.9422498370212326e-59,1.3510103198864095e-77,1.7980851603032816e-62,cluster-1
null,127,1.565147523677502e-46,1.498527778627937,-1.3685023991141732,-1.3855709225088066,1.249351681686762,1.2954726865596404,5,0.6904761904761905,cluster-4,1.2345516186934857e-69,9.604939206727709e-49,4.520191328820028e-49,3.313259420390137e-54,1.0,cluster-4
null,127,1.1073267169022589e-48,1.4266587839399645,-1.168058019923413,-1.1747992643758731,1.685215386818713,1.265743923717812,7,0.6666666666666666,cluster-2,1.1253110906692176e-93,9.614827301346509e-51,1.0,4.736571705747197e-74,8.97641576081517e-57,cluster-2
null,127,7.706604427565364e-64,1.252078128911434,-1.4141156053918553,-1.4208568498443155,2.3718564491572343,1.1467511881509167,5,0.6111111111111112,cluster-2,1.5111608635188034e-131,5.126245202353242e-66,1.0,1.302648099200927e-100,1.1381885445350072e-87,cluster-2
null,127,1.4225094409889668e-68,1.263497223122521,-1.384570024144931,-1.3913112685973912,2.1383203221118356,1.1428624744411986,4,0.7222222222222222,cluster-2,1.1483889706235548e-118,8.818664664721413e-71,1.0,1.6120714540776008e-105,3.942916826537714e-84,cluster-2
null,127,3.536096796378811e-46,1.3549606686027396,-1.203905601201095,-1.210646845653555,2.1504938320850764,1.209529317530322,8,0.6507936507936508,cluster-2,2.4471140500508925e-119,3.233728659899826e-48,1.0,9.085749887962808e-82,1.0585723060493033e-71,cluster-2
null,127,4.592693463062104e-47,1.449557658994557,-1.2992391511211245,-1.30769147131966,1.6556957575279898,1.2703689907030085,10,0.6746031746031746,cluster-1,4.780128119551021e-92,1.0,4.121777180612022e-49,1.163328789008369e-63,5.029256991464222e-53,cluster-1
null,127,1.7148117483150748e-58,1.3777354842357548,-1.3899396761195866,-1.398391996318122,1.9223716916061764,1.208274213999191,13,0.6984126984126984,cluster-1,9.350222280920669e-107,1.0,5.7854059424757145e-64,4.135731598252381e-79,1.2425656735267851e-60,cluster-1
null,127,5.390469397799748e-68,1.3800910398119033,-1.2970502958523007,-1.305502616050836,1.7327766718826896,1.207692163491286,7,0.6428571428571429,cluster-1,2.6792357831759203e-96,1.0,1.9146636524291566e-71,1.8658761148466622e-73,3.171703697464133e-70,cluster-1
null,127,4.18780457193039e-44,1.413357300653357,-1.4007723350224532,-1.4075135794749134,1.8328250674750861,1.229724440529492,14,0.7777777777777778,cluster-2,8.1245952862874e-102,4.006278045038302e-46,1.0,1.0249673241621253e-70,5.6052690660376024e-64,cluster-2
null,127,1.7865400747483174e-49,1.4097060562524597,-1.4558069424366389,-1.462548186889099,1.8270191583107773,1.2417155959046178,9,0.6587301587301587,cluster-2,1.698356955485659e-101,1.526844623211213e-51,1.0,4.901755922459172e-72,3.0349359375945044e-62,cluster-2
null,127,3.083039087662883e-44,1.5053494983748228,-1.3067590908741389,-1.3238276142687722,1.1234993521622783,1.2947012739493597,11,0.7063492063492064,cluster-4,3.948731981705467e-59,2.8537802027476342e-46,1.078809416603673e-62,8.327334759086048e-48,1.0,cluster-4
null,127,5.990565444903859e-36,1.5331277345284402,-1.5531659464197836,-1.5715581669185037,0.9668939545398623,1.3001089496999128,20,0.7063492063492064,cluster-3,4.683580095320882e-54,7.002250382806649e-38,1.414247426042926e-49,1.0,5.820656505552114e-46,cluster-3
null,127,6.137977672929197e-54,1.4509114974439672,-1.2081654466043308,-1.225233969998964,1.4607274813914863,1.264184938557602,12,0.6111111111111112,cluster-4,2.7101456959752326e-81,4.8159434012890775e-56,5.870617096874997e-65,2.799301304354074e-59,1.0,cluster-4
null,127,1.3195696972452302e-29,1.4852765369816185,-1.1663216418168676,-1.174773962015403,1.4951535923274482,1.3153153895561445,14,0.7777777777777778,cluster-1,3.421422816995115e-83,1.0,2.0794706833234877e-59,1.1121224835669185e-44,1.8649339769502876e-31,cluster-1
null,127,6.89719904347657e-63,1.4249197629856947,-1.671250831423782,-1.6797031516223173,1.3559122160663755,1.203312366990188,11,0.6984126984126984,cluster-1,2.7414575258102333e-71,1.0,1.637270513246383e-75,7.512335203536553e-71,4.656173662964175e-65,cluster-1
null,127,2.82964925489474e-48,1.3964529825629914,-1.139358039916031,-1.1460992843684912,1.9352942038708782,1.2481872574633333,7,0.7222222222222222,cluster-2,1.8116554830224484e-107,2.4772844363447595e-50,1.0,1.2515343839892209e-80,3.441210514203549e-55,cluster-2
null,127,1.5377563029014644e-57,1.3471460657655505,-1.0686413622277928,-1.075382606680253,1.942070547989973,1.2053505638685462,7,0.5317460317460317,cluster-2,7.661673623771846e-108,1.1329718033812978e-59,1.0,2.5036267058841147e-74,8.949707712262394e-88,cluster-2
null,127,1.3815963325470419e-45,1.4363679378031766,-1.073008980338029,-1.0814613005365645,1.8056478425273748,1.252883771876797,12,0.7936507936507936,cluster-1,2.5631405870867214e-100,1.0,1.842441049237106e-53,1.8879871456199304e-64,1.2795500926069768e-47,cluster-1
null,127,4.717758449274219e-75,1.2121556350506708,-1.2852994663508859,-1.292040710803346,2.4455487108606055,1.122062919202167,5,0.5793650793650794,cluster-2,1.3025205539428872e-135,2.6757583208506956e-77,1.0,9.852899123848015e-97,1.2664976984201493e-98,cluster-2
null,127,8.096290199407617e-54,1.4541469855620068,-1.5813346322127215,-1.6113164519704177,1.383726825864296,1.268317544909618,8,0.5952380952380952,cluster-0,1.0,5.441506360193652e-63,4.786240676233864e-77,6.370360598217355e-56,4.949275081303762e-64,cluster-0
null,127,4.282288791564434e-58,1.4422012798616932,-1.2621533251184178,-1.2792218485130513,1.473908071442852,1.2474528891241299,6,0.6428571428571429,cluster-4,5.0817340525413266e-82,2.9589629612211167e-60,1.6170841702790506e-61,5.111621957609894e-65,1.0,cluster-4
null,127,1.1473144980306981e-44,1.4692598075523604,-1.4976308026651697,-1.5060831228637053,1.6058052843949928,1.248328361628654,15,0.8095238095238095,cluster-1,2.6987863131646135e-89,1.0,9.221568543171913e-47,5.0063536943856374e-57,1.5758920836894394e-47,cluster-1
null,127,5.075201769422629e-59,1.3945151285894934,-1.82765594242126,-1.84604816291998,1.8563732237327757,1.228764770357814,9,0.6587301587301587,cluster-3,1.9587959096024796e-73,5.717966115658174e-62,4.0831353618057124e-103,1.0,3.0636804117159864e-61,cluster-3
null,127,8.716229052512566e-50,1.3493439916593244,-1.3610996036078986,-1.3678408480603588,2.1896480049673968,1.182385004942124,14,0.6111111111111112,cluster-2,1.6946896410134628e-121,7.403419037006705e-52,1.0,2.5432011894041014e-87,9.443550955845352e-65,cluster-2
null,127,1.2507401361032382e-64,1.2434767916263307,-1.4470779539093257,-1.453819198361786,2.3278839832215796,1.1109390110104882,2,0.5476190476190477,cluster-2,4.0237372184190345e-129,8.219539773557109e-67,1.0,1.1622497236281325e-110,1.060926726686148e-83,cluster-2
null,127,6.19903679383152e-53,1.4507936071956207,-1.6711204709030512,-1.6795727911015865,1.3663447823111465,1.2521604536997883,14,0.6825396825396826,cluster-1,4.352192382141195e-76,1.0,4.957593041427057e-55,2.2764936838280747e-66,5.0235507362196615e-65,cluster-1
null,127,8.864979363875585e-44,1.4239687240974856,-1.387449850247601,-1.394191094700061,1.6148637185885213,1.2540815868128523,6,0.6746031746031746,cluster-2,8.541751741504902e-90,8.542594697674865e-46,1.0,7.239645797261057e-75,6.695174289771174e-66,cluster-2
null,127,8.450831635097065e-42,1.4632748458106934,-1.2427006518746924,-1.2494418963271525,1.6879509152389887,1.2670787873403055,14,0.7142857142857143,cluster-2,7.950481605095856e-94,1.1713257553186073e-49,1.0,1.7987904212647743e-56,8.521447790129212e-44,cluster-2
null,127,7.852360777954735e-38,1.4001565171397479,-1.2577450970026451,-1.2644863414551053,1.9761356143500863,1.2446704073762482,7,0.6904761904761905,cluster-2,1.0126312223177502e-109,8.731003242983494e-40,1.0,5.325233708003211e-79,1.6979803817097996e-57,cluster-2
null,122,5.235018975296405e-48,1.4197508647743085,-1.4793456030673668,-1.4881443298314159,1.543917046218622,1.1786951980302798,7,0.7851239669421488,cluster-1,1.5747522949162946e-82,1.0,4.608234157779682e-50,1.752926020658984e-76,5.150482825968869e-62,cluster-1
null,127,2.8531943759237263e-48,1.4732919308589532,-1.0611062838336613,-1.0781748072282948,1.4155792476624016,1.291192203741366,8,0.6825396825396826,cluster-4,8.378407774553971e-79,2.4160850408710043e-53,2.4955332964536683e-50,6.568654051890716e-60,1.0,cluster-4
null,127,4.701641698568546e-41,1.5174493853775535,-1.0468175692821111,-1.0638860926767446,1.0335169514333171,1.3186872712082711,14,0.626984126984127,cluster-4,1.4015101641652793e-54,1.4848802176548883e-49,9.907406033167542e-58,4.825298614014538e-43,1.0,cluster-4
null,127,3.1984628728508497e-28,1.5207231338142948,-1.2901343398206815,-1.298586660019217,1.3966476560577634,1.3336817804694447,20,0.7777777777777778,cluster-1,9.275578088939042e-78,1.0,1.0940297563615377e-35,6.598031754603912e-39,4.73689458099993e-30,cluster-1
null,127,5.283534914883137e-55,1.398289044637653,-0.9989690104807456,-1.007421330679281,1.6957134336937132,1.2647043428591425,3,0.6349206349206349,cluster-1,2.9665292368472435e-94,1.0,4.0691431701264913e-57,5.568492751651239e-76,1.980263801977238e-70,cluster-1
null,127,7.390311996688373e-62,1.271994230824398,-1.2851336621862697,-1.2918749066387298,2.064440869909572,1.1377924913149617,9,0.6825396825396826,cluster-2,1.364393657251005e-114,5.070820263776168e-64,1.0,3.3646654276578256e-114,1.2304214536391128e-80,cluster-2
null,127,2.210220227898878e-53,1.3205341490047924,-1.4061735859067421,-1.4129148303592023,2.181781678687869,1.1614668624070683,5,0.753968253968254,cluster-2,4.602147576112888e-121,1.75301830891896e-55,1.0,4.174103565285278e-94,1.527514964110341e-73,cluster-2
null,127,7.242320639695247e-44,1.4041987365954742,-1.358809944212906,-1.3655511886653662,1.6774785800242986,1.2294789306414102,3,0.753968253968254,cluster-2,3.006071225096564e-93,6.965244497463022e-46,1.0,1.3644828427405363e-83,3.7941290407303797e-66,cluster-2
null,127,3.5002508089653505e-43,1.4818684144357723,-1.0654960091658465,-1.0825645325604798,1.3233887679933563,1.3180120652703082,13,0.5634920634920635,cluster-4,1.0185074317408758e-73,3.4186448292658477e-45,1.9039163562367935e-53,2.8209401029204174e-62,1.0,cluster-4
null,127,1.0633444210937884e-57,1.3780300398576633,-1.356836634358083,-1.3635778788105433,1.9409656674843137,1.234037451644321,7,0.6825396825396826,cluster-2,8.81584149361131e-108,3.777199216185083e-61,1.0,8.578330672668483e-81,7.424090706599363e-60,cluster-2
null,127,2.1412590469161333e-55,1.3659979381520237,-1.2287521963044414,-1.2354934407569016,1.9330015407772516,1.2257807975312187,5,0.5873015873015873,cluster-2,2.423976253266714e-107,1.6376228136264894e-57,1.0,4.823459453135421e-80,7.553765186509673e-73,cluster-2
null,127,1.2492242003202624e-49,1.4564566953877924,-1.1682193786140502,-1.1852879020086837,1.5091612808347687,1.303371472781279,7,0.6031746031746031,cluster-4,5.775732830909087e-84,1.0643490848088335e-51,2.4961242194488807e-57,1.1931860519693694e-62,1.0,cluster-4
null,127,5.9063847459615e-75,1.1855353643792441,-1.1819758377675935,-1.1887170822200537,2.3589578463336616,1.12409566804478,1,0.6587301587301587,cluster-2,7.77567831887483e-131,3.354207374901911e-77,1.0,2.223079080896508e-112,1.290303816883404e-100,cluster-2
null,127,2.7420751950787266e-46,1.4315581575280918,-1.2669133464182456,-1.275365666616781,1.678114162655327,1.2533618010680327,8,0.7380952380952381,cluster-1,2.7729590280797924e-93,1.0,2.5017313277483927e-48,1.0149479992795427e-71,6.887522178833844e-58,cluster-1
null,127,1.7480816452589453e-40,1.459890202399393,-1.2677520992249016,-1.276204419423437,1.4746639221671998,1.2892185092623598,7,0.7380952380952381,cluster-1,4.616604648224251e-82,1.0,1.8188270688617817e-42,9.152233003891496e-58,4.0674774166264916e-67,cluster-1
null,127,1.5276917387333015e-41,1.4426880496262222,-1.319751649390994,-1.3282039695895296,1.9154410775252217,1.2874188337296308,11,0.7698412698412699,cluster-1,2.2546686266436e-106,1.0,1.5498070422190574e-43,1.2567657487986962e-54,2.453421452329978e-53,cluster-1
null,127,4.3783073128321585e-69,1.2186178007587094,-1.3209783599132627,-1.327719604365723,2.221023199126477,1.1271140643131883,4,0.5079365079365079,cluster-2,3.151946344620985e-123,2.6944699734547316e-71,1.0,2.1024803309826924e-106,5.27927801441285e-102,cluster-2
null,127,5.74831438442462e-47,1.448448153279832,-1.4067881426473303,-1.4152404628458657,1.6548763485405387,1.2782583840079536,11,0.746031746031746,cluster-1,5.304376798512095e-92,1.0,5.164662954577132e-49,2.3706049609405947e-65,5.073792329501036e-52,cluster-1
null,127,7.394211054731002e-41,1.4922929225625183,-1.6216495543953002,-1.6301018745938356,1.4738356222317914,1.2747432095745286,18,0.6904761904761905,cluster-1,5.128707109981648e-82,1.0,4.386738711175679e-49,7.623530366903471e-43,8.603451269992053e-47,cluster-1
null,127,2.0203347106266728e-63,1.3386570100349768,-1.42256561039001,-1.42930685484247,1.8302684393454725,1.1934208378728979,7,0.6349206349206349,cluster-2,1.1241223473728481e-101,1.3526068495852878e-65,1.0,2.6184202850425e-88,1.6393724940537472e-80,cluster-2
null,127,3.9379891163643775e-58,1.3883135840354512,-1.39149871585876,-1.40989093635748,1.6826296828863188,1.205745241311834,1,0.7063492063492064,cluster-3,6.31664337106639e-70,2.8723485168598536e-60,1.562745049300174e-93,1.0,3.749711521678432e-81,cluster-3
null,127,6.19903679383152e-53,1.4507936071956207,-1.6711204709030512,-1.6795727911015865,1.3663447823111465,1.2521604536997883,14,0.6825396825396826,cluster-1,4.352192382141195e-76,1.0,4.957593041427057e-55,2.2764936838280747e-66,5.0235507362196615e-65,cluster-1
null,127,4.641740880377465e-56,1.4151795855395384,-1.1055678720549336,-1.122636395449567,1.5045364259734868,1.2725956415885684,7,0.6587301587301587,cluster-4,2.712181743364427e-82,3.508474632317972e-58,1.4962024300102836e-62,1.0391848626021264e-83,1.0,cluster-4
null,127,6.199933037622779e-56,1.3410603803826155,-1.328040175550566,-1.3347814200030261,2.0083039050965796,1.2078202560584346,7,0.6349206349206349,cluster-2,1.7029284301920284e-111,4.6968103802884925e-58,1.0,2.752942589919828e-94,2.3390447567749673e-68,cluster-2
null,127,1.808781379069174e-42,1.4491681440297208,-1.1596332459937868,-1.1680855661923224,1.6742951400636688,1.2771291369309759,16,0.6666666666666666,cluster-1,4.503842225494715e-93,1.0,5.325970517385962e-47,2.0029885444829868e-69,1.790012289179846e-44,cluster-1
null,127,4.925181290689503e-30,1.4499191666549276,-1.1138209545706201,-1.1205621990230803,1.81892791507751,1.3023030350644096,13,0.7619047619047619,cluster-2,4.745748561403698e-101,6.863745261515845e-32,1.0,1.7649396441149884e-65,1.5046987688065346e-44,cluster-2
null,127,9.171377353761432e-39,1.4467715888804251,-1.4617548664723794,-1.4702071866709148,1.7894225833922859,1.2517746597061634,16,0.7936507936507936,cluster-1,2.012255265257228e-99,1.0,9.835905059270963e-41,3.353544650205601e-68,1.1446894230778857e-42,cluster-1
null,127,2.8928275500128514e-58,1.333690663046389,-1.5136062742218257,-1.520347518674286,2.0678475447527065,1.1725560803419222,3,0.6349206349206349,cluster-2,8.85203619176545e-115,2.1052422229822377e-60,1.0,3.0522780024986267e-87,1.765806128863976e-75,cluster-2
null,127,2.7251563825721334e-44,1.4919407659093666,-1.3236067163662648,-1.340675239760898,1.1743815264363926,1.3101230848595211,16,0.6587301587301587,cluster-4,1.6846826153015722e-65,2.5962563128360655e-46,3.557562112425538e-56,2.306447834411959e-60,1.0,cluster-4
null,127,7.843255294310858e-39,1.4877605227769062,-1.6391702486774113,-1.6575624691761317,1.2765067994125248,1.2491502956202514,18,0.7698412698412699,cluster-3,8.500714252815741e-41,1.2649960640044009e-53,3.92426109392317e-71,1.0,1.645942016969368e-62,cluster-3
null,127,4.0417947692244085e-37,1.5068076485937536,-1.5144571619709646,-1.5229094821695,1.443006380336491,1.294984907740814,12,0.7222222222222222,cluster-1,2.572806012092025e-80,1.0,6.395234948548244e-44,4.012609082044124e-39,5.465723458516175e-40,cluster-1
null,127,1.675672358363143e-37,1.5204652538330312,-0.9257805891863005,-0.9428491125809337,1.0363621148537463,1.3581666645550299,8,0.6825396825396826,cluster-4,1.559331718837482e-57,2.0046727833367348e-44,6.902935854222517e-58,1.8791660485267572e-39,1.0,cluster-4
null,127,4.3243338548325475e-39,1.4596201500989205,-1.506768174058809,-1.5152204942573444,1.6650967335137794,1.2452522870631841,17,0.7142857142857143,cluster-1,1.4485215262821436e-92,1.0,4.656443672383314e-41,7.77008422949803e-61,1.3610324297782027e-51,cluster-1
null,127,7.231261364445164e-57,1.3180256165363111,-1.2875188391978347,-1.2942600836502949,2.204982006643701,1.213878742563659,5,0.6190476190476191,cluster-2,2.4173369528070155e-122,5.389705264379249e-59,1.0,2.8235547937340574e-93,4.1298343254881797e-72,cluster-2
null,127,8.674493464501396e-41,1.5120559310768447,-1.3093228077325296,-1.317775127931065,1.2746798297551671,1.3069512002692159,19,0.7619047619047619,cluster-1,4.949087537207623e-71,1.0,5.538742941706081e-48,4.241321177000953e-43,4.653917284414049e-43,cluster-1
null,127,2.7658438869677717e-37,1.4551329514357079,-1.6268524410217766,-1.635304761220312,1.5587946373646655,1.2455260561351098,11,0.7222222222222222,cluster-1,1.056962313640558e-86,1.0,3.119496635754665e-39,2.866410773491811e-71,1.3194799634837176e-51,cluster-1
null,127,2.4732968978076254e-66,1.4005455162809641,-1.359702042707308,-1.3681543629058435,1.5575986847164123,1.2222256148790456,9,0.6031746031746031,cluster-1,1.2303332141433235e-86,1.0,1.5791549137303837e-68,1.5788866666315765e-72,4.740790794587583e-71,cluster-1
null,127,3.2235561956625395e-70,1.3151573467179911,-1.4265725443682333,-1.4565543641259295,1.9313693309393454,1.2060071054047667,5,0.48412698412698413,cluster-0,1.0,2.9823152281456356e-107,8.329026947132804e-91,1.9522845105540881e-72,6.108505812369113e-80,cluster-0
null,127,1.1523685734346306e-47,1.422620213308667,-1.1811267522376354,-1.1878679966900956,1.7651120884211984,1.262686284850813,3,0.7777777777777778,cluster-2,4.411010863430736e-98,1.0215549515413307e-49,1.0,6.071743649045265e-68,2.125364608587505e-62,cluster-2
null,127,2.0062380059490905e-58,1.3364812663847978,-1.3287226158802903,-1.3354638603327504,2.1200064110943653,1.1975787947286884,5,0.6904761904761905,cluster-2,1.175438972352536e-117,1.4561241107837758e-60,1.0,4.680518759609429e-87,6.811209281338187e-71,cluster-2
null,127,7.626236767776969e-44,1.4437033205582057,-1.2914896086445005,-1.2982308530969606,1.6308453176903912,1.2384040803995267,8,0.746031746031746,cluster-2,1.1222134422967504e-90,7.338153552381262e-46,1.0,1.5028837327352344e-62,3.324854527761171e-63,cluster-2
null,127,7.146258351353187e-61,1.2813716547178522,-1.3019141249769315,-1.3086553694293919,2.2882165383166218,1.1464175764455762,3,0.6825396825396826,cluster-2,6.201594547298987e-127,4.981458885850924e-63,1.0,3.145786621236535e-99,1.0987564184233715e-79,cluster-2
null,127,8.897258813949693e-49,1.477917922520173,-1.5364772766593873,-1.5535458000540208,1.4116144856130044,1.2707151880869136,11,0.6904761904761905,cluster-4,1.754442375943452e-56,7.56498077684934e-51,1.3862435137535887e-78,1.3954619325014376e-52,1.0,cluster-4
null,127,1.4668251263267895e-40,1.473913277913572,-1.1243164783387671,-1.1310577227912275,1.5448902760903667,1.307155331384691,5,0.6904761904761905,cluster-2,6.179596227698991e-86,1.5233783590017078e-42,1.0,3.916123948012388e-57,3.339671121319926e-51,cluster-2
null,127,6.78559481746735e-43,1.4637348498424334,-1.4406663789523868,-1.447407623404847,1.5025238277405266,1.2483458494446338,12,0.7857142857142857,cluster-2,1.3418330077631811e-83,6.670950077581033e-45,1.0,2.4037088010961396e-55,1.8680649237415965e-63,cluster-2
null,127,8.671876536865548e-47,1.4452953409783655,-1.5388733871339813,-1.5473257073325166,1.6325871024544785,1.2650794680938926,9,0.7142857142857143,cluster-1,8.995113187827652e-91,1.0,9.089574820671486e-57,1.7748780710588144e-65,7.828803537634057e-49,cluster-1
null,127,9.402742318832168e-46,1.4463448843452138,-1.175539031742126,-1.1926075551367594,1.6325500968873032,1.2729914713592891,15,0.626984126984127,cluster-4,9.037487078966921e-91,8.677045958636094e-48,2.7177875646902745e-65,8.041374743084848e-57,1.0,cluster-4
null,127,8.699636440064197e-49,1.39595611297685,-1.4167629452202264,-1.4235041896726865,1.6954004482960139,1.214330473824661,1,0.6984126984126984,cluster-2,3.086821151583054e-94,7.537902729508689e-51,1.0,3.13050837399779e-71,1.0703144235099814e-80,cluster-2
null,127,6.617157310397053e-54,1.3585283818666878,-1.5537573146069144,-1.5604985590593745,1.870327926996186,1.1832565517433808,3,0.6587301587301587,cluster-2,6.939314142216894e-104,5.198226209100165e-56,1.0,6.799708645853037e-86,4.4278854527795163e-76,cluster-2
null,127,2.6967904038141964e-36,1.5271176088018978,-1.2261848750076896,-1.234637195206225,1.1564632626030387,1.2919194262169558,23,0.7936507936507936,cluster-1,1.63986119495725e-64,1.0,1.3345705574206025e-43,3.122724774587434e-38,6.9081481849925425e-44,cluster-1
null,127,1.672956359612321e-62,1.291229110747579,-1.2340815987173968,-1.240822843169857,2.241148220272515,1.1650381359838122,5,0.6190476190476191,cluster-2,2.446669119925823e-124,1.1362280154973098e-64,1.0,2.6335752125107003e-89,2.303051211874503e-85,cluster-2
null,127,3.023470388445025e-23,1.497844383543766,-1.104787030557948,-1.1132393507564833,1.4883475716658465,1.3337745596357937,21,0.746031746031746,cluster-1,8.120738651284381e-83,1.0,5.411017426930955e-25,1.4731273416288269e-50,1.35897901804452e-42,cluster-1
null,127,7.87995972313576e-49,1.435987092116449,-1.4038465605007382,-1.4122988806992736,1.6500234528789368,1.2613076222100235,9,0.7619047619047619,cluster-1,9.82421287288812e-92,1.0,6.821783805376316e-51,9.708794393704196e-62,1.8250260794370482e-65,cluster-1
null,127,2.2348195684002366e-46,1.4129468942602905,-1.2649843711552657,-1.271725615607726,1.6827966885303889,1.2056101343669043,13,0.6904761904761905,cluster-2,1.5299486994743365e-93,2.0351038836289472e-48,1.0,1.1401559435306288e-74,2.78014374218797e-68,cluster-2
null,127,2.5798817148944023e-36,1.4401050501003352,-1.2541172297920768,-1.260858474244537,1.6024573618971454,1.2583402333806513,8,0.6825396825396826,cluster-2,4.1288062249146426e-89,2.985823605768795e-38,1.0,5.914231345122829e-70,5.348975504465121e-63,cluster-2
null,127,8.934844064873589e-40,1.505985246857896,-1.6863039272038016,-1.704696147702522,1.2468013012503076,1.3019441352494643,7,0.746031746031746,cluster-3,1.3243596349466313e-46,9.458551402740051e-42,1.7067759094874476e-69,1.0,2.639022597299802e-54,cluster-3
null,127,3.5932545865108915e-41,1.4700602558280005,-1.348021499753937,-1.3664137202526574,1.325517549289493,1.2867184078478964,8,0.6190476190476191,cluster-3,1.2580653217844744e-62,3.677509140094714e-43,7.77231547404753e-74,1.0,5.2821600359333964e-64,cluster-3
null,127,8.303093481139441e-48,1.4371951853942926,-1.207506074680118,-1.2159583948786534,1.5558579812838338,1.2554752375585783,10,0.7301587301587301,cluster-1,1.534729853646374e-86,1.0,7.339034440966472e-50,6.296694474039006e-64,4.0196257424408686e-69,cluster-1
null,127,7.244155317409994e-39,1.4721925395822935,-1.2655261182409572,-1.2739784384394925,1.7033733458030882,1.2732426922198024,14,0.7063492063492064,cluster-1,1.1214066384168381e-94,1.0,1.267133026537412e-42,2.3612049199460862e-54,7.710754247951252e-41,cluster-1
null,127,2.063408180399009e-50,1.442603422227699,-1.168583907480315,-1.1753251519327752,1.6607757328063484,1.2521922467193112,9,0.7222222222222222,cluster-2,2.507560803078618e-92,1.7312564959370038e-52,1.0,6.43885321908906e-60,3.051167428463118e-60,cluster-2
null,127,2.0316678975823898e-79,1.1820877408689974,-1.318765114611528,-1.3255063590639882,2.2342369500107653,1.1213379659241829,6,0.6190476190476191,cluster-2,5.8853068470867745e-124,1.0898138615089875e-81,1.0,5.477538677836091e-107,2.056085776921155e-109,cluster-2
null,127,4.5793904540024306e-49,1.4721934873420477,-1.6795868160217766,-1.697979036520497,1.2326883631428396,1.2612160236386636,7,0.7857142857142857,cluster-3,1.4823937531383255e-59,3.945736548317788e-51,1.024663436928763e-68,1.0,3.0038313741194324e-66,cluster-3
null,127,2.6728873020669527e-37,1.5052010322011218,-1.39544677734375,-1.4138389978424704,1.1917256032388042,1.3163404042782605,12,0.6111111111111112,cluster-3,3.528261464774436e-56,3.0134790386338286e-39,1.861652485336778e-66,1.0,3.3650941894756725e-51,cluster-3
null,127,1.2599951176369854e-51,1.4779173166553043,-1.3671748844657357,-1.385567104964456,1.2406278595211,1.2791616899937774,7,0.6349206349206349,cluster-3,2.084526153403998e-55,4.46657749956064e-63,3.738308578565992e-69,1.0,1.0110543460413904e-53,cluster-3
null,127,2.0628403481065596e-55,1.3312852953019316,-1.225293617548905,-1.2320348620013652,2.180847528412586,1.186307630578209,8,0.5714285714285714,cluster-2,5.181839680422771e-121,1.5771951219352766e-57,1.0,1.884549109287815e-85,7.046948900719737e-75,cluster-2
null,127,6.093766251467983e-42,1.4564681657378173,-1.3234662634181225,-1.331918583616658,1.4310500978484868,1.2604404189665273,16,0.7301587301587301,cluster-1,1.1745204301999454e-79,1.0,6.12429709104119e-44,8.08844121252477e-73,4.120740613900439e-56,cluster-1
null,127,9.002949371947498e-46,1.3970917248187342,-1.2556253268024113,-1.2623665712548715,1.9667098878875493,1.2157388654237362,5,0.6984126984126984,cluster-2,3.3522084741081864e-109,8.304747868767874e-48,1.0,9.451296937120973e-73,4.0182101879862386e-64,cluster-2
null,127,1.7237190979551385e-38,1.5355143741598978,-1.3469727283387671,-1.3769545480964633,0.9233315535417694,1.3293611473245706,19,0.7301587301587301,cluster-0,1.0,1.1838033615435606e-51,7.859804393389064e-49,1.8844412934055294e-40,2.426587732228485e-45,cluster-0
null,127,1.198464191199972e-59,1.348205973539664,-1.348304808609129,-1.355046053061589,1.8840262345441683,1.1926674762113083,6,0.6507936507936508,cluster-2,1.2183748545213296e-104,8.522865173439274e-62,1.0,4.760971512132848e-82,2.879130202876579e-81,cluster-2
null,127,3.010433012335872e-38,1.4436647393306394,-1.7751313457338829,-1.7835836659324182,1.652676559808686,1.2146875500513459,20,0.7142857142857143,cluster-1,7.01398111855549e-92,1.0,3.311589805859254e-40,1.6986044728733182e-62,2.700993801032349e-64,cluster-1
null,127,1.1090474127414769e-49,1.4341159189474633,-1.2463980847456324,-1.2548504049441678,1.4778157632181963,1.2754227881462996,3,0.7301587301587301,cluster-1,3.0937244750155654e-82,1.0,9.439543526799237e-52,2.5712499084038492e-77,7.781355794314008e-61,cluster-1
null,127,1.6380363148324685e-40,1.510139952566193,-1.5661796509750245,-1.5961614707327207,1.1744620255597935,1.314511825588237,9,0.6190476190476191,cluster-0,1.0,1.1550970393233828e-52,1.6675471904367905e-65,1.7031636291851442e-42,1.6983241467522539e-49,cluster-0
null,127,2.609078626359606e-55,1.4455201488467555,-1.4149257629875123,-1.4233780831860476,1.4059165894515873,1.2634377336067781,1,0.7301587301587301,cluster-1,2.8583095772523597e-78,1.0,1.998452005597909e-57,9.630868776910356e-66,3.1879539346463803e-65,cluster-1
null,127,6.361206102985818e-66,1.2429663448999848,-1.573557696004552,-1.5802989404570122,2.4088492806502213,1.1481930631548964,3,0.6349206349206349,cluster-2,1.3770709254280103e-133,4.0996428041899436e-68,1.0,2.943087977618206e-99,2.6535914449341822e-90,cluster-2
null,123,5.184775307187743e-47,1.4432595475301007,-1.458692597179878,-1.4674197895799919,1.5306919997300557,1.2148497227496444,13,0.7131147540983607,cluster-1,1.7106298888057053e-82,1.0,3.2139470322602995e-52,7.688750506132924e-72,4.655430104968459e-49,cluster-1
null,127,6.19993303762279e-56,1.341060400495114,-1.328040175550566,-1.3347814200030261,2.0083039050965796,1.207820259603587,7,0.6349206349206349,cluster-2,1.7029284301920284e-111,4.6968103802884925e-58,1.0,2.752942589919828e-94,2.3391161398452837e-68,cluster-2
null,127,1.2596776356400177e-56,1.2946369503330466,-1.3811376376414861,-1.3878788820939465,2.2579578790139028,1.1571986738215567,9,0.6746031746031746,cluster-2,2.8935554037010936e-125,9.428101992477115e-59,1.0,5.165753178142504e-99,2.9718444166638825e-77,cluster-2
null,127,2.9971085638274193e-46,1.4234559082982874,-1.4865219236358882,-1.4932631680883486,1.6632307157741757,1.2423890126214818,8,0.7619047619047619,cluster-2,1.8358868323259417e-92,2.7366518497199597e-48,1.0,9.792083325629633e-75,7.2477347635536695e-62,cluster-2
null,127,2.4782749590914523e-55,1.4677436331325366,-1.1054104782464935,-1.122479001641127,1.2868826558270792,1.2861800226731093,12,0.6825396825396826,cluster-4,1.0506870804889763e-71,3.1836340083162414e-61,8.513840250344001e-60,1.888231555140327e-57,1.0,cluster-4
null,127,2.859980083626229e-51,1.4496012752029115,-1.5244239146315206,-1.5328762348300562,1.5852776474840058,1.2216808942229203,19,0.7380952380952381,cluster-1,3.6591356305576546e-88,1.0,2.342000058168303e-53,1.72916158422543e-55,3.085092256430375e-63,cluster-1
null,127,3.875283234532e-61,1.2692575020070058,-1.529874786617249,-1.5366160310697092,2.4722100205308806,1.1401457534221344,1,0.6111111111111112,cluster-2,4.408282389544053e-137,2.68979796066688e-63,1.0,5.290803289322075e-97,1.1903797755865506e-79,cluster-2
null,127,2.0048023674031018e-49,1.4884880626111396,-0.9955523633581447,-1.0126208867527782,1.1947912982129674,1.3128967047499467,3,0.6031746031746031,cluster-4,1.2612726672303463e-66,1.7137201347878318e-51,1.2735995960601344e-54,9.835172141561378e-60,1.0,cluster-4
null,127,7.852360777954735e-38,1.4001565171397479,-1.2577450970026451,-1.2644863414551053,1.9761356143500863,1.2446704073762482,7,0.6904761904761905,cluster-2,1.0126312223177502e-109,8.731003242983494e-40,1.0,5.325233708003211e-79,1.6979803817097996e-57,cluster-2
null,127,5.727472769922691e-90,1.213982127522418,-1.4918258546844243,-1.5102180751831444,2.0926203690175935,1.1201294036023484,3,0.5,cluster-3,1.6387926652946365e-93,1.5362687999808948e-103,3.8079230987717346e-116,1.0,2.5496933236489942e-92,cluster-3
null,127,1.3621186873169253e-49,1.4230740400444244,-1.3235847292922613,-1.3419769497909817,1.5637808972456322,1.2184734597260862,9,0.7142857142857143,cluster-3,1.5135358485624624e-66,1.1614026306083334e-51,5.6110010297186225e-87,1.0,9.091364143459244e-75,cluster-3
null,127,2.2628717339534087e-38,1.4983600500597813,-1.2886302076925442,-1.2970825278910798,1.5423204316867618,1.3209989748640245,11,0.746031746031746,cluster-1,8.564477906301552e-86,1.0,1.5282442998216672e-42,1.5797799350104433e-40,8.676315587328096e-41,cluster-1
null,127,1.373417420399847e-37,1.4807959000456108,-1.4867705097348671,-1.4952228299334025,1.51892738642655,1.2780049096410284,19,0.7142857142857143,cluster-1,1.6709122509333332e-84,1.0,1.5324323195451113e-39,7.826486376716966e-61,4.0095886373071175e-42,cluster-1
null,127,1.3155900135563735e-51,1.3020034802625657,-1.24195140928734,-1.2486926537398002,2.261970219649668,1.1802727062226657,7,0.6111111111111112,cluster-2,1.7383193032377732e-125,1.0786950182673258e-53,1.0,1.3787087781098874e-91,5.995648282904934e-84,cluster-2
null,127,3.7042617102532424e-69,1.1963769549646823,-1.5869892751138042,-1.5937305195662643,2.520693080631767,1.1001707948515673,7,0.5714285714285714,cluster-2,9.33612962143617e-140,2.2772956579967518e-71,1.0,9.215341768281062e-115,5.257060739214207e-91,cluster-2
null,127,1.304627730988479e-50,1.4587398444645059,-1.4529999259888657,-1.461452246187401,1.5168018491249384,1.2706392262688082,9,0.7301587301587301,cluster-1,2.188711408332455e-84,1.0,1.5853230551053743e-61,1.0859248691301421e-52,4.2308240691126775e-55,cluster-1
null,127,1.0061573925989413e-41,1.4238380725424489,-1.0090462992510458,-1.0174986194495812,2.0569084347702384,1.275021115424122,11,0.7142857142857143,cluster-1,3.551355584900678e-114,1.0,1.01637276393265e-43,1.750175865475676e-58,1.800102426367997e-55,cluster-1
null,127,1.0498374218087918e-70,1.387802538556726,-1.5649879035048597,-1.573440223703395,1.5336725430225764,1.2123196533363534,6,0.5873015873015873,cluster-1,2.568494528334157e-85,1.0,5.973879094358866e-73,2.5919444106581184e-74,7.296649715669245e-75,cluster-1
null,127,4.839066889598551e-66,1.3214544713049519,-1.142275832769439,-1.1490170772218993,1.7375990499661662,1.216667421069014,3,0.6428571428571429,cluster-2,1.4522144258797406e-96,3.113138229105921e-68,1.0,4.576048531579003e-90,1.3821843268287533e-91,cluster-2
null,127,2.4472863720941602e-51,1.3934733922030713,-1.1426379586767963,-1.1493792031292565,1.9248633196973426,1.2528822963199824,5,0.6190476190476191,cluster-2,6.813891178301801e-107,2.0169595969507984e-53,1.0,2.3979249670817067e-74,6.906286167333615e-64,cluster-2
null,127,7.116190206056632e-60,1.4431451998074776,-1.4941098671259843,-1.5025621873245196,1.3008374792384352,1.2267831318493565,10,0.7142857142857143,cluster-1,1.7856220328064376e-72,1.0,3.069844877508159e-69,5.041008130111009e-62,7.846465370292137e-66,cluster-1
null,127,2.924180906426963e-51,1.4653910259745309,-1.8636794202909694,-1.8721317404895048,1.3068811611866389,1.2589503958637938,8,0.7142857142857143,cluster-1,1.6955195015809895e-66,1.0,8.287963800955098e-73,2.413542588816677e-53,2.3600474659956327e-58,cluster-1
null,127,1.5322642262398935e-59,1.2577764062162329,-1.1190656526820866,-1.1258068971345467,2.526260496124508,1.1399551955832052,9,0.6111111111111112,cluster-2,4.603560433340709e-140,1.091589095451851e-61,1.0,1.1919077153949385e-107,7.53755573040691e-74,cluster-2
null,127,7.064637005066083e-62,1.3071972238425644,-1.2612355149637058,-1.267976759416166,1.961175873523622,1.151374875318576,7,0.6428571428571429,cluster-2,6.7695810307091435e-109,4.8458513811661996e-64,1.0,1.1314419961788596e-98,4.4348703300499344e-82,cluster-2
null,127,1.2823469720964241e-38,1.4355475862505314,-1.3883502389502338,-1.395091483402694,1.8738202673243727,1.2344581006223678,23,0.6746031746031746,cluster-2,4.4534350563997115e-104,1.3973668340989083e-40,1.0,4.697025388126172e-58,2.996767382413666e-60,cluster-2
null,127,2.7658438869677717e-37,1.4551329514357079,-1.6268524410217766,-1.635304761220312,1.5587946373646655,1.2455260561351098,11,0.7222222222222222,cluster-1,1.056962313640558e-86,1.0,3.119496635754665e-39,2.866410773491811e-71,1.3194799634837176e-51,cluster-1
null,105,5.574606651694603e-47,1.421148441075368,-1.3079803466796875,-1.318203629205535,1.5024662562779019,1.0424106550371925,10,0.6826923076923077,cluster-1,3.0630602790818165e-69,1.0,4.933573027646055e-49,2.5288152014881716e-65,7.535027796200482e-51,cluster-1
null,108,2.516959645450072e-36,1.4899899920259982,-1.488525390625,-1.498464693080685,1.3416570027669272,1.0790416748235352,12,0.719626168224299,cluster-1,1.1781018714449289e-63,1.0,2.903779240000494e-38,2.9339134175079436e-50,7.751098039775227e-41,cluster-1
null,127,9.5255711311466e-49,1.3900867959910155,-1.3516566959891732,-1.3583979404416333,1.760756605253445,1.2332954686577242,7,0.6428571428571429,cluster-2,7.669490965510339e-98,8.260091706573185e-51,1.0,1.788329652073765e-78,1.5214668818335355e-73,cluster-2
null,127,2.2587233840742188e-76,1.14588150316439,-1.2601164570004921,-1.2668577014529523,2.6649727408341537,1.1024166691010182,3,0.5238095238095238,cluster-2,1.0288797450554216e-147,1.2592458196921108e-78,1.0,8.924613292185464e-111,1.7772868725897154e-106,cluster-2
null,127,1.7620838841486537e-52,1.4402220359605789,-1.4139465572327141,-1.4223988774312495,1.3480204184224285,1.2611900898550505,7,0.7142857142857143,cluster-1,4.46062475092671e-75,1.0,1.4211716234577832e-54,1.5830548376754572e-71,5.941618946059977e-69,cluster-1
null,127,8.923816550734495e-38,1.4941780604940338,-1.4878471554733637,-1.496299475671899,1.2977123110313113,1.2699712682029238,16,0.7222222222222222,cluster-1,2.655580286842294e-72,1.0,2.24599904611919e-53,1.5243324697906464e-56,9.936641011446371e-40,cluster-1
null,127,4.770142539110552e-56,1.4279905753631594,-1.4840740293968382,-1.4908152738492984,1.5279273085706817,1.2108197763139168,9,0.6666666666666666,cluster-2,5.327940234982951e-85,3.585105173236688e-58,1.0,2.017684502598786e-74,2.0380125371586226e-60,cluster-2
null,127,2.438776983212607e-41,1.529342682851044,-1.5323099451740896,-1.55070216567281,0.9209145373246803,1.3179637031622504,10,0.6825396825396826,cluster-3,1.436611012452104e-50,2.4859741976659956e-43,2.1705258675704074e-48,1.0,1.6091297460637304e-51,cluster-3
null,127,4.668413405948263e-53,1.385758072104705,-1.1360209307332678,-1.142762175185728,1.9655485378475637,1.2159341997074966,7,0.6904761904761905,cluster-2,3.884952781572489e-109,3.724982652414097e-55,1.0,1.6336520167454505e-75,3.18770018415457e-64,cluster-2
null,127,2.449194912147234e-53,1.478906038160423,-1.0723646269069882,-1.0894331503016217,1.1397676242618109,1.3078918156648784,9,0.6984126984126984,cluster-4,1.9441486275975983e-55,4.256225826241254e-61,1.366663786191094e-63,1.3836086739361836e-61,1.0,cluster-4
null,127,4.7974491678990466e-55,1.457330793894521,-1.2658695010688361,-1.2743218212673715,1.3815489040585014,1.2788913387108192,12,0.6904761904761905,cluster-1,6.3112979020696986e-77,1.0,3.6916790429965046e-57,2.848222710028558e-61,2.6448975550594227e-62,cluster-1
null,127,1.5191356808676098e-45,1.4333373352297263,-1.3621399646668921,-1.3688812091193525,1.8576262466550815,1.2349349495883732,14,0.6904761904761905,cluster-2,3.482433228994518e-103,1.4046248335486539e-47,1.0,8.086032838242557e-66,3.33741862987162e-50,cluster-2
null,127,1.4433891390155082e-35,1.5253215823142723,-0.9295493899367926,-0.9466179133314259,1.2074180663101315,1.340596726371235,12,0.7063492063492064,cluster-4,2.5373159487230066e-67,4.835179808508645e-41,3.094020338394953e-44,1.7043443379202048e-37,1.0,cluster-4
null,127,4.527589102415585e-44,1.4750519800833546,-1.350256011242003,-1.3686482317407234,1.300292728454109,1.2709587296979148,6,0.6984126984126984,cluster-3,4.334530293965019e-46,4.5377824390612974e-70,1.9135309147859516e-72,1.0,6.269388700911757e-51,cluster-3
null,127,1.2598765923071053e-58,1.368692141128302,-1.5112192949910803,-1.5196716151896157,1.577205988365834,1.2112403732297343,3,0.6666666666666666,cluster-1,1.8979454841348765e-86,1.0,9.113165184355748e-61,1.019938741378947e-87,1.2285347879575555e-82,cluster-1
null,127,7.81649814091638e-67,1.3099919686231403,-1.1444400577094611,-1.1511813021619213,2.1390055258443037,1.2008043843178706,5,0.5793650793650794,cluster-2,1.0526798923542594e-118,4.969865507582724e-69,1.0,1.5242762505082857e-91,8.512675440157988e-74,cluster-2
null,127,1.4884933343813136e-39,1.5178284707710379,-1.3805908443420891,-1.3890431645406245,1.2645214411217396,1.3064294075193401,23,0.7619047619047619,cluster-1,1.798105277910989e-70,1.0,5.070838338658764e-42,3.811027183701657e-44,1.0626100496975118e-41,cluster-1
null,127,9.399794544199382e-62,1.422794256425858,-1.5496626726285678,-1.5581149928271034,1.4478839063268947,1.2223360762570232,13,0.753968253968254,cluster-1,1.3847939223036232e-80,1.0,1.7049052890323894e-65,1.6711574598197463e-73,6.284408244820806e-64,cluster-1
null,107,3.542246927329339e-42,1.4940418768674206,-1.0303751152252483,-1.0506340168244859,1.068189531843239,1.0918350503130543,10,0.6886792452830188,cluster-4,2.3001509298953416e-50,2.1028792690886027e-48,3.736876159841642e-50,3.5402551600280303e-44,1.0,cluster-4
null,127,7.702797698859734e-58,1.3408277948800287,-1.3958809920183317,-1.4026222364707919,2.1555548239880657,1.1829635977808306,3,0.6111111111111112,cluster-2,1.286806309741894e-119,2.4412295342774303e-60,1.0,8.072057362945721e-92,3.1765874255195385e-60,cluster-2
null,58,3.659685191925611e-26,1.371508030941487,-1.2278004350333378,-1.2425614358171728,2.1611190006650727,0.5404422386014681,1,0.631578947368421,cluster-2,3.65932270166335e-55,6.641195394734422e-29,1.0,5.911207480828505e-33,5.138404641305841e-28,cluster-2
null,127,7.040406761421697e-54,1.4259420598040982,-1.1270296592412032,-1.1354819794397386,1.561094869778851,1.2641465774800884,6,0.6507936507936508,cluster-1,7.892039778996581e-87,1.0,2.242345279010358e-59,2.7256526724820447e-76,5.531034944221451e-56,cluster-1
null,127,1.1036769325549607e-58,1.438050749154858,-1.4600788026344118,-1.4784710231331322,1.5271304873969613,1.2496993406932897,7,0.7142857142857143,cluster-3,7.751965390133787e-61,1.8550209779968701e-62,5.895332906478124e-85,1.0,3.029902419717325e-63,cluster-3
null,127,6.874037311442911e-39,1.42097959681066,-1.2212255282664861,-1.2279667727189465,1.763442152128445,1.2479242708389562,5,0.6587301587301587,cluster-2,5.4531083912310175e-98,7.439499924163193e-41,1.0,2.990112349636002e-66,1.237682651021936e-69,cluster-2
null,127,1.32923031669579e-45,1.5124334413746272,-1.0833248829278421,-1.1003934063224754,1.046042735182394,1.3271092808452583,10,0.626984126984127,cluster-4,9.909510118136989e-53,2.018809589336133e-58,2.654999560111103e-52,1.2305688517515304e-47,1.0,cluster-4
null,127,3.92615413025108e-31,1.5227343738431562,-1.4871977558286171,-1.5055899763273375,1.2200579305333417,1.341219489637945,9,0.8174603174603174,cluster-3,6.871954182116988e-52,1.9760073767175893e-33,5.0958635696293626e-68,1.0,3.2593770760278126e-33,cluster-3
null,127,1.3422520396489943e-48,1.5016957860973266,-0.7840757595272515,-0.8011442829218848,1.0474907582200417,1.3392192181781852,4,0.5952380952380952,cluster-4,6.763793851225379e-58,1.1672794587403027e-50,1.429937747847342e-54,1.6796897432263237e-58,1.0,cluster-4
null,127,1.5566776006292424e-58,1.4328123097440657,-1.4344570129875123,-1.4429093331860476,1.399593683678334,1.2467707143521694,8,0.6746031746031746,cluster-1,1.1144236786691803e-60,1.0,8.768731501016034e-75,6.380455095444692e-78,1.2807074319252722e-62,cluster-1
null,127,8.716229052512566e-50,1.3493439916593244,-1.3610996036078986,-1.3678408480603588,2.1896480049673968,1.182385004942124,14,0.6111111111111112,cluster-2,1.6946896410134628e-121,7.403419037006705e-52,1.0,2.5432011894041014e-87,9.443550955845352e-65,cluster-2
null,127,4.712665035894525e-47,1.4647599282124673,-1.2323712927149975,-1.2507635132137178,1.29730380801704,1.2842523439890101,13,0.6746031746031746,cluster-3,1.3272927136740127e-69,3.42397147141124e-59,2.796987869961472e-72,1.0,4.2309983820130034e-49,cluster-3
null,127,3.4238746975088416e-79,1.2056179139494578,-1.079252228023499,-1.0859934724759592,2.3249759223517468,1.1500757048469277,3,0.5634920634920635,cluster-2,5.821365507817978e-129,1.8417964180076618e-81,1.0,6.919858529298606e-104,1.8762679109914532e-96,cluster-2
null,92,5.442102279085024e-36,1.459853143551015,-1.228104881618334,-1.251666865000056,1.3443207948104194,0.9195011464957278,3,0.7472527472527473,cluster-4,1.9388245727604933e-54,6.353915526965038e-38,1.1557819890629418e-49,2.7404718925101526e-43,1.0,cluster-4
null,127,8.67664378223272e-44,1.4225683926682973,-1.1820719561238928,-1.188813200576353,1.8087994432824803,1.2611426539897383,11,0.6507936507936508,cluster-2,1.7176893775505557e-100,8.35936152158255e-46,1.0,2.3082997557538244e-72,1.2714332994424062e-56,cluster-2
null,127,1.605148183833548e-51,1.397318924909506,-1.4646306075449065,-1.4713718519973666,1.6623314084030514,1.187048757132131,16,0.6507936507936508,cluster-2,2.0580103946814062e-92,1.3182812124590518e-53,1.0,3.22314879690067e-86,2.7350849736110275e-64,cluster-2
null,127,5.226103225700845e-33,1.4161925839703469,-1.2515567569282111,-1.2600090771267465,1.8382942019485111,1.2784387557239985,11,0.7222222222222222,cluster-1,4.0564809550966145e-102,1.0,6.640769787230964e-35,2.405062580717459e-73,3.0576659524087695e-62,cluster-1
null,127,4.18780457193039e-44,1.413357300653357,-1.4007723350224532,-1.4075135794749134,1.8328250674750861,1.229724440529492,14,0.7777777777777778,cluster-2,8.1245952862874e-102,4.006278045038302e-46,1.0,1.0249673241621253e-70,5.6052690660376024e-64,cluster-2
null,127,1.4353988191184843e-60,1.3385186523608974,-1.5821328951617863,-1.5888741396142465,2.0785709891732287,1.1648890875315927,5,0.6904761904761905,cluster-2,2.2677089967346953e-115,1.0054995733007187e-62,1.0,1.0151653524157117e-85,1.3082198696866047e-71,cluster-2
null,127,1.6297493758387127e-65,1.3699547896878352,-1.1172049214520792,-1.1342734448467127,1.5217245507428028,1.21851837194289,1,0.6507936507936508,cluster-4,1.0644384063381499e-81,3.8882491592977137e-84,1.0567830433755689e-67,1.1713183006163994e-84,1.0,cluster-4
null,127,8.453518039069616e-45,1.4137721973164294,-1.182118573526698,-1.188859817979158,1.9495220034141238,1.2496207893896885,14,0.6825396825396826,cluster-2,2.973963603593521e-108,7.617352086358257e-47,1.0,2.473296549988847e-75,3.3349021894373084e-48,cluster-2
null,127,6.19993303762279e-56,1.3410603553437501,-1.328040175550566,-1.3347814200030261,2.0083041453924704,1.2078202586614162,7,0.6349206349206349,cluster-2,1.7028764617335983e-111,4.6968103802884925e-58,1.0,2.752858578061192e-94,2.3391161398452837e-68,cluster-2
null,127,2.9521985003765846e-40,1.4584636078695166,-1.3942463792215183,-1.4009876236739784,1.5079565573865035,1.2453297581010838,11,0.6587301587301587,cluster-2,6.730604917950915e-84,3.0886932347488037e-42,1.0,4.492384661598384e-61,3.530982174284304e-63,cluster-2
null,127,4.145286728355113e-37,1.5300366571636324,-0.8875900628998523,-0.9046585862944857,1.1238158218503935,1.3472189495979174,12,0.6904761904761905,cluster-4,1.0363100660689332e-62,4.695870450445794e-39,2.4484412590417825e-43,7.699753347997364e-43,1.0,cluster-4
null,127,3.967924953048247e-57,1.3935671069149858,-1.202709047813115,-1.2111613680116506,1.8148258239265502,1.253630381525805,10,0.6349206349206349,cluster-1,7.990191713948939e-101,1.0,2.9422498370212326e-59,1.3510103198864095e-77,1.7980851603032816e-62,cluster-1
null,127,1.054422435280856e-60,1.2726597711348824,-1.2875653364526944,-1.2943065809051546,2.434136698565145,1.1635090460438278,8,0.6428571428571429,cluster-2,5.549050524313194e-135,7.37021169680291e-63,1.0,4.158439370174956e-106,2.7753725787376298e-70,cluster-2
null,127,1.1977704279057297e-38,1.5053762246006896,-1.2273650882750984,-1.2457573087738187,1.2226711483452266,1.3084231021048303,11,0.6507936507936508,cluster-3,2.1972492951865528e-57,1.304219330368642e-40,3.6566611748413343e-68,1.0,3.921303183601329e-46,cluster-3
null,125,5.396954729958192e-47,1.4345881918305583,-1.3438441162109376,-1.3524316735326496,1.7712435302734373,1.2538679188235284,9,0.7096774193548387,cluster-1,6.995819359220537e-97,1.0,1.0073544253761567e-61,3.4848802242516967e-57,4.8513076737435575e-49,cluster-1
null,127,8.450831635097065e-42,1.4632748458106934,-1.2427006518746924,-1.2494418963271525,1.6879509152389887,1.2670787873403055,14,0.7142857142857143,cluster-2,7.950481605095856e-94,1.1713257553186073e-49,1.0,1.7987904212647743e-56,8.521447790129212e-44,cluster-2
null,127,6.692354740484016e-36,1.4981653449178076,-1.2790677528681718,-1.2875200730667071,1.3246737502691315,1.3152249896091532,10,0.7777777777777778,cluster-1,8.651481668054369e-74,1.0,7.832820365652188e-38,9.059071420459088e-51,3.0189213149670566e-54,cluster-1
null,127,3.420740590871022e-45,1.4379705252673767,-1.4640804501030389,-1.470821694555499,1.5085558553380292,1.2060036153771794,13,0.6507936507936508,cluster-2,6.237342333539765e-84,3.195166314936676e-47,1.0,4.2607375518114387e-63,1.3498179387026847e-73,cluster-2
null,127,1.2875937355452782e-41,1.4943797353154924,-1.4128107987050935,-1.4212631189036289,1.280024731253076,1.280371304932709,19,0.6984126984126984,cluster-1,2.510296148004715e-71,1.0,2.8544864480735384e-47,1.6310802779924926e-60,1.3036353717066572e-43,cluster-1
null,127,3.238862661732477e-55,1.3537808663192399,-1.3539951354499877,-1.360736379902448,2.028356477031558,1.2085604207419838,11,0.7301587301587301,cluster-2,1.3341012342067391e-112,2.48498939387446e-57,1.0,1.6030120548045473e-85,2.4650717236674394e-69,cluster-2
null,127,1.0541827668361515e-60,1.3645825889846561,-1.2542880801703986,-1.2610293246228588,1.780803770530881,1.2134392009140096,7,0.6587301587301587,cluster-2,6.01252834032686e-99,7.368524982255022e-63,1.0,2.6480028928476238e-80,3.9211196725488765e-78,cluster-2
null,127,5.2689311866590925e-30,1.452673201984078,-1.1910169706569882,-1.1994692908555236,1.9180636668768456,1.3152722864151167,11,0.6666666666666666,cluster-1,1.6159680098361124e-106,1.0,7.349804097022523e-32,3.067308650234471e-59,9.81030658017369e-42,cluster-1
null,127,2.2348195684002366e-46,1.4129468942602905,-1.2649843711552657,-1.271725615607726,1.6827966885303889,1.2056101343669043,13,0.6904761904761905,cluster-2,1.5299486994743365e-93,2.0351038836289472e-48,1.0,1.1401559435306288e-74,2.78014374218797e-68,cluster-2
null,127,2.3952141347321236e-43,1.5050900011498902,-1.2770263191283218,-1.2854786393268574,1.2764505701740898,1.307452860007666,15,0.7777777777777778,cluster-1,3.952384985371561e-71,1.0,5.860224769168509e-46,1.731744839012101e-45,5.667378729194604e-51,cluster-1
null,127,8.367100697301375e-69,1.356329039291686,-1.6642921027236097,-1.694273922481306,1.9238529956246926,1.182150855066563,11,0.6904761904761905,cluster-0,1.0,1.681414242796756e-73,7.74675856368233e-107,1.487701855644525e-74,5.1508718531731896e-71,cluster-0
null,127,5.55250244747345e-59,1.2890704282735423,-1.358121856929749,-1.3648631013822092,2.1429698073019194,1.1528653328506384,4,0.6587301587301587,cluster-2,6.362749141742324e-119,3.992501463058406e-61,1.0,1.7394168942808824e-99,5.156519442092525e-84,cluster-2
null,127,9.356460442515878e-51,1.3785232439255286,-1.4157794141393947,-1.4225206585918548,1.8106975405234988,1.2066002278298007,8,0.6666666666666666,cluster-2,1.3497530542230655e-100,7.798147062520752e-53,1.0,2.1173224986243156e-83,1.22054914938967e-71,cluster-2
null,127,8.373646796102387e-54,1.3548816585564076,-1.5442131222702387,-1.5509543667226988,1.9953811525359868,1.1930563912465388,5,0.6507936507936508,cluster-2,8.789334082270761e-111,6.590352798218768e-56,1.0,3.610507343674311e-89,1.603650593918329e-67,cluster-2
null,127,1.4279297982956682e-35,1.4643037052232297,-1.1463201327586736,-1.1547724529572092,1.84718563049797,1.3061639547931776,20,0.6984126984126984,cluster-1,1.3114119905824892e-102,1.0,1.6864041058105152e-37,7.521807661850263e-46,5.248093559830454e-50,cluster-1
null,127,9.357064629098641e-52,1.3464798806582903,-1.2324677715151329,-1.239209015967593,2.0220990518885333,1.208236847416217,6,0.6507936507936508,cluster-2,2.9533816193709637e-112,7.650610521346101e-54,1.0,2.235692831514867e-88,1.0375819323133215e-73,cluster-2
null,127,1.749501904361631e-41,1.511608262365169,-1.1776241993340921,-1.1946927227287254,1.1329349307563361,1.3228315778705295,11,0.7142857142857143,cluster-4,3.2547798942831353e-63,1.7772963852101337e-43,1.1242207049743695e-49,2.4199222040173774e-53,1.0,cluster-4
null,127,6.66885567710403e-61,1.345609559627851,-1.3477756770577018,-1.366167897556422,1.737210251214936,1.195809668259003,3,0.5873015873015873,cluster-3,4.646419591126759e-63,1.6692426684688332e-77,1.525720905276217e-96,1.0,2.5334221242734833e-94,cluster-3
null,127,1.0820367218584212e-44,1.4259355465287702,-1.1847937876783956,-1.1915350321308558,1.8540404312253937,1.2663871131057156,9,0.6984126984126984,cluster-2,5.49110666077306e-103,1.0217786599767604e-46,1.0,6.1663089443986714e-58,7.990486413052157e-66,cluster-2
null,127,2.859749775168352e-56,1.4327429424761096,-1.2846310833307701,-1.3146129030884663,1.3986949770469363,1.2937632675992106,9,0.5714285714285714,cluster-0,1.0,7.419096598037866e-78,7.151879351808437e-78,2.1498643647918085e-58,3.6377109104335344e-61,cluster-0
null,127,3.518438533473815e-52,1.3499041510242937,-1.4067683182363435,-1.4251605387350639,1.8997439887579972,1.2280904684704383,10,0.5555555555555556,cluster-3,9.968867110846963e-64,2.853768586456793e-54,1.655243606255585e-105,1.0,1.9951775906978216e-101,cluster-3
null,127,8.923816550734495e-38,1.4941780604940338,-1.4878471554733637,-1.496299475671899,1.2977123110313113,1.2699712682029238,16,0.7222222222222222,cluster-1,2.655580286842294e-72,1.0,2.24599904611919e-53,1.5243324697906464e-56,9.936641011446371e-40,cluster-1
null,127,4.394410910962884e-56,1.4417159411686935,-1.2435285913662648,-1.260597114760898,1.4141449214905264,1.2438943878441624,5,0.6031746031746031,cluster-4,8.300003513149835e-69,9.871687437403023e-64,1.0052459362282341e-78,3.32028744981995e-58,1.0,cluster-4
null,127,8.601830438958918e-57,1.3518863421643785,-1.1937558632197343,-1.2004971076721944,2.080936221625861,1.1958770648617207,5,0.6349206349206349,cluster-2,1.6793142873974895e-115,6.419603939605932e-59,1.0,7.193602382916244e-79,1.6691187172890302e-73,cluster-2
null,127,1.1073099672748917e-48,1.4266587497232437,-1.1680578997754676,-1.1747991442279277,1.6852155069666583,1.2657439127550545,7,0.6666666666666666,cluster-2,1.1252939199156582e-93,9.614680591844153e-51,1.0,4.7364994319500665e-74,8.976278792625525e-57,cluster-2
null,127,8.923816550734495e-38,1.4941780604940338,-1.4878471554733637,-1.496299475671899,1.2977123110313113,1.2699712682029238,16,0.7222222222222222,cluster-1,2.655580286842294e-72,1.0,2.24599904611919e-53,1.5243324697906464e-56,9.936641011446371e-40,cluster-1
null,127,4.3243338548325475e-39,1.4596201500989205,-1.506768174058809,-1.5152204942573444,1.6650967335137794,1.2452522870631841,17,0.7142857142857143,cluster-1,1.4485215262821436e-92,1.0,4.656443672383314e-41,7.77008422949803e-61,1.3610324297782027e-51,cluster-1
null,127,1.1192396445390261e-40,1.4582422995704332,-1.1681768462413877,-1.174918090693848,1.6099574772391734,1.2780000515611052,9,0.7301587301587301,cluster-2,1.5927684522440192e-89,1.1591019926230341e-42,1.0,1.7888663982534746e-58,7.865463164913652e-59,cluster-2
null,127,4.717758449274219e-75,1.2121556350506708,-1.2852994663508859,-1.292040710803346,2.4455487108606055,1.122062919202167,5,0.5793650793650794,cluster-2,1.3025205539428872e-135,2.6757583208506956e-77,1.0,9.852899123848015e-97,1.2664976984201493e-98,cluster-2
null,127,1.3176211217008571e-52,1.4206705565941071,-1.289283211775652,-1.2977355319741875,1.6435420719657359,1.2335001077402463,15,0.7301587301587301,cluster-1,2.2375920786954506e-91,1.0,1.0601939183183254e-54,5.8030767573548525e-68,3.1465203386266084e-68,cluster-1
null,127,7.081373266050755e-57,1.3655939842909262,-1.5111815685362329,-1.517922812988693,1.851034449780081,1.1936898473296957,3,0.6190476190476191,cluster-2,8.043702252072454e-103,5.2771585329360275e-59,1.0,3.201033573008996e-85,3.0154078179167216e-71,cluster-2
null,127,2.2854959237132085e-48,1.375715482842803,-1.487012968288632,-1.493754212741092,1.975327379121555,1.199211360921074,5,0.6190476190476191,cluster-2,1.122095576942761e-109,1.9971559272350307e-50,1.0,1.7665840841607682e-79,1.9898590347168523e-69,cluster-2
null,127,3.775552296916255e-52,1.4592204694348165,-1.269797257551058,-1.2782495777495935,1.3940078855499507,1.2787457910377138,9,0.7222222222222222,cluster-1,1.2969958371080894e-77,1.0,8.829952692482684e-61,6.296097206625074e-63,3.0640770206981043e-54,cluster-1
null,127,3.5396610087065597e-43,1.4588448097584827,-1.2606202373354454,-1.2790124578341657,1.4465703288401204,1.296357840590876,9,0.6587301587301587,cluster-3,4.996832980634286e-72,3.457517985730446e-45,1.6361986856915961e-80,1.0,5.3565578369697175e-53,cluster-3
null,127,1.3444444185929222e-64,1.3444689938459176,-1.4581020084891732,-1.4648432529416333,2.036361814483883,1.180828336260382,9,0.6587301587301587,cluster-2,4.826709964882428e-113,8.839564471926088e-67,1.0,1.2547410363806176e-74,2.7981959333869816e-78,cluster-2
null,127,2.5721075985585034e-58,1.4372757914118628,-1.267958753690945,-1.2850272770855784,1.5112343134842519,1.2378181898880656,9,0.7063492063492064,cluster-4,4.438826319301514e-84,1.5398356776681762e-66,8.886722851333164e-61,9.721214368346219e-61,1.0,cluster-4
null,127,1.5959439166775035e-51,1.373523711187778,-1.5356623131459153,-1.5424035575983754,1.9682499442513532,1.1991665615547502,10,0.6190476190476191,cluster-2,2.756694222614242e-109,1.310659488007858e-53,1.0,1.8404418556109516e-80,3.5670527433324112e-68,cluster-2
null,127,9.744064227439597e-43,1.506856772231472,-0.9712676401213398,-0.9883361635159731,1.074831204151544,1.3423888339960706,10,0.6746031746031746,cluster-4,5.215018586000618e-60,9.613976428139537e-45,7.406712759482171e-55,8.864162739214708e-56,1.0,cluster-4
null,127,1.305200404156841e-52,1.4499269369572896,-1.5892938328540231,-1.5977461530525585,1.5137339914877583,1.2277276828524706,15,0.746031746031746,cluster-1,3.231449804962985e-84,1.0,2.2262977512418795e-65,1.0438845546557655e-54,5.93739561602065e-57,cluster-1
null,127,1.5959439166775035e-51,1.373523711187778,-1.5356623131459153,-1.5424035575983754,1.9682499442513532,1.1991665615547502,10,0.6190476190476191,cluster-2,2.756694222614242e-109,1.310659488007858e-53,1.0,1.8404418556109516e-80,3.5670527433324112e-68,cluster-2
null,127,1.6380363148324685e-40,1.510139952566193,-1.5661796509750245,-1.5961614707327207,1.1744620255597935,1.314511825588237,9,0.6190476190476191,cluster-0,1.0,1.1550970393233828e-52,1.6675471904367905e-65,1.7031636291851442e-42,1.6983241467522539e-49,cluster-0
null,127,3.420740590871022e-45,1.4379705252673767,-1.4640804501030389,-1.470821694555499,1.5085558553380292,1.2060036173799524,13,0.6507936507936508,cluster-2,6.237342333539765e-84,3.195166314936676e-47,1.0,4.2607375518114387e-63,1.3498179387026847e-73,cluster-2
null,127,4.293928510874206e-53,1.4405055320876072,-1.5250494048351377,-1.543441625333858,1.3655080720195623,1.2350488436801172,11,0.6904761904761905,cluster-3,3.423873950122424e-55,2.4448970809465863e-71,4.8401316514097274e-76,1.0,1.8969866628766763e-67,cluster-3
null,127,1.0332942060355989e-59,1.426686771836203,-1.5837709922490157,-1.602163212747736,1.3974873700479824,1.2371983583152728,5,0.6507936507936508,cluster-3,6.7422698617142996e-77,6.470850313326053e-64,8.337315294739063e-78,1.0,7.2731045513014494e-62,cluster-3
null,127,1.0175086546125219e-49,1.4761117858892874,-1.0416861706831324,-1.0600783911818528,1.218572060892901,1.2893286837451277,5,0.626984126984127,cluster-3,8.644041658944723e-63,8.6540210902715e-52,6.154198859241505e-68,1.0,1.9875846440446286e-60,cluster-3
null,127,1.293475971981476e-44,1.4081097970340266,-1.4516468198280634,-1.4583880642805236,1.6485029806302287,1.224632019449512,8,0.7301587301587301,cluster-2,1.1916810083912706e-91,1.223524872905386e-46,1.0,7.009790576998831e-82,8.244033138648884e-67,cluster-2
null,127,1.6297493758387127e-65,1.3699547896878352,-1.1172049214520792,-1.1342734448467127,1.5217245507428028,1.21851837194289,1,0.6507936507936508,cluster-4,1.0644384063381499e-81,3.8882491592977137e-84,1.0567830433755689e-67,1.1713183006163994e-84,1.0,cluster-4
null,127,2.5798817148944023e-36,1.4401050501003352,-1.2541172297920768,-1.260858474244537,1.6024573618971454,1.2583402318294308,8,0.6825396825396826,cluster-2,4.1288062249146426e-89,2.985823605768795e-38,1.0,5.914231345122829e-70,5.348975504465121e-63,cluster-2
null,127,2.240415851830768e-63,1.282650781961495,-1.3474419060654528,-1.354183150517913,2.305787093996063,1.1862607102038698,1,0.5793650793650794,cluster-2,6.658744583034339e-128,1.5009964523800271e-65,1.0,1.5112777067009314e-99,1.3062026170618458e-75,cluster-2
null,127,3.288138105842951e-36,1.4656932527496038,-1.5783162755290354,-1.5867685957275708,1.557404765932579,1.2761171849704214,13,0.6507936507936508,cluster-1,1.2610096682093654e-86,1.0,3.8163634276261814e-38,4.6769753587901495e-61,2.019313308337426e-55,cluster-1
null,127,9.32709694478583e-49,1.3963693709306435,-1.2602563092089074,-1.2669975536613676,1.7072182002030019,1.218310826731621,7,0.626984126984127,cluster-2,6.881746067678747e-95,8.08649556058759e-51,1.0,7.118965626967163e-72,3.4902958614855976e-79,cluster-2
null,127,4.93900578292189e-39,1.4903140557970211,-1.1779178409125861,-1.1949863643072196,1.408704262080155,1.2847427512520988,17,0.753968253968254,cluster-4,2.0061068821584664e-78,5.326027411145455e-41,5.50493368768399e-56,3.4361987153383017e-48,1.0,cluster-4
null,127,5.496202272113088e-40,1.4945840534901988,-1.3346656138502706,-1.3431179340488062,1.425820418230192,1.2855160714055094,16,0.6428571428571429,cluster-1,2.281947468634551e-79,1.0,5.788340491987328e-42,1.1271272399750468e-50,1.3940555266619819e-47,cluster-1
null,99,3.623165518439664e-26,1.4547339142626503,-1.452314742887863,-1.4609626019329383,1.6590010517775409,0.9761701511246501,11,0.673469387755102,cluster-2,4.68807743383573e-72,5.776866950694643e-28,1.0,9.379752303160815e-50,3.978763173060471e-43,cluster-2
null,127,2.2602758858845989e-38,1.524839509264524,-1.2416626937746063,-1.2600549142733266,1.0023400013841044,1.3332075236523513,12,0.7222222222222222,cluster-3,5.194420308446005e-56,2.478488044737531e-40,1.1587612812190525e-50,1.0,5.7079761027599585e-50,cluster-3
null,127,5.99049058874442e-67,1.245734735551916,-1.3757701483298475,-1.3825113927823076,2.180293285940576,1.1537415439221612,3,0.6666666666666666,cluster-2,5.559726619096533e-121,3.8024546062649087e-69,1.0,2.2798012518156836e-99,6.504665348673346e-99,cluster-2
null,127,1.4209769703835357e-44,1.4225705179225272,-1.2233914352777435,-1.2301326797302037,1.8407598780834769,1.2451111615025328,10,0.7142857142857143,cluster-2,2.9658835128610352e-102,1.3453384283154363e-46,1.0,9.934020781420973e-71,8.012809533156049e-56,cluster-2
null,127,1.1192396445390261e-40,1.4582422995704332,-1.1681768462413877,-1.174918090693848,1.6099574772391734,1.2780000515611052,9,0.7301587301587301,cluster-2,1.5927684522440192e-89,1.1591019926230341e-42,1.0,1.7888663982534746e-58,7.865463164913652e-59,cluster-2
null,92,1.3462916068806742e-41,1.3688238206175116,-1.410260407820992,-1.4516483546604204,2.1030286706012227,0.8914512439511824,3,0.5494505494505495,cluster-0,1.0,1.3640110064407176e-43,9.403624585741078e-85,3.2869019531813965e-52,2.4938501464652338e-49,cluster-0
null,127,2.242141913752533e-42,1.3921998402708438,-1.3625161478838583,-1.3692573923363185,1.7710314172459398,1.2252980405443608,10,0.7380952380952381,cluster-2,2.0799609576616848e-98,2.2307336391174226e-44,1.0,1.88245731773617e-86,5.059724010276774e-66,cluster-2
null,127,7.588453338222512e-61,1.3546411780821894,-1.1500608188899484,-1.1568020633424085,1.8677936463844118,1.2085851269994148,5,0.6666666666666666,cluster-2,9.574052557480081e-104,5.291904073390602e-63,1.0,2.5792982820899106e-90,2.4695060110666595e-68,cluster-2
null,127,7.843255294310858e-39,1.4877605227769062,-1.6391702486774113,-1.6575624691761317,1.2765067994125248,1.2491502956202514,18,0.7698412698412699,cluster-3,8.500714252815741e-41,1.2649960640044009e-53,3.92426109392317e-71,1.0,1.645942016969368e-62,cluster-3
null,127,1.6978374465743645e-61,1.3626987044360488,-1.4136148287555363,-1.4203560732079965,1.9409537728377215,1.207060973182425,7,0.5714285714285714,cluster-2,8.829168944945138e-108,1.1716838630139514e-63,1.0,1.0660440593054428e-80,1.0061334256318617e-68,cluster-2
null,123,1.1896592752893713e-35,1.4923340176090087,-1.302052939810404,-1.3090134117247327,1.2734584653280616,1.2606966809998932,16,0.6147540983606558,cluster-2,9.42136687191571e-69,1.4019447149442246e-37,1.0,6.076447345386945e-53,4.38451252143693e-57,cluster-2
null,127,2.3942847116138656e-62,1.3301340436023668,-1.1920611764502338,-1.198802420902694,1.8488225261057454,1.1806468078804204,3,0.6825396825396826,cluster-2,1.0652597540756167e-102,1.6301314786246645e-64,1.0,1.8867343855862583e-94,4.9812663134481536e-79,cluster-2
null,127,2.114233792628655e-48,1.4403253234825413,-1.54048553226501,-1.5489378524635453,1.7403252068467026,1.249034833629437,9,0.6349206349206349,cluster-1,1.0272318477445415e-96,1.0,9.597836117161647e-56,5.55898159871621e-62,1.846221962301277e-50,cluster-1
null,127,7.242320639695247e-44,1.4041987582851392,-1.358809944212906,-1.3655511886653662,1.6774783397284079,1.2294789296868465,3,0.753968253968254,cluster-2,3.0061629645098503e-93,6.965244497463022e-46,1.0,1.3644828427405363e-83,3.7941290407303797e-66,cluster-2
null,127,5.462599591540658e-40,1.4260793494211268,-1.3058887391578493,-1.3126299836103097,1.7328861266609252,1.2520208396640666,14,0.6587301587301587,cluster-2,2.6422500385334277e-96,5.7525921729239e-42,1.0,8.771309777378275e-67,4.438576864097234e-67,cluster-2
null,127,1.2495185622415429e-46,1.4005348611503226,-1.3875583438422736,-1.396010664040809,1.9696056936669537,1.2480030465120486,4,0.6587301587301587,cluster-1,2.3206609576636236e-109,1.0,1.131807496276225e-48,1.8659800358844215e-76,3.668811423221183e-56,cluster-1
null,127,1.2060196253660591e-54,1.4075893036776017,-1.6888394092950296,-1.7072316297937498,1.634286715289739,1.230551280042257,1,0.6349206349206349,cluster-3,2.624185994871724e-61,9.347821013070922e-57,7.248761456316062e-91,1.0,8.542177531688063e-82,cluster-3
null,127,3.0886562785345743e-46,1.482988435195574,-0.8514570101039616,-0.8698492306026818,1.2186031792107528,1.2987461987893156,9,0.626984126984127,cluster-3,6.880118688358891e-65,1.0769717064755354e-54,6.129925299547901e-68,1.0,2.8210247650037695e-48,cluster-3
null,112,3.0505972323933304e-42,1.4462972381463413,-1.3359122957502092,-1.3454966231181913,1.6267061233520508,1.1214376656005893,9,0.7837837837837838,cluster-1,7.50614204024276e-80,1.0,3.8183331753423234e-51,3.0444953483870305e-44,6.1279052850339215e-56,cluster-1
null,127,2.693652004059307e-35,1.4991544979794584,-1.1168754757858637,-1.125327795984399,1.4119975172628567,1.3068931020187666,14,0.7222222222222222,cluster-1,1.3204235563519083e-78,1.0,3.2055108307471216e-37,3.811118290477766e-42,7.097175942818903e-54,cluster-1
null,114,6.714039411578498e-46,1.4744960345100078,-1.042295489394874,-1.0613104233520532,1.2976823773300439,1.1678877849216907,9,0.7168141592920354,cluster-4,5.65330329890571e-65,5.506420670239906e-50,4.082189529258464e-56,6.118493517961174e-48,1.0,cluster-4
null,127,1.5568815370523115e-67,1.396168386165431,-1.35764991580032,-1.3661022359988553,1.5369690421998032,1.2168649186615155,7,0.7063492063492064,cluster-1,1.6898918708100886e-85,1.0,1.4510803329126266e-72,4.950042917741178e-74,9.782214447913335e-70,cluster-1
null,127,5.395356918244966e-43,1.3677519458067067,-1.5498087725301428,-1.556550016982603,1.9198168656957428,1.209081848532006,3,0.6746031746031746,cluster-2,1.2934045320545237e-106,5.2921544160058336e-45,1.0,2.182282466873063e-85,3.916642845253517e-74,cluster-2
null,127,8.912869625702392e-64,1.294611117338409,-1.2870317594272884,-1.2937730038797486,2.103774904266117,1.1649532265202023,1,0.6190476190476191,cluster-2,9.235391801849398e-117,5.934402114653796e-66,1.0,1.8160335366006123e-94,3.1563525310820687e-84,cluster-2
null,127,1.848595410044527e-42,1.5207356976120927,-1.0420597106453002,-1.0591282340399337,0.981116347425566,1.3506092629293158,9,0.7301587301587301,cluster-4,6.376639830794726e-54,3.0151885169010562e-49,1.835595532392116e-44,7.693716768265135e-55,1.0,cluster-4
null,103,8.850912704820679e-34,1.4555515412836701,-1.4089305099931735,-1.419352302859329,1.7928908264752732,1.032992324310947,9,0.6862745098039216,cluster-1,6.30685669323659e-81,1.0,9.28413311012051e-43,1.0995525272361176e-35,5.335986710530216e-43,cluster-1
null,127,9.137249485786678e-50,1.4057425572559692,-1.305128202663632,-1.311869447116092,1.6119769239050195,1.2419659545761874,12,0.6507936507936508,cluster-2,1.2324498550294759e-89,7.764164323105078e-52,1.0,1.5388061099303918e-76,1.5664614317256443e-73,cluster-2
null,127,2.331141095493152e-40,1.5041164257680553,-0.9489135141447773,-0.9659820375394106,1.3371241411824866,1.3314841790444953,10,0.7063492063492064,cluster-4,1.7798533110463136e-74,9.745809565842798e-43,1.0638538593707087e-51,1.4410847236681144e-42,1.0,cluster-4
null,127,8.240776436126154e-64,1.4209193745229107,-1.2934581125815083,-1.3105266359761418,1.4409663883719857,1.2169052865991317,12,0.6666666666666666,cluster-4,3.333677724307984e-80,5.474289790946644e-66,2.96765205051427e-70,8.970747005145152e-69,1.0,cluster-4
null,127,4.950922610857964e-45,1.4769732906281263,-1.61130890132874,-1.6180501457812004,1.4678635484590308,1.2446643590957156,16,0.7936507936507936,cluster-2,1.0949644294505941e-81,4.523887475582777e-47,1.0,3.0472490617362875e-59,1.1174955651463312e-48,cluster-2
null,127,1.1523685734346306e-47,1.422620213308667,-1.1811267522376354,-1.1878679966900956,1.7651120884211984,1.262686284850813,3,0.7777777777777778,cluster-2,4.411010863430736e-98,1.0215549515413307e-49,1.0,6.071743649045265e-68,2.125364608587505e-62,cluster-2
null,127,8.699636440064197e-49,1.39595611297685,-1.4167629452202264,-1.4235041896726865,1.6954004482960139,1.214330473824661,1,0.6984126984126984,cluster-2,3.086821151583054e-94,7.537902729508689e-51,1.0,3.13050837399779e-71,1.0703144235099814e-80,cluster-2
null,127,7.949601516777126e-58,1.312213017824298,-1.383497703732468,-1.3902389481849282,2.0666620449757014,1.1686724411677671,3,0.626984126984127,cluster-2,1.0290344026744162e-114,5.82848052760229e-60,1.0,2.810178113644946e-92,3.1225698930045608e-83,cluster-2
null,127,8.664903920073856e-52,1.3435183403513793,-1.1702253687100148,-1.176966613162475,2.122722715843381,1.2119453012848744,7,0.6746031746031746,cluster-2,8.324941936004044e-118,7.08019408529102e-54,1.0,3.3628365002189175e-88,4.561803201072129e-70,cluster-2
null,127,7.431473601798533e-50,1.3720736496742751,-1.4696042518916093,-1.4763454963440694,1.8385310135488435,1.195857601854125,8,0.6825396825396826,cluster-2,3.936298303029521e-102,6.303558333654343e-52,1.0,6.88504409639433e-83,3.091152008725116e-75,cluster-2
null,127,2.493734083529394e-66,1.3851099829412048,-1.3067295344795768,-1.3151818546781122,1.7417194036048227,1.2211198286216436,11,0.6349206349206349,cluster-1,8.605398704240518e-97,1.0,8.912003041374833e-71,6.765655261378662e-72,1.5874657276306804e-68,cluster-1
null,127,1.9837579257679218e-41,1.389392978142278,-1.3817907618725394,-1.3885320063249995,2.006933017039862,1.2304466355544514,10,0.7222222222222222,cluster-2,2.0267877655768387e-111,2.017877971162266e-43,1.0,1.0598954854508646e-75,5.314371324757394e-66,cluster-2
null,127,5.395356918244966e-43,1.3677519458067067,-1.5498087725301428,-1.556550016982603,1.9198168656957428,1.209081848532006,3,0.6746031746031746,cluster-2,1.2934045320545237e-106,5.2921544160058336e-45,1.0,2.182282466873063e-85,3.916642845253517e-74,cluster-2
null,127,2.304205145234264e-53,1.4618316710969548,-1.4416129044660433,-1.4600051249647636,1.280632920152559,1.274307255797037,9,0.6111111111111112,cluster-3,2.4877076977760868e-60,1.82814304131202e-55,2.323700000754769e-71,1.0,2.3956751664360827e-67,cluster-3
null,127,9.744064227439597e-43,1.506856772231472,-0.9712676401213398,-0.9883361635159731,1.074831204151544,1.3423888339960706,10,0.6746031746031746,cluster-4,5.215018586000618e-60,9.613976428139537e-45,7.406712759482171e-55,8.864162739214708e-56,1.0,cluster-4
null,127,4.1766812812762586e-47,1.4758432487713566,-1.5001221904604454,-1.5085745106589807,1.4332000251830093,1.2893988640536995,12,0.8095238095238095,cluster-1,8.938825826852916e-80,1.0,3.254551455176882e-51,3.418229269378857e-59,3.711462584035025e-49,cluster-1
null,127,3.492682903603599e-44,1.436985137086079,-1.3736818568913016,-1.382134177089837,1.519709909994771,1.2414846549919334,12,0.7142857142857143,cluster-1,1.5128408519029228e-84,1.0,3.335439935443385e-46,4.808309406852515e-70,1.703382369437541e-67,cluster-1
null,127,8.601830438958918e-57,1.3518863421643785,-1.1937558632197343,-1.2004971076721944,2.080936221625861,1.1958770648617207,5,0.6349206349206349,cluster-2,1.6793142873974895e-115,6.419603939605932e-59,1.0,7.193602382916244e-79,1.6691187172890302e-73,cluster-2
null,127,2.0969387108620072e-61,1.3365988948461611,-1.3061238686869463,-1.3128651131394065,1.7236894021822713,1.2027468618773094,2,0.5634920634920635,cluster-2,8.496164703186426e-96,1.4492448407987252e-63,1.0,1.0549047765861617e-92,7.020135972211747e-85,cluster-2
null,127,5.501799906041358e-51,1.370711722525575,-1.703568946658157,-1.7120212668566923,2.1139193557378815,1.1869529462644854,5,0.7063492063492064,cluster-1,2.546443555542902e-117,1.0,4.565098004062558e-53,1.6113340918940602e-82,6.775385350728971e-59,cluster-1
null,127,9.276540353504964e-49,1.4536695676437834,-1.059399702417569,-1.0678520226161043,1.6224237877552903,1.2892995647716141,10,0.6507936507936508,cluster-1,3.2701548042643134e-90,1.0,2.5934464315813324e-60,1.778391890450009e-54,8.040356392939812e-51,cluster-1
null,127,9.9968093792643e-59,1.3698850131561202,-1.456367552749754,-1.463108797202214,1.8344618429349164,1.1872736928861187,4,0.6904761904761905,cluster-2,6.599708178382667e-102,7.21890387714013e-61,1.0,2.952849919724462e-76,2.063064587995231e-77,cluster-2
null,127,1.5568815370523115e-67,1.396168386165431,-1.35764991580032,-1.3661022359988553,1.5369690421998032,1.2168649186615155,7,0.7063492063492064,cluster-1,1.6898918708100886e-85,1.0,1.4510803329126266e-72,4.950042917741178e-74,9.782214447913335e-70,cluster-1
null,105,3.063531412551582e-45,1.4443286986343056,-1.4960107712518602,-1.504164466922931,1.383797345842634,1.0355588276328185,7,0.6826923076923077,cluster-2,7.898908916840809e-64,2.8585400321609176e-47,1.0,9.593004438962102e-56,6.277225223690618e-55,cluster-2
null,127,8.716229052512566e-50,1.3493439916593244,-1.3610996036078986,-1.3678408480603588,2.1896480049673968,1.182385004942124,14,0.6111111111111112,cluster-2,1.6946896410134628e-121,7.403419037006705e-52,1.0,2.5432011894041014e-87,9.443550955845352e-65,cluster-2
null,95,3.8549531339013077e-47,1.333536718579947,-1.8826493112664473,-1.9227302703109466,1.8164894505550986,0.8474166524491229,6,0.6808510638297872,cluster-0,1.0,1.7585113160955783e-69,1.1358532968002757e-75,3.454663220978185e-49,5.868549695899039e-60,cluster-0
null,127,2.2166468627731784e-42,1.3958680891168322,-1.55624065248985,-1.5629818969423102,2.0172569695420153,1.230273019289755,3,0.6428571428571429,cluster-2,5.462438400147087e-112,2.2051148951801028e-44,1.0,1.1491310268866712e-78,1.8396500960198966e-56,cluster-2
null,127,1.3431896946153262e-41,1.4966349885723964,-1.261634285994402,-1.2700866061929375,1.3336930162324678,1.30675031758772,9,0.746031746031746,cluster-1,2.7518786393792792e-74,1.0,6.130170067533256e-57,1.8861347217682978e-44,1.1666292331843686e-43,cluster-1
null,127,4.8576641445064585e-59,1.3179413422762694,-1.7840716744971088,-1.814053494254805,1.8682876947357898,1.1403651809798456,11,0.6984126984126984,cluster-0,1.0,8.991794506230763e-104,2.129144480927522e-101,3.489502423832073e-61,1.5544731270308446e-80,cluster-0
null,127,1.0871444500083593e-42,1.461423777251583,-1.208281149075726,-1.2167334692742613,1.6058780940498893,1.2806381405041853,4,0.7698412698412699,cluster-1,2.673946128679666e-89,1.0,1.0738020193721825e-44,5.290900203194305e-61,2.325291975599161e-52,cluster-1
null,127,8.410106788901514e-51,1.4318925280519261,-1.0217893104853593,-1.0388578338799928,1.6037018543153296,1.2809493634324556,6,0.6349206349206349,cluster-4,3.525202136905758e-89,7.003131897079752e-53,4.5732668757580156e-63,9.186144973286281e-69,1.0,cluster-4
null,127,2.1031858939194885e-48,1.469204850212575,-1.1277893546998032,-1.1448578780944365,1.3647018793061023,1.2912305853572676,7,0.7222222222222222,cluster-4,5.3619536503147e-76,5.600474337032774e-59,1.742811319986804e-61,1.8365004428886934e-50,1.0,cluster-4
null,127,1.5557432795900917e-55,1.3768339774199603,-1.5044338196281373,-1.5111750640805974,1.6814268818051799,1.2212118705245874,6,0.6746031746031746,cluster-2,1.8206610677703047e-93,1.1869016690911308e-57,1.0,1.247618972510014e-83,7.543038134838599e-77,cluster-2
null,127,9.629531321196786e-62,1.4269763881242858,-1.48365867794968,-1.4921109981482155,1.4699920894592764,1.2488241899488997,7,0.6587301587301587,cluster-1,8.356020225633084e-82,1.0,4.99100233087801e-65,6.107996312563569e-64,9.925654503627176e-70,cluster-1
null,127,5.4177142925897734e-36,1.4477083400732502,-1.5976861668383981,-1.6061384870369335,1.6965371680071972,1.2269395551101936,8,0.7777777777777778,cluster-1,2.671869472920321e-94,1.0,6.32513736109648e-38,3.3014301772420913e-66,9.934708002579216e-55,cluster-1
null,109,1.3849426551556077e-45,1.4532025688836865,-1.7396133842818233,-1.7494615004764473,1.5444030761718752,1.0664017587971661,18,0.7129629629629629,cluster-1,7.778484919680838e-74,1.0,1.901388140303142e-48,3.18582322292229e-52,1.0874821753638971e-47,cluster-1
null,127,2.982580071706498e-48,1.487985137536245,-1.214251420629306,-1.2313199440239395,1.2527083749846213,1.3079584082559421,9,0.7380952380952381,cluster-4,8.06063942530583e-70,2.3828046999797044e-53,1.6587281206456284e-58,2.609874816412934e-50,1.0,cluster-4
null,110,3.9240958388513626e-53,1.3919133924074225,-1.7352333762428978,-1.7449919641084795,1.6751420454545456,1.0320306258311325,12,0.7155963302752294,cluster-1,9.428787718205757e-81,1.0,9.599522884307051e-63,3.1267147385903604e-55,1.7780708055298178e-64,cluster-1
null,127,2.0316678975823898e-79,1.1820877408689974,-1.318765114611528,-1.3255063590639882,2.2342369500107653,1.1213379659241829,6,0.6190476190476191,cluster-2,5.8853068470867745e-124,1.0898138615089875e-81,1.0,5.477538677836091e-107,2.056085776921155e-109,cluster-2
null,127,5.773615831324431e-69,1.2721033971207087,-1.599541611558809,-1.6062828560112692,2.192807175043061,1.1635683831199262,5,0.5396825396825397,cluster-2,1.1346055095180251e-121,3.5592588847996703e-71,1.0,1.3126288635265095e-101,3.43095597982491e-80,cluster-2
null,127,8.410106788901514e-51,1.4318925280519261,-1.0217893104853593,-1.0388578338799928,1.6037018543153296,1.2809493634324556,6,0.6349206349206349,cluster-4,3.525202136905758e-89,7.003131897079752e-53,4.5732668757580156e-63,9.186144973286281e-69,1.0,cluster-4
null,127,4.145286728355113e-37,1.5300366571636324,-0.8875900628998523,-0.9046585862944857,1.1238158218503935,1.3472189495979174,12,0.6904761904761905,cluster-4,1.0363100660689332e-62,4.695870450445794e-39,2.4484412590417825e-43,7.699753347997364e-43,1.0,cluster-4
null,127,2.446481201774781e-37,1.4572920676531278,-1.1139866385872907,-1.1224389587858263,1.682029543899176,1.301900893121251,18,0.7222222222222222,cluster-1,1.6865104525063434e-93,1.0,2.486472435594237e-39,8.569879044969688e-69,2.59192992547375e-40,cluster-1
null,127,1.5651796397445035e-46,1.498527822756655,-1.368502639410064,-1.3855711628046974,1.2493514413908713,1.2954726838612414,5,0.6904761904761905,cluster-4,1.234589294793847e-69,9.60523233068303e-49,4.520191328820028e-49,3.313360534586219e-54,1.0,cluster-4
null,127,1.3155900135563735e-51,1.3020034802625657,-1.24195140928734,-1.2486926537398002,2.261970219649668,1.1802727062226657,7,0.6111111111111112,cluster-2,1.7383193032377732e-125,1.0786950182673258e-53,1.0,1.3787087781098874e-91,5.995648282904934e-84,cluster-2
null,127,5.692293186485933e-53,1.3064483565852083,-1.5782083826740896,-1.5849496271265497,2.1068804883581445,1.1269982488821988,5,0.7301587301587301,cluster-2,6.225376103875857e-117,4.549204267794109e-55,1.0,4.075517550579249e-92,7.081206042351832e-88,cluster-2
null,127,4.712665035894525e-47,1.4647599282124673,-1.2323712927149975,-1.2507635132137178,1.29730380801704,1.2842523439890101,13,0.6746031746031746,cluster-3,1.3272927136740127e-69,3.42397147141124e-59,2.796987869961472e-72,1.0,4.2309983820130034e-49,cluster-3
null,127,1.5642914318794892e-49,1.482850240334852,-1.6292282464936023,-1.6376805666921377,1.2159555990864912,1.2594728190019504,15,0.6507936507936508,cluster-1,8.579925578353947e-68,1.0,1.335359551478062e-51,3.276633912314644e-61,1.2437632622013882e-56,cluster-1
null,127,4.3953539258030855e-49,1.409277770591836,-1.4071519506259227,-1.415604270824458,1.7820493442805732,1.2300616422126787,10,0.7063492063492064,cluster-1,5.1328316362525074e-99,1.0,7.838906237539286e-56,3.772252517133084e-80,3.785729286524822e-51,cluster-1
null,127,1.1473440475579482e-44,1.4692598542664959,-1.4976310429610604,-1.506083363159596,1.605805044099102,1.2483283867550934,15,0.8095238095238095,cluster-1,2.6988686748435014e-89,1.0,9.221849967404534e-47,5.006506478506916e-57,1.5758920836894394e-47,cluster-1
null,127,9.669637201223033e-55,1.402513253814843,-1.1450221745047982,-1.1517634189572583,1.7745193121001477,1.2318067166222582,9,0.6428571428571429,cluster-2,1.3356078100912382e-98,7.481901862875759e-57,1.0,5.2930373451911996e-77,2.9528837208548873e-61,cluster-2
null,127,2.242141913752533e-42,1.3921998402708438,-1.3625161478838583,-1.3692573923363185,1.7710314172459398,1.2252980405443608,10,0.7380952380952381,cluster-2,2.0799609576616848e-98,2.2307336391174226e-44,1.0,1.88245731773617e-86,5.059724010276774e-66,cluster-2
null,127,3.476178854803102e-34,1.4340157282266552,-1.3586001659002829,-1.3653414103527433,1.7370099645899977,1.26748466030033,20,0.7301587301587301,cluster-2,1.5650275450352029e-96,4.2682956096262357e-36,1.0,1.429821743044655e-71,3.317997402971853e-57,cluster-2
null,127,1.5174889666055536e-45,1.4904188419836135,-1.4969995453601748,-1.5054518655587101,1.2643385759488803,1.2711710582259061,21,0.6666666666666666,cluster-1,1.8403529319600254e-70,1.0,5.379235283794732e-57,4.407543725121522e-54,1.4066409692615397e-47,cluster-1
null,127,8.271451552561671e-62,1.3280359608804757,-1.3356704111174336,-1.3424116555698937,2.2284390907587968,1.1816366768545388,11,0.6428571428571429,cluster-2,1.2290013289387387e-123,5.6798292538850266e-64,1.0,6.812347407318086e-80,5.291145084343365e-75,cluster-2
null,127,2.2854959237132085e-48,1.375715482842803,-1.487012968288632,-1.493754212741092,1.975327379121555,1.199211360921074,5,0.6190476190476191,cluster-2,1.122095576942761e-109,1.9971559272350307e-50,1.0,1.7665840841607682e-79,1.9898590347168523e-69,cluster-2
null,127,1.1523685734346306e-47,1.422620213308667,-1.1811267522376354,-1.1878679966900956,1.7651120884211984,1.262686284850813,3,0.7777777777777778,cluster-2,4.411010863430736e-98,1.0215549515413307e-49,1.0,6.071743649045265e-68,2.125364608587505e-62,cluster-2
null,127,8.59536708968049e-53,1.4095399093533647,-1.1761433759073572,-1.1828846203598176,1.634551281065453,1.203037346888416,7,0.7301587301587301,cluster-2,7.009250433432854e-91,6.892184734398601e-55,1.0,5.5231831531366875e-74,2.9546843089771403e-70,cluster-2
null,127,1.0541827668361515e-60,1.3645825889846561,-1.2542880801703986,-1.2610293246228588,1.780803770530881,1.2134392009140096,7,0.6587301587301587,cluster-2,6.01252834032686e-99,7.368524982255022e-63,1.0,2.6480028928476238e-80,3.9211196725488765e-78,cluster-2
null,127,3.5615109322616095e-44,1.4395701696223502,-1.1840576412170891,-1.1907988856695493,1.7990656574880044,1.2605721583406797,11,0.626984126984127,cluster-2,5.913103369541137e-100,3.381458001653966e-46,1.0,6.889829394336383e-67,1.9207799246240403e-48,cluster-2
null,127,2.609078626359606e-55,1.4455201488467555,-1.4149257629875123,-1.4233780831860476,1.4059165894515873,1.2634377336067781,1,0.7301587301587301,cluster-1,2.8583095772523597e-78,1.0,1.998452005597909e-57,9.630868776910356e-66,3.1879539346463803e-65,cluster-1
null,127,7.216136683124496e-35,1.5224288489052082,-1.2853410375399852,-1.2937933577385206,1.1832558939776083,1.3108277697296233,22,0.7063492063492064,cluster-1,5.458192016716057e-66,1.0,8.690643190207056e-37,2.4455158312494006e-46,2.771292461208e-45,cluster-1
null,127,2.6576023146428757e-51,1.2810936938497317,-1.3306125430610236,-1.3373537875134838,2.5287391482375736,1.1799849386093537,7,0.5476190476190477,cluster-2,3.3603367527794455e-140,2.1917955863283266e-53,1.0,4.9852025329827793e-101,1.3657500049590655e-73,cluster-2
null,127,2.17269225319039e-39,1.4835983742145755,-1.3053054208830586,-1.323697641381779,1.1977187029020053,1.2887186436838087,13,0.6349206349206349,cluster-3,2.39659897365532e-59,2.322158152605442e-41,8.69654623228489e-67,1.0,3.993102589944337e-65,cluster-3
null,127,1.7214608403853386e-52,1.4188208666496442,-1.516835370401698,-1.523576614854158,1.7255953090397391,1.2417371070576122,13,0.6349206349206349,cluster-2,6.669631955912565e-96,1.388144307212709e-54,1.0,7.613308267459905e-71,3.571981058171915e-61,cluster-2
null,127,1.0850673278015441e-45,1.5010625315402306,-1.5494402787816806,-1.557892598980216,1.2396604282649486,1.307437472414628,16,0.6349206349206349,cluster-1,4.227019044182974e-69,1.0,2.3568386313887803e-48,7.61888843375135e-48,7.700855848768812e-54,cluster-1
null,127,2.5063892312195158e-65,1.3705673156180995,-1.5839422030711736,-1.590683447523634,1.8197755588321236,1.184000495249465,9,0.7222222222222222,cluster-2,4.261402880408213e-101,1.6297994458709723e-67,1.0,2.8876524303952757e-75,3.760900576836669e-73,cluster-2
null,127,1.0160276709253708e-56,1.4123520882717449,-1.2370384396530512,-1.2437796841055113,1.7725339874507873,1.2335941498882268,8,0.7301587301587301,cluster-2,1.7186218285403728e-98,7.591430143545961e-59,1.0,1.2852116315113606e-67,7.038609689025182e-63,cluster-2
null,127,8.671876536865548e-47,1.4452953409783655,-1.5388733871339813,-1.5473257073325166,1.6325871024544785,1.2650794680938926,9,0.7142857142857143,cluster-1,8.995113187827652e-91,1.0,9.089574820671486e-57,1.7748780710588144e-65,7.828803537634057e-49,cluster-1
null,127,7.117222067662425e-44,1.402087609439548,-1.306043730007382,-1.312784974459842,1.871082215797244,1.240678729428342,11,0.6904761904761905,cluster-2,6.305411702917011e-104,6.843773950001345e-46,1.0,2.5021538025566755e-76,1.4294567148159e-63,cluster-2
null,127,2.063408180399009e-50,1.442603422227699,-1.168583907480315,-1.1753251519327752,1.6607757328063484,1.2521922467193112,9,0.7222222222222222,cluster-2,2.507560803078618e-92,1.7312564959370038e-52,1.0,6.43885321908906e-60,3.051167428463118e-60,cluster-2
null,127,3.071753586564752e-45,1.4576451596113942,-1.366631094864973,-1.373372339317433,1.5707045427457553,1.2587885680781272,10,0.7222222222222222,cluster-2,2.3289701211451726e-87,2.865614866002733e-47,1.0,9.473746652528959e-66,6.148972121448355e-51,cluster-2
null,127,1.984078636524081e-48,1.4872058320029504,-1.0548552265317421,-1.0719237499263756,1.248515211691068,1.2962569856494626,14,0.7142857142857143,cluster-4,1.372919551473715e-69,1.7261014483110755e-50,5.194051762802268e-53,1.378457762560324e-59,1.0,cluster-4
null,127,4.689290894777839e-46,1.4244785946536211,-1.345389298566683,-1.3521305430191433,1.6593772107221947,1.2278093756454873,16,0.6587301587301587,cluster-2,2.9949357943755077e-92,4.2995148395553224e-48,1.0,7.213196589563881e-71,8.292578935147576e-66,cluster-2
null,127,6.72839567446113e-42,1.5229745880428074,-1.1577971450925812,-1.1748656684872147,1.070157389002522,1.3286975200920956,11,0.7301587301587301,cluster-4,9.441521814449812e-60,6.765958128187513e-44,5.509662047855938e-48,2.148999055894997e-47,1.0,cluster-4
null,127,1.6978374465743645e-61,1.3626987044360488,-1.4136148287555363,-1.4203560732079965,1.9409537728377215,1.207060973182425,7,0.5714285714285714,cluster-2,8.829168944945138e-108,1.1716838630139514e-63,1.0,1.0660440593054428e-80,1.0061334256318617e-68,cluster-2
null,127,1.6262160572827293e-48,1.3635602850735151,-1.43338493287094,-1.4401261773234002,1.7794004425289123,1.1777447658340447,14,0.7063492063492064,cluster-2,7.185520828685623e-99,1.41680080861251e-50,1.0,5.818915916876587e-94,4.9050642168392047e-73,cluster-2
null,127,1.0175086546125219e-49,1.4761117858892874,-1.0416861706831324,-1.0600783911818528,1.218572060892901,1.2893286837451277,5,0.626984126984127,cluster-3,8.644041658944723e-63,8.6540210902715e-52,6.154198859241505e-68,1.0,1.9875846440446286e-60,cluster-3
null,127,8.752161300259774e-60,1.384148494975083,-1.2120018906480685,-1.2204542108466039,1.594393151951587,1.2270110897884874,5,0.6349206349206349,cluster-1,1.1497653586775809e-88,1.0,3.7741851109373425e-78,1.2085537211162154e-79,6.210109170563622e-62,cluster-1
null,127,1.4104227830433612e-31,1.522377915591545,-1.534040916623093,-1.5424932368216284,1.0723474457507995,1.292172015749776,19,0.7777777777777778,cluster-1,3.21455028883614e-58,1.0,7.149053492638839e-60,1.8716171060719776e-33,1.1737957272320365e-40,cluster-1
null,127,6.400857510809659e-31,1.5388779489659554,-1.3091795913816437,-1.327571811880364,0.9923475370632382,1.3529495008812518,20,0.6984126984126984,cluster-3,1.847887154256962e-55,3.7592855087426325e-40,8.888540105414776e-49,1.0,8.670263073155583e-33,cluster-3
null,127,4.476124392922596e-31,1.5034087897285158,-1.456596314437746,-1.4650486346362814,1.4411323126845474,1.3086493071261356,18,0.7380952380952381,cluster-1,3.264164155532514e-80,1.0,6.021130966223344e-33,1.0371300242513808e-52,1.1240143040884335e-35,cluster-1
data,127,1.0580214749071946e-61,1.4148103115893873,-2.3155825156865157,-2.345564335444212,1.48918716550812,1.1796840547658405,8,0.6904761904761905,cluster-0,1.0,1.6565680350640676e-70,7.29940398531982e-83,7.277593174633874e-64,8.240522130699555e-72,
data,109,3.1167760165464226e-59,1.399273129671776,-1.7338423422717173,-1.7687752882279322,1.4576691793739247,1.0340013721359405,4,0.5,cluster-0,1.0,2.186475512414e-61,9.924594385965928e-70,3.2600485379543054e-63,1.0968891942281122e-63,
data,127,1.706754109778515e-45,1.4512890878080393,-1.7148879644438977,-1.7448697842015939,1.4260520634688731,1.216510286214581,11,0.6349206349206349,cluster-0,1.0,1.5152477487093043e-71,2.2157928515710648e-79,2.3949618420379966e-60,1.5838231760451914e-47,
data,127,2.9787116781832576e-47,1.471800111575634,-1.7082094207523375,-1.738191240510034,1.3707746370570866,1.254289230042934,13,0.6904761904761905,cluster-0,1.0,4.3466209075319323e-67,2.4795774467813613e-76,1.8667247522186696e-49,7.819755838275869e-50,
data,127,2.7155519410864094e-42,1.4498056536905992,-1.6266599640132875,-1.6566417837709837,1.6442128579447588,1.234108289400574,15,0.5952380952380952,cluster-0,1.0,1.202025760677825e-70,2.0548657214923028e-91,2.704444242327386e-44,2.313821516483425e-47,
data,127,3.0050177071629147e-37,1.5260510396831997,-1.9158812995970718,-1.945863119354768,1.0201324703186518,1.2870526766534158,9,0.6587301587301587,cluster-0,1.0,4.3385611801474374e-41,5.422335193604171e-57,3.3464249650111614e-39,8.0888505908976085e-56,
data,127,6.518152782727808e-42,1.498251729032177,-1.4242479219211368,-1.454229741678833,1.1780888114388535,1.267856835654246,13,0.6349206349206349,cluster-0,1.0,1.2943709719983803e-55,1.0520619410198066e-65,9.576509677297793e-57,6.555290359073078e-44,
data,127,8.316833777993991e-52,1.461151601882692,-1.8385206808255414,-1.8685025005832376,1.3087513841043308,1.2370232210639234,10,0.6507936507936508,cluster-0,1.0,8.758586403813046e-71,6.535742811876131e-73,6.75947429037442e-54,3.232383521697205e-56,
data,127,2.027845138337057e-52,1.4393721252972473,-2.0816647987666093,-2.1116466185243055,1.6841678168829972,1.1989758529864396,15,0.6428571428571429,cluster-0,1.0,4.544869026498022e-62,1.285439784196293e-93,1.634236678816193e-54,2.9723735202140405e-57,
data,91,1.9348658295810265e-50,1.247722544630502,-1.7470449929708962,-1.7888877524129558,2.242112212128692,0.8151682400441594,1,0.5444444444444444,cluster-0,1.0,3.631655500992906e-74,2.454350030319584e-89,1.6225229767282745e-52,6.2249297215126e-63,
data,127,6.4005116717696456e-40,1.445876071143631,-1.6846973088782604,-1.7146791286359566,1.7690752885473053,1.2465101574509807,17,0.6507936507936508,cluster-0,1.0,2.0224061434648292e-61,2.6665285766340363e-98,6.751681311929062e-42,5.5798433665742296e-55,
data,126,2.910327681180884e-26,1.4766323195881628,-1.891223846919953,-1.9214436176281071,1.7208817497132314,1.291366885637093,17,0.712,cluster-0,1.0,6.128784303265269e-44,6.783433370239136e-95,4.623887276934469e-28,5.2021870441476724e-51,
data,127,8.006275776808519e-51,1.40428369811168,-1.3420344074880044,-1.3720162272457006,1.6145258625661294,1.2178243248354668,11,0.5476190476190477,cluster-0,1.0,7.01804032510971e-87,8.9162354572119e-90,5.154020596322447e-62,6.664106464703302e-53,
data,127,6.731744490028992e-23,1.5770281116809546,-1.6654218538539616,-1.6954036736116578,0.6055735190083662,1.3279332131309087,16,0.7380952380952381,cluster-0,1.0,3.975125212996384e-34,5.816696664957453e-34,1.2225961114247767e-24,5.41497788578202e-34,
data,106,1.101218110095672e-35,1.4298423184260045,-1.5849757644365419,-1.6208973786745364,1.8405452224443544,1.0480260164239592,5,0.6190476190476191,cluster-0,1.0,7.41451319544646e-48,1.8625366061596137e-85,9.758026224255815e-55,1.2965275541310683e-37,
data,122,2.565046951716514e-54,1.427865597587119,-1.6374093978131403,-1.6686199806756603,1.5521140176741806,1.1899820801947585,3,0.6611570247933884,cluster-0,1.0,1.308597537090856e-66,5.793013150943506e-83,2.0000011909323305e-56,9.30442980043328e-62,
data,127,2.964875725806441e-51,1.4317974159183544,-1.8791321281373032,-1.9091139478949994,1.7121709388072097,1.2010611814244587,8,0.6349206349206349,cluster-0,1.0,5.457287061124393e-62,3.668836588380855e-95,2.447438959681383e-53,1.614008102303283e-62,
data,127,2.5095448372408e-29,1.5312255619305672,-2.0983718511626477,-2.1283536709203434,1.092034047044168,1.2470183550349714,21,0.7301587301587301,cluster-0,1.0,6.612084561720125e-41,5.8671365154352226e-61,3.5797017410208504e-31,1.6102980926423258e-49,
data,127,7.666857950583388e-46,1.382721795027007,-2.0563477043091782,-2.086329524066874,1.9580349659356542,1.1700085694308946,17,0.6984126984126984,cluster-0,1.0,1.2067045755231474e-82,1.008787757136497e-108,7.061711830742068e-48,1.492946200815593e-63,
data,127,1.2413120785703034e-62,1.4307587328282554,-1.5839309091643086,-1.6139127289220048,1.3974252535602238,1.2430416706222018,7,0.6111111111111112,cluster-0,1.0,4.5664692945469964e-70,8.403346769059012e-78,1.4834866776459405e-65,6.903253599367195e-65,
data,127,9.940768997681152e-40,1.450945824863071,-1.5439126322588583,-1.5738944520165545,1.535676971195251,1.2528926597590337,14,0.6349206349206349,cluster-0,1.0,7.16618955079606e-78,1.9912400048558792e-85,1.0535205857327047e-41,3.79138973698138e-46,
data,127,2.6534653833520786e-30,1.5085380414391123,-1.6593993179441437,-1.68938113770184,1.144475020761565,1.2899906411439122,15,0.6428571428571429,cluster-0,1.0,3.463539331662384e-59,7.51663312451547e-64,3.665834425932679e-32,6.424704553262883e-50,
data,127,2.809986626666162e-46,1.4246933090142901,-1.571835134911725,-1.6018169546694212,1.9742961493064097,1.2367648940216664,7,0.6507936507936508,cluster-0,1.0,2.210899156214183e-61,1.2791095533952883e-109,2.5642646310938677e-48,2.900345903736609e-54,
data,127,2.5465581190313645e-36,1.4723820493921216,-1.6885789285494586,-1.7185607483071548,1.485887662632259,1.278813321454667,14,0.626984126984127,cluster-0,1.0,9.770956447366961e-54,1.109871753447807e-82,2.9468079906099667e-38,5.640839182747643e-62,
data,127,4.3795347219203126e-21,1.5377419503051495,-1.5203906682532604,-1.5503724880109566,1.157988901213398,1.3293726438558826,31,0.6904761904761905,cluster-0,1.0,1.7158840483585307e-45,1.3510141025401984e-64,9.963324211796547e-25,8.509682011079473e-23,
data,127,2.3048952137099445e-06,1.4848525737097544,-1.7194216270146407,-1.7494034420656412,1.4322026770884597,1.2624865262914833,20,0.6825396825396826,cluster-0,0.9999998628199572,2.3121100711980242e-54,1.0145875945258555e-79,1.3718004556411255e-07,1.6049567832134458e-41,
data,127,1.3444478519326191e-59,1.4131475160070013,-1.3030731922059546,-1.3330550119636508,1.6654156061608023,1.224762826528381,9,0.5793650793650794,cluster-0,1.0,3.1534897989025585e-68,1.3910329115731735e-92,9.568488280063202e-62,3.819280058091544e-66,
data,127,1.4770843461854832e-43,1.4551690633605756,-1.826831727515994,-1.8568135472736904,1.74757469357468,1.2494275463792088,6,0.5714285714285714,cluster-0,1.0,7.018377691928786e-60,4.090912034180588e-97,6.177951076063464e-47,1.36620717247602e-45,
data,127,8.921924222386175e-46,1.4705456313055416,-1.5751811350424458,-1.605162954800142,1.3462916096364421,1.2748743675617678,10,0.6587301587301587,cluster-0,1.0,7.73984271578675e-63,5.555828465777283e-75,8.229313754324241e-48,1.5263259447073002e-59,
data,127,8.933578036184515e-50,1.3778416785742602,-1.6465098463644192,-1.6764916661221154,1.7917641466996803,1.215717165284342,9,0.6031746031746031,cluster-0,1.0,3.761690669192308e-95,1.4946283424239705e-99,7.589632977121544e-52,3.844814866676719e-60,
data,127,5.9203928214804307e-36,1.5207290797180657,-1.822888471948819,-1.8528702917065152,1.130257433793676,1.2739831444729623,24,0.6587301587301587,cluster-0,1.0,4.0263014310151537e-54,4.5729877542178805e-63,6.917926611603518e-38,1.1992359114581566e-41,
data,127,1.2904939002481077e-64,1.3894804015409299,-1.6264766182486468,-1.656458438006343,1.658982164277805,1.2126270870366822,6,0.6428571428571429,cluster-0,1.0,5.768495974322725e-74,3.149027554034503e-92,8.482526650623855e-67,1.800835491233582e-72,
data,97,1.4743473920956642e-16,1.507460943185233,-1.7740745937701352,-1.8133291412879438,1.3928317040512244,0.9731106642988983,20,0.7083333333333334,cluster-0,1.0,4.636450142017022e-41,2.1124432028860097e-59,3.672495021695693e-18,2.108284381089161e-26,
data,121,8.122417120863612e-52,1.3616193603425948,-2.162646585259556,-2.1941151068234186,1.7661644801620606,1.0920029782319647,11,0.6416666666666667,cluster-0,1.0,3.70031425986195e-76,1.5442086042203518e-93,6.63338859300623e-54,9.165817207892088e-82,
data,127,2.6867409614696625e-60,1.431470039725511,-1.713071447657788,-1.7430532674154842,1.5408321590874139,1.1983948166041993,10,0.6349206349206349,cluster-0,1.0,1.2350317626354715e-62,1.0346349926312512e-85,3.3173764117102558e-65,6.433515590334126e-63,
data,127,1.0669719729746678e-15,1.532817939759107,-1.9093922292153667,-1.9393740489730629,1.2339466725747417,1.2799986020369385,23,0.7142857142857143,cluster-0,1.0,3.02710433789856e-42,8.733306063525311e-69,2.7993824839351646e-17,6.40126358982746e-29,
data,126,2.4128708655665865e-57,1.4104416316711024,-1.4991290380084326,-1.5293488087165867,1.6466633630177332,1.2208322412914578,7,0.536,cluster-0,1.0,1.1318057654811062e-66,7.811989916349948e-91,1.7836935778905902e-59,3.144487681683802e-71,
data,127,6.786963902115608e-56,1.4123456650983077,-1.311332642562746,-1.3413144623204423,1.417624405988558,1.2183602125371682,10,0.6111111111111112,cluster-0,1.0,4.337106071486984e-78,6.461896082702294e-79,5.1450734321018336e-58,9.245388572152506e-75,
data,127,1.937150532302926e-51,1.4228058551874185,-1.5658027468703863,-1.5957845666280825,1.6483922042245938,1.2495840523860284,13,0.6190476190476191,cluster-0,1.0,4.706169917445352e-74,1.2085647831048824e-91,1.6514405011476794e-60,1.593429661257698e-53,
data,127,8.879426332086502e-54,1.4534076291304845,-1.4421608992448942,-1.4721427190025904,1.3817413810669905,1.2629048604284268,11,0.6349206349206349,cluster-0,1.0,1.6221310235710452e-62,6.15889122272767e-77,6.9916699360701205e-56,3.2549007443802854e-65,
data,96,3.211961924015511e-18,1.553766164769527,-1.4742876688639324,-1.5139511179183847,0.8708098729451497,1.022120880223219,14,0.6947368421052632,cluster-0,1.0,5.530577839020047e-31,4.942645123729947e-37,7.289091998725243e-20,1.654737724233672e-31,
data,127,3.9225991090744534e-52,1.444745876399783,-1.4914928045798475,-1.5214746243375437,1.5835246889609988,1.2242708922988679,12,0.5476190476190477,cluster-0,1.0,2.190301140244593e-59,4.571551689359511e-88,3.184386256883487e-54,5.524162270054341e-63,
data,127,1.805727844089473e-51,1.4584009326938487,-1.2594703013502706,-1.2894521211079668,1.5749682328832433,1.2835661769127038,7,0.5952380952380952,cluster-0,1.0,1.2477592268091243e-57,1.355184373813444e-87,2.8577775445695965e-54,1.192531707111996e-53,
data,127,6.0170253910270145e-61,1.309583066484027,-2.1886788916400097,-2.218660711397706,1.939206581416093,1.1304875251902404,10,0.5952380952380952,cluster-0,1.0,1.4624386036162527e-95,1.1022671569449191e-107,4.189243976509259e-63,7.706960685885561e-86,
data,127,1.3352147348912395e-74,1.276345056582676,-1.3402284637210875,-1.370210283478784,2.15390807624877,1.166843053207233,2,0.5634920634920635,cluster-0,1.0,1.369217258195332e-83,1.5861352273078812e-119,7.618107586446386e-77,8.310293667351146e-93,
data,127,9.68746328138905e-59,1.3779040042369708,-1.6778077853946236,-1.7077896051523198,1.854171272337906,1.186927043108444,10,0.49206349206349204,cluster-0,1.0,2.3012386152234588e-73,5.400615839786908e-103,6.993919554515002e-61,4.58580183379271e-74,
data,123,4.450831736435088e-37,1.4787810250272946,-2.025377351094068,-2.056334189380469,1.4382853934435338,1.164747400931578,15,0.6721311475409836,cluster-0,1.0,4.2662543006725474e-39,1.4769051256445506e-77,7.566552760795016e-40,2.3426290924870488e-65,
data,127,1.6064660562075516e-57,1.3800732014545964,-1.2994575800858146,-1.3294393998435108,1.7734585258904405,1.205669565971348,6,0.5317460317460317,cluster-0,1.0,1.9036442511373072e-79,1.528224074075833e-98,3.4119144162662064e-72,1.1839791899853984e-59,
data,127,2.6099876195381345e-41,1.4873824310724832,-1.0912798783910556,-1.1212616981487518,1.4024051456000861,1.2933947666614718,8,0.5714285714285714,cluster-0,1.0,3.7325375393598887e-54,4.464618473104221e-78,1.8979059174240947e-52,2.662385041590963e-43,
data,92,1.0832202077852066e-35,1.4436537383106156,-1.4514384062393852,-1.4928263530788137,1.7010625756305195,0.9110648253330593,11,0.5824175824175825,cluster-0,1.0,1.2719937794910564e-37,1.0811544069380429e-68,2.852112910861833e-40,9.027430571528386e-45,
data,127,2.944094488994465e-52,1.4253414452169764,-1.3534893125999632,-1.3834711323576594,1.4632581575648989,1.2256879050201706,9,0.6666666666666666,cluster-0,1.0,1.9705629834892614e-80,1.965224566063739e-81,2.3844492866776722e-54,5.767142099996517e-63,
data,127,3.512352718589451e-33,1.503449449072342,-1.4300570750799704,-1.4600388948376668,1.1345890075203005,1.3053148197442832,13,0.6190476190476191,cluster-0,1.0,1.3004588606002352e-62,2.6380945720209586e-63,8.337588858434142e-51,4.4404104216432136e-35,
data,127,1.1083180401022536e-38,1.5270851741951263,-1.5411963275098426,-1.5711781472675388,1.0043286901759352,1.2875672468773705,18,0.7380952380952381,cluster-0,1.0,2.379689587775093e-45,4.0350615487490348e-56,1.205764055017429e-40,3.2938807774661378e-52,
data,90,1.225095419500979e-50,1.3496710840304202,-1.597347174750434,-1.6396548537418498,1.8419601440429687,0.84870282014765,3,0.5955056179775281,cluster-0,1.0,3.984098184146429e-56,1.009761063126688e-72,7.318642395498497e-53,2.8599055940338003e-53,
data,100,8.792501400555708e-32,1.5152584332773016,-1.3671064758300782,-1.4051833869223522,1.0599494934082032,1.0352113493106843,9,0.6161616161616161,cluster-0,1.0,9.26783710085132e-47,2.0543338221486484e-45,6.052714440164225e-37,1.1587138410544914e-33,
data,127,3.103395827709883e-17,1.5341248306485282,-1.9693863035187007,-1.999368123276397,1.129828505628691,1.2715164042282705,18,0.626984126984127,cluster-0,1.0,3.047583093247829e-46,4.8290059729441673e-63,7.43453331927686e-19,1.880934142971148e-35,
data,119,1.442349581626496e-41,1.461631032029001,-1.4541274639738708,-1.4861248682530928,1.6198643275669642,1.2012581246314327,16,0.6016949152542372,cluster-0,1.0,6.706075153643395e-55,1.9218587775568425e-84,1.4623657237948329e-43,1.8993646019663945e-49,
data,127,1.3292108623701581e-42,1.5244400962961904,-1.7124477596733514,-1.7424295794310476,1.0413844791922982,1.2494417083268643,12,0.6746031746031746,cluster-0,1.0,3.647735398344162e-58,2.262906102786283e-46,1.291680131886595e-44,7.551898217822665e-49,
data,127,3.826176275944004e-75,1.311563878232828,-2.2728158545306347,-2.302797674288331,1.7920553853192671,1.1217298732004484,5,0.5873015873015873,cluster-0,1.0,1.153929938090429e-97,1.4403559504631248e-99,1.4201740797367813e-77,7.394120113426903e-78,
data,127,6.481628351867842e-53,1.3917770563740102,-1.58260783998985,-1.6125896597475462,1.6823736476147269,1.2165275218170477,5,0.6746031746031746,cluster-0,1.0,1.572651574625534e-89,1.6143952064640082e-93,7.037834658242515e-62,5.185454439302615e-55,
data,127,9.782837706193758e-51,1.4093862097297156,-1.3763174222210262,-1.4062992419787224,1.6659280371478224,1.241881427781569,9,0.5396825396825397,cluster-0,1.0,1.6282086217456338e-67,1.3033890550867557e-92,8.156566294526465e-53,3.6235979234799966e-76,
data,127,1.0828333684197588e-18,1.557632295200996,-1.5817445770023375,-1.611726396760034,0.8980181836706449,1.3234521032348536,25,0.7222222222222222,cluster-0,1.0,6.244421016032742e-44,2.9474645420860353e-50,2.3958147101153763e-20,8.5225747968429e-24,
data,127,3.341232649352511e-54,1.405832147755249,-1.472767386849471,-1.5027492066071673,1.7044515534648743,1.2254611974106355,5,0.5317460317460317,cluster-0,1.0,2.267627120009076e-81,9.778993302024292e-95,1.533955697830821e-58,2.5945599887489685e-56,
data,127,2.1776135206073228e-68,1.2602335880407838,-1.5511438564991389,-1.581125676256835,2.1075737420029528,1.1624487801953627,2,0.5476190476190477,cluster-0,1.0,6.990274215976571e-111,5.700709529357721e-117,1.3535789571118426e-70,2.3919220659140473e-82,
data,127,3.1261143995851135e-40,1.4659897533016244,-1.7288335364634597,-1.758815356221156,1.5011959526482528,1.2452070081324624,9,0.5793650793650794,cluster-0,1.0,3.3864502380197975e-63,1.5883198067306803e-83,3.1627992004691765e-55,3.2726307410151186e-42,
data,117,1.277236709589867e-56,1.3526993281378619,-1.5977916228465545,-1.6303359913014897,2.05260500133547,1.1030821016385868,10,0.5775862068965517,cluster-0,1.0,9.560512517639616e-59,5.036188812962878e-105,8.098724512790477e-65,5.531092598217198e-73,
data,127,2.8187270257123896e-63,1.3758312695524995,-1.5866928701325664,-1.6166746898902626,1.7983644740788016,1.194094337758406,13,0.5476190476190477,cluster-0,1.0,1.662985256014993e-81,6.463823988826732e-100,7.076262680513162e-66,1.1753265915864132e-65,
data,85,2.4880517109631804e-43,1.3413067207378135,-1.5614105224609376,-1.6062068884518483,2.160498944450827,0.7953780575741873,5,0.5833333333333334,cluster-0,1.0,1.824607488632596e-51,1.758387438977982e-80,1.1518570538247953e-47,2.409651812452118e-45,
data,127,1.2514217897515968e-66,1.2746533930101973,-1.6653892937607653,-1.6953711135184615,2.091461542084461,1.139922244111137,7,0.6031746031746031,cluster-0,1.0,7.59725499471783e-111,4.4116772351435035e-116,7.98093928140623e-69,7.437207168887385e-77,
data,127,2.0152138479780516e-11,1.4918686783915,-1.7878927396038387,-1.8178745593615109,1.7031740203617127,1.2717448673161225,19,0.7142857142857143,cluster-0,0.9999999999993179,1.7711603927989927e-40,1.1501566557650401e-94,6.95503309576969e-13,2.573112918872413e-33,
data,109,1.1737240486542522e-36,1.4858117792005807,-1.4352834159081136,-1.4702163618643285,1.267982692893492,1.1285016676660637,12,0.48148148148148145,cluster-0,1.0,2.1275033958082968e-57,9.464776274510004e-61,1.342309141330835e-38,3.411616829664506e-41,
data,127,4.137694089299568e-38,1.4663668226879303,-1.6274465726116512,-1.6574283923693474,1.4334828534464197,1.2657602905652534,13,0.6428571428571429,cluster-0,1.0,8.623448406435304e-80,5.343250271989473e-76,5.6384870493778284e-42,4.5080030884667275e-40,
data,127,2.697681473772375e-40,1.41480683857533,-2.029051773191437,-2.059033592949133,1.8257177157664861,1.2085101008385903,15,0.5714285714285714,cluster-0,1.0,2.9260500245323337e-69,2.0035978512474236e-101,2.8197207933380452e-42,1.2093687865447247e-66,
data,118,2.488122532532943e-38,1.4841029091391025,-1.4174839601678364,-1.4497525288901025,1.6167986595024495,1.2146390562127864,13,0.6495726495726496,cluster-0,1.0,6.400952648103876e-42,1.3942001716909556e-83,2.658299298040517e-40,5.149137818773011e-43,
data,127,2.2861957901427005e-63,1.3841035569576183,-1.6621777391809178,-1.692159558938614,1.5613952396422859,1.2136997528547568,11,0.6111111111111112,cluster-0,1.0,4.216948746748797e-86,7.5966522430578445e-87,1.5318392765772801e-65,3.434142225671973e-70,
data,127,1.7235673378464889e-09,1.5706311179756431,-1.643198809285802,-1.673180629041072,0.8459734578770914,1.304710145658197,30,0.7301587301587301,cluster-0,0.9999999999292868,6.2131485477930935e-30,2.1877425656552874e-47,7.071846146094775e-11,1.3521329318158754e-19,
data,127,7.329987730419125e-42,1.473149937816021,-1.334526602677473,-1.3645084224351691,1.1955815112496924,1.2612417488198233,14,0.7063492063492064,cluster-0,1.0,6.175982736667297e-66,1.1408392877958004e-66,7.380552216191031e-44,1.0242312175278904e-65,
data,91,7.286510071024216e-48,1.3130583244689757,-1.5688645918290693,-1.610707351271129,2.0534699827760132,0.8456666929138821,1,0.4444444444444444,cluster-0,1.0,7.147909990934559e-67,7.002093619901181e-82,6.432061252864789e-50,8.556388111881002e-54,
data,127,4.2312967401496167e-42,1.4719677826139206,-2.0676139771468995,-2.0975957969045957,1.3895287701464074,1.256638386422592,4,0.6825396825396826,cluster-0,1.0,1.0764851151289051e-65,2.2907937012483514e-77,3.372426852060629e-54,4.2368073821485494e-44,
data,125,1.4723037989439493e-25,1.5284310701760622,-1.6322413330078125,-1.662702861881632,1.0452801513671877,1.248812435917095,15,0.6209677419354839,cluster-0,1.0,2.2071475680901725e-55,1.7991806732758795e-57,1.337035170234027e-38,2.402056440799091e-27,
data,127,3.802533306417964e-66,1.3551440027960748,-1.456386536125123,-1.4863683558828193,1.9326719749630905,1.1963990201806722,3,0.5873015873015873,cluster-0,1.0,1.6104803318459925e-74,2.527584566858256e-107,2.442486427723904e-68,2.7534509255783458e-76,
data,127,1.4241864496633636e-31,1.4885831670926346,-1.5136735570712352,-1.5436553768289314,1.253682053933932,1.2918264508900101,15,0.7142857142857143,cluster-0,1.0,2.37491340615027e-65,7.123047546024173e-70,1.8901283536039166e-33,2.890131263161389e-53,
data,127,1.523322960459151e-32,1.4963373423329602,-1.2433434433824435,-1.2733252631401397,1.2185944084107407,1.3140860814677855,6,0.5873015873015873,cluster-0,1.0,1.332935991981851e-60,6.13675717613586e-68,1.962701802731886e-34,3.339908088777989e-54,
data,127,1.9810440734580753e-27,1.5297082587398416,-1.3986517237866019,-1.428633543544298,1.2670291690375861,1.3251393477956448,22,0.7142857142857143,cluster-0,1.0,1.325964121499476e-43,1.3076766876822411e-70,6.1493896847963826e-30,2.3781843674584123e-29,
data,127,1.0549450131462194e-58,1.3702947308585165,-1.3702024925412155,-1.4001843122989117,1.902155838613435,1.225211470977274,5,0.6111111111111112,cluster-0,1.0,2.2891089205766158e-76,1.2185276193036517e-105,7.620959973658059e-61,3.942171872447732e-73,
data,105,3.4219063833723864e-11,1.5155487427631416,-2.0999689011346727,-2.1362326259843964,1.6187799362909225,1.0728432573800015,27,0.7596153846153846,cluster-0,0.9999999999988063,1.110957003854183e-13,1.5210540842752029e-74,1.078236176172522e-12,5.229622453686467e-22,
data,109,2.231742528077445e-28,1.4964445906546198,-1.5753946566800459,-1.6103276026362607,1.4821432971079413,1.129738267702662,7,0.7037037037037037,cluster-0,1.0,1.1145821211025923e-43,6.888974381238292e-71,3.287415250797081e-30,1.2340443665484198e-37,
data,127,2.609022717938531e-49,1.434792121355285,-1.3181110291969118,-1.3480928489546082,1.519892054279958,1.2633640323355682,7,0.6031746031746031,cluster-0,1.0,1.4782469876641678e-84,2.52022627536311e-79,2.235931088810926e-51,1.0615536806925692e-54,
data,103,9.245797374159309e-46,1.3865214794908882,-1.6854692477624393,-1.7224371226093074,2.0939778448308557,0.9448540329917798,7,0.5882352941176471,cluster-0,1.0,5.098616912020071e-56,2.1453028342045693e-94,6.714520713971362e-48,1.775807700836622e-48,
data,115,1.1047446897196722e-50,1.403522623410238,-1.4004606827445651,-1.433571040216108,1.578122611667799,1.1159993503281722,5,0.6228070175438597,cluster-0,1.0,1.9155617482674878e-79,1.522147253459236e-79,4.237594004630438e-54,8.782153040564654e-53,
data,127,2.3705793300445734e-25,1.5118767872002827,-1.8977694774237204,-1.9277512971814168,1.3856539989080954,1.2955491959513425,13,0.7936507936507936,cluster-0,1.0,1.9328381235180488e-44,3.747145309236188e-77,3.898387054025505e-27,1.699949757153081e-43,
data,127,4.350567051708959e-44,1.436177406099376,-1.5526815099040354,-1.5826633296617316,1.7496068759227363,1.2448608152535656,15,0.746031746031746,cluster-0,1.0,8.032048681985209e-66,3.1603436706969744e-97,4.1635187361871256e-46,2.5848871301684764e-57,
data,127,1.3071990178659358e-50,1.3612615189075297,-1.346500426765502,-1.3764822465231983,2.0089423712782972,1.1861200732415251,9,0.5793650793650794,cluster-0,1.0,3.9404849417042647e-82,1.5702960524066713e-111,1.0925564254627846e-52,1.3071466949752087e-72,
data,127,2.6693198562545393e-45,1.5078924257409463,-1.658225953109621,-1.6882077728673173,1.1145324707031248,1.2566443428076322,17,0.5714285714285714,cluster-0,1.0,1.6450787065905476e-51,3.369121359999042e-62,1.1452027619810568e-53,2.487297143429624e-47,
data,127,1.9764900288568856e-54,1.3015193272558292,-1.5487017293614664,-1.5786835491191629,2.0531539316252463,1.1543631997082944,8,0.6190476190476191,cluster-0,1.0,5.721043878113292e-114,2.5766928451178573e-112,1.537953233887561e-56,5.339674956278946e-72,
data,127,1.0284433083106542e-54,1.3828775708693097,-1.8114734559547243,-1.8414552757124207,1.6922768420121803,1.1986127083987301,16,0.5793650793650794,cluster-0,1.0,4.5898154022703487e-94,3.2585664774520396e-87,7.96176991325345e-57,5.499545001969078e-69,
data,127,7.385138327480466e-61,1.3902782557461362,-1.385615671713521,-1.4155974914712173,1.6249907486082062,1.2314039285412766,3,0.5555555555555556,cluster-0,1.0,9.913084242913305e-79,2.3604051929353928e-90,5.149163989523843e-63,1.9199360087420692e-72,
data,127,2.1768836277782256e-63,1.3031848265892247,-1.4775919275959646,-1.5075737473536608,2.016114242433563,1.1656877398431515,5,0.5396825396825397,cluster-0,1.0,3.206859426405363e-95,6.315592819830147e-112,1.4581492688116589e-65,1.205530713639353e-83,
data,127,2.964804294118621e-22,1.455266410054521,-1.8680145984559546,-1.8979964182136508,1.6360055517962597,1.247217907357297,22,0.6666666666666666,cluster-0,1.0,3.886339220769698e-60,5.827210336191669e-91,5.536444648760533e-24,4.708881556144008e-59,
data,127,5.931293086928221e-67,1.3840305667809676,-1.0532251793568528,-1.083206999114549,1.5302865336260458,1.2435197911857945,3,0.5793650793650794,cluster-0,1.0,8.814160214898798e-78,3.948529116467066e-85,3.7646402305009547e-69,1.3101036257231005e-77,
data,95,1.3139342134718e-09,1.5165561998015087,-1.909747956928454,-1.949828915970509,1.3576229697779605,0.9628721370221718,15,0.7021276595744681,cluster-0,0.9999999999467093,7.858627176568591e-36,9.710115446739222e-57,5.3292385230313945e-11,6.937599116805713e-20,
data,127,1.7662495971243898e-85,1.2041104176610424,-1.450589157464936,-1.4805709772226323,2.2020688995601625,1.1209694905127268,2,0.5,cluster-0,1.0,3.07910386529502e-103,3.4995384946609465e-122,1.0892896090336335e-97,8.811358697721466e-88,
data,127,1.8164856241272514e-37,1.5125852447979753,-1.9091561385027067,-1.939137958260403,1.310190996785802,1.282514595181448,13,0.6507936507936508,cluster-0,1.0,2.830957725768806e-45,5.4436794230541475e-73,6.47518471084925e-45,2.0389596871775353e-39,
data,127,1.8800235960865064e-51,1.3682151124965343,-1.5045296976885458,-1.534511517446242,2.0986812321219857,1.199244681897389,5,0.6349206349206349,cluster-0,1.0,2.3152948253889687e-78,1.763594944322403e-116,1.5460554682798476e-53,2.286764060121005e-66,
data,127,7.176149879625361e-41,1.4530560478833918,-1.7308174193374755,-1.7607992390951717,1.5029164712260088,1.2492281341820877,11,0.7063492063492064,cluster-0,1.0,2.1811772302070083e-61,1.2765624416564758e-83,7.397326976337604e-43,5.939132310358936e-67,
data,127,1.4849141825910301e-64,1.3385873905961907,-1.7540094570850764,-1.7839912768427726,1.9389774592842643,1.1666499153867402,9,0.6111111111111112,cluster-0,1.0,1.134812706777129e-107,2.8373227221629942e-92,9.688088618496655e-67,7.844986869854836e-69,
data,127,8.084222558815381e-41,1.4796569469862875,-1.8891615980253444,-1.9191434177830407,1.5251868540846458,1.2224375403000476,17,0.6428571428571429,cluster-0,1.0,8.343731690857553e-43,7.545885408836595e-85,9.273981300199712e-49,1.8110400727617746e-55,
data,126,7.153798809835755e-50,1.3855470713976332,-1.8149197290814112,-1.8451394997895654,1.7257001362149678,1.1844238775017524,3,0.64,cluster-0,1.0,1.9975790400073915e-91,3.696426977596126e-95,6.066051606585155e-52,7.106683315450083e-62,
data,118,4.557440519070547e-65,1.3526749064205603,-1.8576899383027674,-1.8899585070250338,1.8008905184471,1.0927163775213207,4,0.5641025641025641,cluster-0,1.0,2.5639561848686016e-67,5.131163680118151e-93,6.265815071552792e-77,4.034544383587979e-68,
data,99,5.590165393448316e-51,1.3043903341301915,-1.4965570623224431,-1.5350185886782757,2.3207449864859537,0.9066892552868315,3,0.6122448979591837,cluster-0,1.0,5.556245298060127e-70,1.6565806644651134e-100,4.603500800295102e-53,3.3867740768301896e-55,
data,127,3.7957301052932765e-39,1.500022795651816,-2.13256187138595,-2.1625436911436458,1.322755828617126,1.218434011796054,19,0.7222222222222222,cluster-0,1.0,4.081426568428727e-41,1.1037589197204773e-73,2.099306703058202e-46,7.894697607029974e-55,
data,118,5.012687426081257e-43,1.3664407695825278,-1.772185374114473,-1.8044539428367392,2.123916238041247,1.135266209407224,5,0.6923076923076923,cluster-0,1.0,1.557914264820856e-75,1.4328408005917055e-109,4.913224174665688e-45,1.5998549400643247e-61,
data,127,4.3483313698371065e-28,1.5118122660214783,-2.276053361066683,-2.306035180824379,1.0996807428795523,1.2657469147248017,24,0.6190476190476191,cluster-0,1.0,2.4656560712110375e-53,2.2216192611848974e-61,6.46972813719622e-30,2.6643282851429177e-56,
data,127,5.910726875818613e-21,1.5008177364418984,-1.7326941302442176,-1.7626759500019138,1.45491111935593,1.2877720746012682,18,0.7698412698412699,cluster-0,1.0,8.07246799960953e-52,5.672786109070935e-81,1.1704529898579335e-22,1.0541568300769116e-39,
data,127,2.4398173957856284e-19,1.5234320015015572,-2.0464078647883857,-2.076389684546082,1.2746747835414616,1.3062296367775776,18,0.6825396825396826,cluster-0,1.0,3.472904564469871e-45,4.9522602712295435e-71,5.224341185083906e-21,1.2377405754070245e-37,
data,127,9.83776013929633e-44,1.427884391744519,-1.4121207890548104,-1.4421026088125068,1.6414726437546137,1.2544730766673002,15,0.6111111111111112,cluster-0,1.0,8.693742310695066e-71,2.9101880631936356e-91,9.489613142722802e-46,8.255335081447039e-66,
data,127,7.932244584420137e-34,1.4637879812298857,-1.60274787962906,-1.6327296993867562,1.3742130309578002,1.261603867767013,15,0.7380952380952381,cluster-0,1.0,7.535895880990927e-72,1.6022551985160054e-76,9.840696416076048e-36,4.6513082700230164e-58,
data,127,1.931812468242878e-36,1.4725383568473478,-1.6448522853100394,-1.6748341050677356,1.5118980107344981,1.2755055762496137,17,0.7619047619047619,cluster-0,1.0,9.081894294004879e-69,4.0800141160186894e-84,2.1332207947310507e-38,9.059433149281612e-40,
data,127,1.6479118112705812e-52,1.3821626316863231,-1.2652337982898623,-1.2952156180475585,1.7420529343011812,1.2313001031919013,6,0.5873015873015873,cluster-0,1.0,8.248499987945554e-97,1.5437947400808538e-95,1.3266802091462793e-54,1.5852295239535408e-57,
data,127,8.436326870688639e-70,1.3494308277383165,-1.3062735730268824,-1.3362553927845786,1.5605717456246926,1.2136806710668662,1,0.5793650793650794,cluster-0,1.0,2.4977650615062093e-85,8.434170712817633e-87,5.13942659014909e-72,9.142083558852525e-87,
data,127,3.7215641840165615e-53,1.4480326937218093,-1.6797658364603838,-1.70974765621808,1.53141700564407,1.2559194447858586,8,0.5952380952380952,cluster-0,1.0,1.7066062044268031e-62,3.4204536473333905e-85,2.9640203399767766e-55,5.085009948264158e-60,
data,118,2.728609373301366e-52,1.3732103338637085,-1.2729682275804424,-1.3052367963027085,1.911288115937831,1.1392269190695705,3,0.6153846153846154,cluster-0,1.0,2.7249602858118964e-73,1.129010327670577e-98,2.2085552129636974e-54,4.426440950352421e-65,
data,127,1.5305738386292464e-33,1.5082170417703282,-1.5947113037109375,-1.6246931234686337,1.2460227425642838,1.2552292320543545,16,0.7142857142857143,cluster-0,1.0,4.2386480979886493e-60,1.884161908065077e-69,1.905924877065669e-35,8.046147236012969e-38,
data,127,2.419277579859211e-74,1.3080145964163359,-1.1650418259027435,-1.1950236456604397,1.9427551509827143,1.1820325367790265,1,0.47619047619047616,cluster-0,1.0,2.7275553888460524e-84,7.023669965583136e-108,1.38505032778106e-76,4.0256829939055006e-86,
data,127,4.809288161741242e-48,1.4399589879500994,-1.6850151001937745,-1.7149969199514707,1.6900488185131644,1.2176687097159156,8,0.6507936507936508,cluster-0,1.0,4.230044078166218e-50,6.090917884213637e-94,2.2355097748897434e-54,7.622739358134264e-67,
data,127,2.9036178080285187e-31,1.430888111662235,-1.8805525171475148,-1.910534336905211,1.468347744678888,1.19380301948055,14,0.7301587301587301,cluster-0,1.0,1.0296603167634369e-81,7.0111580287069635e-81,3.890857623149347e-33,1.2415289902367793e-66,
data,127,1.910474470769462e-46,1.433524156242788,-1.4619836281603715,-1.4919654479180677,1.4171893502783586,1.2396204182591775,15,0.6349206349206349,cluster-0,1.0,6.017486108742566e-76,6.828976857917828e-79,1.737240551954139e-48,7.964880569334149e-69,
data,127,2.344198755389714e-16,1.5600916977132362,-1.5955028383750616,-1.6254846581327578,0.9551827738604208,1.36641405256378,24,0.6904761904761905,cluster-0,1.0,4.038059090743843e-36,2.0725871305266452e-53,5.909246019215443e-18,1.1508948847727548e-25,
data,119,1.2585422958378584e-77,1.1868610290730777,-1.3524566137490153,-1.3844540180282372,2.0984983043510375,1.0524566614403041,1,0.5847457627118644,cluster-0,1.0,3.5271032273610196e-109,1.6973340559628782e-108,6.904649413771596e-80,1.3641206135869431e-95,
data,127,3.858248053324399e-29,1.5007834779248765,-1.3701449416753815,-1.4001267614330777,1.3678227221871921,1.326571517972245,20,0.626984126984127,cluster-0,1.0,9.568444489795356e-56,3.6073785667689827e-76,5.5380091401966445e-31,4.03570193817247e-44,
data,115,4.7796524962497394e-36,1.4102225103876778,-1.5089283818783967,-1.5420387393499395,1.6130795686141306,1.1132308210770776,6,0.543859649122807,cluster-0,1.0,1.1326687281784195e-75,2.7325688621196607e-81,5.571957749407616e-38,2.1556999580221316e-61,
data,127,3.5298743722117694e-72,1.3426335882835108,-1.196928009273499,-1.2269098290311953,1.7270313172828495,1.1694787862369975,4,0.5396825396825397,cluster-0,1.0,1.543147863408049e-79,5.557740454053183e-96,5.738680135753462e-85,2.080557721041435e-74,
data,127,8.475936892644378e-61,1.4147485114856806,-1.5170101856622171,-1.5469920054199133,1.455986323319082,1.2387470986478153,3,0.5634920634920635,cluster-0,1.0,4.948722542214223e-81,9.193350152178997e-80,5.818585958450823e-63,9.346499328342147e-65,
data,108,4.001722961420586e-35,1.4767795618659376,-1.6365735089337383,-1.6718299080932515,1.3357812386971932,1.062238141623913,18,0.6728971962616822,cluster-0,1.0,3.4678527673705797e-57,2.222176407383907e-63,1.3592161240982467e-44,4.785023662704843e-37,
data,127,2.4507274589485708e-74,1.32365162375596,-1.4497508852500616,-1.4797327050077578,1.9815732700618232,1.167367961152424,3,0.6587301587301587,cluster-0,1.0,1.034512913099723e-77,5.0761592957108154e-110,1.2975656014911558e-76,1.6379526829854819e-81,
data,127,1.0332701656364395e-32,1.5227008235068098,-1.9077632633719857,-1.9377450831296819,1.0171240859144315,1.2495528964546994,19,0.6746031746031746,cluster-0,1.0,7.945386053267245e-57,8.584954370818847e-56,4.495345794202086e-48,1.324590030562777e-34,
data,127,2.7359131273132075e-31,1.5105231398102201,-1.7735622135672982,-1.8035440333249944,1.2643922820804625,1.2795530229415757,16,0.7301587301587301,cluster-0,1.0,7.006988792426347e-58,1.8278431868702034e-70,3.662939006717908e-33,2.039755274672413e-37,
data,127,2.2021629996074694e-71,1.3557236685138303,-1.876744908610667,-1.906726728368363,1.69355701837014,1.198684555215247,4,0.5555555555555556,cluster-0,1.0,9.810296542136028e-74,3.9010954894876477e-94,3.2680364730976373e-74,7.571143482616449e-85,
data,127,3.0172033868797193e-22,1.4821683901870801,-1.7049099178764764,-1.7348917376341726,1.372248852346826,1.2660811777269574,23,0.6984126984126984,cluster-0,1.0,1.279411472692325e-65,2.0562065806197874e-76,5.636173161761081e-24,9.29409746653062e-49,
data,127,2.6714741154263345e-27,1.4689487474947414,-2.0318685216227856,-2.0618503413804814,1.4353887603038875,1.2448958309850622,12,0.6428571428571429,cluster-0,1.0,6.76955180025565e-80,7.720938235026144e-71,4.0868732732708353e-29,1.6060336840043646e-50,
data,127,5.70805504770861e-42,1.507215521968482,-0.972868911863312,-1.0028507316210082,1.2596654216135579,1.3029925705228487,14,0.6507936507936508,cluster-0,1.0,2.1400939982006833e-51,3.3315843267987724e-70,8.113305287924747e-46,5.647393113884347e-44,
data,127,7.984158605841369e-59,1.408807768356785,-1.6405418576218012,-1.6705236773794974,1.5011707215797243,1.2061803496955603,10,0.5793650793650794,cluster-0,1.0,4.678824061379552e-79,1.5934174954952604e-83,5.756114574873116e-61,8.134748741536936e-69,
data,127,2.838161775500911e-50,1.4458048314782908,-1.5658971831554502,-1.5958790029131464,1.6787636824480192,1.2560592841453386,8,0.5634920634920635,cluster-0,1.0,2.2471571412477575e-52,2.553400442105156e-93,3.062522057598789e-62,1.3615191728817178e-53,
data,127,7.766253006026241e-52,1.4105773222289062,-1.8976268618125616,-1.9276086815702578,1.6033417709230435,1.168674836160505,13,0.6666666666666666,cluster-0,1.0,6.626885147973531e-85,3.690154655535915e-89,1.5199346450172651e-59,6.340159853641512e-54,
data,127,7.729474375673445e-27,1.5155855661945563,-1.5895672895776944,-1.6195491093353906,1.1794872133750616,1.2871902306460332,14,0.6666666666666666,cluster-0,1.0,4.511053645649382e-60,8.808701493123009e-66,2.6325915553811573e-36,1.2023174346394726e-28,
data,127,6.963942895051078e-50,1.4432397706614994,-1.48834228515625,-1.5183241049139462,1.63700782595657,1.2198947116117982,11,0.6428571428571429,cluster-0,1.0,3.2589369385070134e-66,5.130738294959919e-91,5.895139541263146e-52,8.04353049381519e-55,
data,127,6.855793543687079e-36,1.4744170204188762,-1.7376591239388532,-1.7676409436965497,1.4400973582830954,1.2376555758735364,12,0.6190476190476191,cluster-0,1.0,9.46163082420858e-62,3.722676644240564e-80,8.026404807595076e-38,9.398133044624444e-56,
data,127,6.635237076987442e-51,1.480817810870391,-1.3911395936500368,-1.4211214134077332,1.2928720309039738,1.2689338558320782,17,0.5634920634920635,cluster-0,1.0,5.429905506985005e-59,4.910514737173657e-72,3.062067253590377e-54,5.198095337901366e-53,
data,127,1.0226079322390357e-63,1.3105300123151091,-1.5387099859282727,-1.5686918056859689,1.8067213644192912,1.1718101233875364,3,0.5396825396825397,cluster-0,1.0,3.145728221276367e-98,2.2364639350817821e-100,6.815047147434692e-66,1.1759323162453317e-87,
data,127,8.023426582022835e-62,1.3974364273931654,-1.5658091147114912,-1.5957909344691874,1.4952044149083417,1.201630088232979,3,0.6111111111111112,cluster-0,1.0,3.399410469098339e-83,1.7193772559346213e-74,5.5083562868776275e-64,7.26220164600438e-79,
data,127,9.519069687770942e-28,1.4731520608440227,-1.472911924827756,-1.5028937445854522,1.6283800019992616,1.2939084803153702,17,0.6111111111111112,cluster-0,1.0,6.161712778183009e-54,1.53479698591238e-90,1.4332708669806795e-29,1.5701814612765715e-52,
data,127,7.664221478185431e-29,1.394437019339151,-2.5394051619402065,-2.5693869816979027,1.6808438038262796,1.1692707272051122,20,0.6111111111111112,cluster-0,1.0,1.3225461821819947e-70,1.9606000267881877e-93,1.1112059380126713e-30,7.305095861575229e-88,
data,127,6.478292299477147e-19,1.4974557881043216,-2.283839428518701,-2.3138212482763967,1.5607362281619093,1.2701254205169907,14,0.6587301587301587,cluster-0,1.0,4.924923378630179e-49,8.259814370039111e-87,1.4174819681572842e-20,1.6812286840421092e-35,
data,127,6.384352635385614e-47,1.4682404873798238,-1.6617090420460139,-1.69169086180371,1.2235073780450296,1.2447743604328079,18,0.6904761904761905,cluster-0,1.0,3.288229624453589e-68,2.7862499615810797e-67,5.74763633046638e-49,1.0858483719012175e-63,
data,127,8.0452912448161575e-50,1.4508557024775732,-1.5847301332969366,-1.6147119530546328,1.4041845366710755,1.252617534653981,13,0.6111111111111112,cluster-0,1.0,1.4959471300169026e-75,3.561568708667483e-78,6.745108232662521e-52,8.001516069562584e-54,
data,127,1.8145330081248925e-39,1.4393159702537128,-1.6091065894900345,-1.6390884092477307,1.5792068121001475,1.2648304380523565,8,0.6666666666666666,cluster-0,1.0,6.028014771056463e-74,7.910753581868078e-88,1.3325452019527028e-59,1.9355932363420955e-41,
data,127,9.062441866649115e-41,1.472752342107551,-1.6565825695127954,-1.6865643892704916,1.294087327371432,1.2311488060847218,15,0.7380952380952381,cluster-0,1.0,4.2082046987791747e-72,2.324016181324305e-66,9.364519642292928e-43,3.6558949924624026e-60,
data,127,6.783047395644236e-63,1.3733479804813746,-2.180406465305118,-2.2103882850628143,1.5856885534571852,1.161268913624943,14,0.6031746031746031,cluster-0,1.0,5.486461222251866e-87,3.473080298951227e-88,3.016782338141922e-75,4.578603695759681e-65,
data,127,8.736098460151108e-27,1.5472637402270606,-1.6249450923889641,-1.6549269121466603,1.0282108577217641,1.293631042762864,12,0.7063492063492064,cluster-0,1.0,8.679568582932919e-39,1.943657232956904e-57,1.3615312981048285e-28,2.0346950610806694e-38,
data,127,4.316215361741555e-53,1.2850820761301789,-1.4833232248861958,-1.513305044643892,1.9388744924950787,1.1723102574119424,7,0.5317460317460317,cluster-0,1.0,1.1497498574884872e-107,8.289626922279855e-106,3.441788158438941e-55,9.882345180689278e-95,
data,127,5.640158608177207e-73,1.3330835534025713,-1.226427573857345,-1.2564093936150411,1.7275793120617005,1.1849742488595476,3,0.48412698412698413,cluster-0,1.0,3.288656966591088e-75,5.184100241605348e-96,3.25580063677269e-84,3.892060998966229e-85,
data,127,1.4701078225972145e-51,1.3818270835216484,-1.81370304137703,-1.8436848611347263,1.7460489348163755,1.1787498658964912,14,0.5158730158730159,cluster-0,1.0,4.965625635599048e-97,9.327356042600653e-91,1.7510119473236978e-64,1.206496841594392e-53,
data,127,3.279216059705678e-23,1.5651971460923835,-1.5745710237758366,-1.6045528435335328,0.8843513548843505,1.3093340851987316,22,0.7063492063492064,cluster-0,1.0,5.854634243563594e-25,1.6720450973461323e-49,2.0309919468605175e-27,3.1915800146989787e-35,
data,127,1.2267387314270763e-33,1.5320491118496267,-1.5755456639087106,-1.6055274836664069,1.1285162497693157,1.2972149125230974,29,0.5873015873015873,cluster-0,1.0,3.7233697368787594e-44,5.704738458032302e-63,1.5302623515278453e-35,3.5602094562630804e-41,
data,127,9.749617092265793e-48,1.3865485247227147,-1.5525343286709523,-1.5825161484286485,1.9400090495432454,1.2065602199221335,8,0.6428571428571429,cluster-0,1.0,1.1709192115761995e-64,9.954659682679784e-108,8.629964292416595e-50,2.324435252240872e-79,
data,127,8.390935738748074e-33,1.4640943371702606,-1.9716236985574558,-2.0016055183151518,1.3202704482191192,1.252333168300864,19,0.6904761904761905,cluster-0,1.0,2.127356228388031e-73,1.5134092158151978e-73,1.0727675393061076e-34,1.0442363654346821e-59,
data,127,1.2277348675425712e-52,1.4315999568825348,-1.5602880763256644,-1.5902698960833606,1.6555908683716782,1.2229228862680506,7,0.6507936507936508,cluster-0,1.0,1.8886109494047927e-67,4.8442298365805104e-92,1.1924461848738741e-59,9.872900099901578e-55,
data,127,1.0220444331485118e-35,1.5003106263311503,-1.7782281590258981,-1.8082099787835944,1.2046113502322218,1.2436732787760847,12,0.6587301587301587,cluster-0,1.0,3.361289795391559e-55,3.623932459880958e-67,1.202243133991638e-37,1.6769128919734464e-56,
data,127,3.507057546107259e-57,1.3781911398606959,-1.531963438499631,-1.5619452582573272,2.1521306075449065,1.1934314587923462,9,0.5714285714285714,cluster-0,1.0,3.6925578959465144e-69,1.987820690196618e-119,2.5837212164437395e-59,1.5377439965624006e-61,
data,127,9.24302469374711e-54,1.3882259528698206,-1.21510399044968,-1.2450858102073763,1.8412482794814222,1.2286563963790145,9,0.5714285714285714,cluster-0,1.0,1.079495794354466e-79,2.787507956834767e-102,4.371734979791588e-65,7.280288431272602e-56,
data,127,1.34479955290784e-29,1.5003871652396614,-1.5317168949157234,-1.5616987146734196,1.2771363746462845,1.293906875881515,16,0.6190476190476191,cluster-0,1.0,3.622708760860153e-71,1.9195503217322126e-62,1.9011072256848543e-31,4.709207309744513e-43,
data,127,1.1083723391978064e-44,1.4472161021686372,-1.9594124621293676,-1.9893942818870638,1.537278663455032,1.231091604422436,15,0.7222222222222222,cluster-0,1.0,1.2336624828954402e-68,1.6247316207897873e-85,1.0468876571382413e-46,8.00411707367089e-60,
data,127,8.192231166969648e-49,1.457438954275538,-1.3643623412124755,-1.3943441609701717,1.6023066963736468,1.2459805533032324,12,0.5476190476190477,cluster-0,1.0,5.576505394609795e-54,4.208569640087909e-89,7.088555544455374e-51,4.964623089792147e-59,
data,100,7.83472416793902e-76,1.1521876755200764,-1.9705218505859374,-2.0085987616782117,2.1349462890625004,0.8579601810128716,1,0.48484848484848486,cluster-0,1.0,1.9074833247456056e-93,5.557630215652669e-90,1.2783515233287624e-82,4.398420098110687e-78,
data,127,3.8852136187168716e-44,1.4948766563596334,-1.4827548049566315,-1.5127366247143277,1.260292233444574,1.2620821120630212,13,0.6666666666666666,cluster-0,1.0,2.347090825281542e-59,3.0766546746913284e-70,5.340147567514968e-48,3.658013568288787e-46,
data,122,1.8467140492063293e-30,1.5274158016333377,-1.8389242203509222,-1.870134803213442,1.0623374063460551,1.2281940504014837,21,0.6611570247933884,cluster-0,1.0,5.166454792132333e-57,6.633098447526642e-50,2.538397027473754e-32,8.738820354538593e-43,
data,127,1.2049321132324512e-22,1.4960272086074335,-1.5684427576740896,-1.5984245774317858,1.3295948899637058,1.2872834716430521,13,0.7222222222222222,cluster-0,1.0,2.6651591190480172e-58,4.630875097455823e-74,2.2121809350746374e-24,2.1558046763503752e-48,
data,127,3.270518149073428e-58,1.4218699374322659,-1.2133864755705586,-1.2433682953282548,1.431368489903728,1.2390945465938912,5,0.6746031746031746,cluster-0,1.0,8.611059967710253e-79,1.1279751568409612e-79,2.3820964132119435e-60,1.4043608723401798e-64,
data,127,1.2937520095567342e-53,1.4410329306755332,-1.465922197957677,-1.4959040177153733,1.475691187100148,1.2882449502693016,3,0.5873015873015873,cluster-0,1.0,7.476363095266327e-73,4.0519443964328913e-82,1.8868778706355755e-57,1.0021372292824888e-55,
data,127,1.012891361358532e-25,1.513990773344125,-2.246493362066314,-2.27647518182401,1.105731874000369,1.258378715076114,18,0.6984126984126984,cluster-0,1.0,1.7091783641818651e-56,1.0301894059315414e-61,1.6423398679215574e-27,1.4226933050284595e-50,
data,121,5.029661742118122e-47,1.3812686656537758,-1.7621588588746127,-1.7936273804384755,1.6587980916677427,1.1442730071279064,7,0.5583333333333333,cluster-0,1.0,1.9390020747407037e-84,6.772830483727704e-88,4.518260507229148e-49,1.0602338198549705e-70,
data,127,5.308291330595039e-32,1.5178910678393929,-1.7915031853623278,-1.821485005120024,1.154399000753568,1.2848719958123695,15,0.7063492063492064,cluster-0,1.0,2.131386817568522e-64,8.63087952196811e-59,9.178728387474576e-37,6.942579804747744e-34,
data,127,1.2151738733973347e-14,1.5076018992973892,-1.8802841066375493,-1.9102659263952455,1.5354796882689465,1.296930923666591,17,0.6746031746031746,cluster-0,1.0,3.4120636986158424e-16,2.0417606397531404e-85,1.0015066602762809e-40,6.791881424054054e-33,
data,127,1.5004005998273769e-40,1.4826595627647619,-1.3834966224009597,-1.413478442158656,1.293138398898868,1.2704907623691832,4,0.6666666666666666,cluster-0,1.0,3.5270252158296286e-70,4.747176571964141e-72,2.5967231606095368e-45,1.5558201913617754e-42,
data,127,1.8170314152194824e-34,1.505760967992829,-1.4925975649375616,-1.5225793846952578,1.2238347811961736,1.3027332585518416,11,0.7142857142857143,cluster-0,1.0,3.154307918413919e-68,2.695179978757539e-63,6.340964505406135e-37,1.5628559518558365e-36,
data,127,1.6660851999275839e-37,1.430071528660106,-2.219554030050443,-2.249535849808139,1.5279709222748523,1.2200817088672256,20,0.6349206349206349,cluster-0,1.0,2.3996166045929665e-75,5.298510670950674e-85,1.8683157877325396e-39,8.700718394018904e-69,
data,127,1.2701270280676535e-43,1.4588456109385743,-1.5958035686823326,-1.6257853884400288,1.5355909452663632,1.239745587294122,12,0.6904761904761905,cluster-0,1.0,4.807633237872899e-69,2.013114158470189e-85,2.923000680148578e-49,1.2279160234139688e-45,
data,127,6.98739021278661e-59,1.4347144950639765,-1.5060763621893454,-1.5360581819470418,1.3987770380936269,1.2167550021344438,11,0.6031746031746031,cluster-0,1.0,5.028699368184571e-61,7.077731279783143e-78,3.708759360302593e-64,6.449138266506036e-72,
data,127,1.2238919450119564e-55,1.398456007069144,-1.6467947171429012,-1.6767765369005974,1.5276002658633734,1.2104666508108828,12,0.6190476190476191,cluster-0,1.0,1.6517622327217516e-82,5.553893091865436e-85,9.320079059384393e-58,4.2791217900870724e-73,
data,127,5.758211859611509e-41,1.4940320312212805,-1.5127259502260704,-1.5427077699837666,1.417878518893024,1.2923672482174273,15,0.6507936507936508,cluster-0,1.0,5.256892328644703e-49,6.256684718335018e-79,5.922101371871493e-43,6.311312379246055e-50,
data,97,4.305984922065386e-40,1.3828433581254984,-1.6059686719756765,-1.645223219493485,1.9994503689795426,0.9176373988796322,9,0.65625,cluster-0,1.0,2.9305010955080756e-58,5.888769800638021e-85,4.523122472573617e-42,6.883219884247612e-49,
data,127,1.2759797099777624e-29,1.478832589205049,-1.464110366941437,-1.4940921866991332,1.7421726016547736,1.2955425748946343,24,0.6904761904761905,cluster-0,1.0,3.315249411062909e-51,8.124089092724821e-97,1.8024606792817628e-31,4.4091413041756524e-39,
data,127,3.980295906166052e-18,1.554959323664997,-1.8128541961429625,-1.842836015900659,0.8572147399421755,1.3279697916918258,25,0.753968253968254,cluster-0,1.0,6.43656935057644e-45,5.2478186291901396e-48,9.077929581827821e-20,1.3654489145371935e-34,
data,127,1.2349068832145653e-37,1.4669398482439162,-1.7630722166046382,-1.7930540363623344,1.456841055802473,1.2397237237409273,18,0.6746031746031746,cluster-0,1.0,5.243533663083312e-64,4.439662879867269e-81,1.3801134040853474e-39,7.710834622744957e-58,
data,127,1.7275376749590102e-36,1.440225685433903,-1.5438292495847687,-1.573811069342465,1.5718523160679132,1.2234146455091912,11,0.6746031746031746,cluster-0,1.0,6.756665962295508e-76,2.0130660339232873e-87,1.9900194696765705e-38,5.434943973269808e-58,
data,104,1.5118696800119186e-40,1.45145920652834,-1.6293819134051983,-1.6659943279170004,1.6285115755521333,1.0236531508665565,7,0.6699029126213593,cluster-0,1.0,1.7198180784522553e-50,2.790143488658463e-74,1.5341320400467555e-42,3.4774533992607983e-44,
data,127,9.303054908857675e-48,1.5042669573985585,-1.1187771774652435,-1.1487589972229397,1.0926442784587231,1.3136792760651546,15,0.6190476190476191,cluster-0,1.0,3.7427138777186043e-56,5.4296100011780073e-61,8.144421895987873e-50,8.268315639538844e-52,
data,127,5.166262000124489e-34,1.4494488133253571,-1.5505583755613312,-1.5805401953190275,1.636631642739604,1.2841278450665534,13,0.6825396825396826,cluster-0,1.0,1.1847412196431377e-69,5.381810461265839e-91,6.37489842354485e-36,6.625195041845725e-54,
data,127,2.567257630141207e-65,1.3633392490556229,-1.3660826194943405,-1.3960644392520367,1.6453405665600396,1.215113228378181,8,0.5793650793650794,cluster-0,1.0,1.780673225432314e-91,8.081070216414747e-88,5.168339247268669e-75,1.66964600514422e-67,
data,127,5.819332750586841e-40,1.4456966566649823,-1.5294535479207678,-1.559435367678464,1.3876097671628937,1.2543166711306823,5,0.6825396825396826,cluster-0,1.0,2.9230036383331727e-77,2.4027358096550634e-71,6.13239203784346e-42,9.37021554224397e-70,
data,127,2.110016076600798e-27,1.5313326254045294,-1.7052785317728838,-1.7137308519714192,1.1709126149575542,1.2778931684275854,26,0.7857142857142857,cluster-1,2.617262554418968e-65,1.0,5.214599529903981e-38,7.192817645467298e-46,3.2161554640758645e-29,
data,127,7.676654372672452e-20,1.4925190659778123,-1.7844752514456201,-1.7929275716441555,1.1750300850455215,1.2538742157784997,15,0.7619047619047619,cluster-1,1.5514814425037757e-65,1.0,6.5862260587760404e-65,1.6032354910289119e-21,1.6627552126548509e-53,
data,127,7.680223423798067e-42,1.4055945029631758,-1.5352157232329602,-1.5436680434314956,1.8059967521607407,1.213713173590984,9,0.7222222222222222,cluster-1,2.452043540345928e-100,1.0,7.736877017424345e-44,1.8761972982913068e-80,2.320469769720452e-61,
data,127,2.1506906863749055e-27,1.5508302082080598,-1.7233966016393947,-1.73184892183793,1.0808167945681595,1.3183035740101503,22,0.746031746031746,cluster-1,2.438474574669764e-60,1.0,3.238908050388894e-29,3.6776999420086294e-31,2.7093849218455673e-33,
data,127,9.551419428766318e-47,1.4806849183277622,-1.3364165298582062,-1.3448688500567416,1.4249295212152437,1.2892082373981273,13,0.7063492063492064,cluster-1,2.555308991097144e-79,1.0,8.56565201980484e-49,6.145220231808586e-51,4.0687571951314908e-56,
data,127,1.0705551987058671e-27,1.5394310838183711,-1.3978339968703863,-1.4062863170689217,0.989877175158403,1.3383940274330361,21,0.753968253968254,cluster-1,1.614817338558041e-29,1.0,2.528885949394654e-55,1.2778636477537307e-45,1.9640849064165667e-44,
data,127,1.9826522893972235e-26,1.5240334912607545,-1.733349897730069,-1.7418022179286043,1.3009665181317667,1.307618894639126,27,0.7301587301587301,cluster-1,1.7565978399736058e-72,1.0,1.4926872937927822e-29,5.135317667724315e-47,2.971725788838102e-28,
data,127,3.255297253684377e-52,1.4383533274015075,-1.3378005140409694,-1.3462528342395048,1.5074008731391486,1.2411260297061526,17,0.7142857142857143,cluster-1,7.222758349615462e-84,1.0,3.0659656828590635e-65,4.3609705631032e-67,2.6386602075814084e-54,
data,127,4.0790756587918595e-47,1.482946342948491,-1.2957851379875123,-1.3042374581860476,1.3850310318113312,1.274586420673156,21,0.6904761904761905,cluster-1,4.055650607739804e-77,1.0,3.6550369486340566e-49,1.8540159402491206e-55,2.1772883604510553e-52,
data,127,4.837571135707206e-35,1.4950164298031912,-1.3063027689776083,-1.3147550891761437,1.2557875265286662,1.2859505337463744,9,0.746031746031746,cluster-1,5.4517717110480286e-70,1.0,5.797791412361584e-37,3.897455224455859e-47,2.9317220905431525e-64,
data,127,3.4760478150133236e-50,1.4769210561752788,-1.398088350070743,-1.4065406702692784,1.3559776966966042,1.2589374505086457,13,0.6587301587301587,cluster-1,2.1074207841303727e-59,1.0,1.6237113634615826e-75,2.6807679513516565e-52,2.4157532648648147e-53,
data,127,3.068925464047742e-54,1.425570482827781,-1.2864168422428641,-1.2948691624413995,1.599568524698573,1.265835240660065,8,0.6666666666666666,cluster-1,5.9588090647003906e-89,1.0,1.1189353628915202e-59,8.545862709292723e-74,2.3950763517751024e-56,
data,127,1.0073946108219006e-14,1.5788305941965028,-1.431421234851747,-1.4398735550502824,0.7491467092919539,1.3717095145988334,17,0.8333333333333334,cluster-1,4.7919710796898985e-42,1.0,2.8133759545466007e-16,2.0464746255295244e-21,1.10554984546112e-28,
data,127,3.23126460608869e-43,1.4897644828792678,-1.9077660267747294,-1.9162183469732648,1.2173524390994095,1.239024463977038,12,0.6349206349206349,cluster-1,7.18522301464606e-68,1.0,3.153442496307479e-45,1.7306327261933878e-63,3.1094605350705693e-52,
data,127,1.0187274995770557e-21,1.5052062280426832,-1.389136727400652,-1.3975890475991875,1.3610656017393576,1.3187601475213375,12,0.6507936507936508,cluster-1,8.509095469657329e-76,1.0,1.948129845090596e-23,3.5234409736936003e-44,1.1328035498608645e-51,
data,127,6.69615882074356e-39,1.4507579736712553,-1.5343072846179873,-1.5427596048165226,1.6953050508273868,1.2482214672713923,18,0.6746031746031746,cluster-1,3.124446933865058e-94,1.0,7.244909725816451e-41,3.442671433042396e-68,9.594360981879898e-48,
data,127,7.241546563973881e-36,1.4848414694983982,-1.4765259750246063,-1.4849782952231416,1.509239136703371,1.2902931760689627,20,0.7063492063492064,cluster-1,5.71890555285906e-84,1.0,8.483525547232372e-38,1.7848738263192148e-56,4.181728092916642e-46,
data,127,3.444010397792751e-20,1.5455639566686559,-1.4337337223563607,-1.4421860425548962,1.1403603140763412,1.322139784318991,31,0.7301587301587301,cluster-1,1.267569098944195e-63,1.0,3.4477102341682033e-35,7.071779589267619e-22,3.25797404683948e-32,
data,127,3.4024186451145736e-38,1.52760756945806,-1.6279048168753076,-1.636357137073843,1.0211192453940081,1.2632803824028556,19,0.6904761904761905,cluster-1,4.783660917185252e-57,1.0,3.114289603964227e-46,3.3049852748125173e-50,3.747887755357607e-40,
data,127,5.47273644700601e-34,1.501497486845863,-1.8912378746693528,-1.8996901948678884,1.3937232550673597,1.2888804537434582,21,0.6666666666666666,cluster-1,1.3447374196746443e-77,1.0,6.757937680977148e-36,7.927521703159192e-50,4.1851251259380405e-47,
data,127,1.4664401347239018e-38,1.520456509118926,-1.7065851406788264,-1.7150374608773618,1.202621940552719,1.2694441739336069,22,0.7142857142857143,cluster-1,4.6655922411771087e-67,1.0,3.913472714081875e-46,1.5991093381298352e-40,1.1212518024300623e-43,
data,127,2.4576078430169155e-34,1.5192519301898928,-1.640681589682271,-1.6491339098808067,1.3256133072019562,1.2921714424844648,19,0.8015873015873016,cluster-1,7.67836678937244e-74,1.0,6.799355947716187e-38,2.9326586982208642e-36,1.1907285787376488e-43,
data,124,8.340805261234602e-28,1.5431888547201953,-1.659057371077999,-1.667714182894241,0.9324645996093748,1.27412894615909,22,0.7398373983739838,cluster-1,6.087450708038744e-51,1.0,1.253329836205147e-29,1.1296987800666068e-47,2.7357771641612285e-39,
data,127,1.3309422439604105e-23,1.5421868393515332,-1.2862659364234743,-1.29471825662201,1.1627716304749016,1.321497555409959,22,0.7301587301587301,cluster-1,7.359808948358991e-65,1.0,2.346862836925356e-25,4.124403825169962e-34,2.0050021536448134e-36,
data,127,6.551161480858731e-36,1.4310271595425608,-2.140689879890502,-2.1491422000890377,1.6217603308009352,1.186777700698519,13,0.6507936507936508,cluster-1,3.5576362789213054e-90,1.0,7.665630127559503e-38,1.7807846356487726e-73,1.1569421237532357e-64,
data,127,3.1802788198502144e-33,1.491785135627107,-1.1730531707523375,-1.181505490950873,1.6021692471241389,1.3130876684318644,17,0.7777777777777778,cluster-1,4.282679613907679e-89,1.0,3.2226054194405594e-35,1.854975694098434e-50,7.678925339003744e-36,
data,127,4.6002459605438805e-32,1.5058115614654137,-1.3550917257474164,-1.3635440459459518,1.3996425838921012,1.2985390131739751,14,0.7698412698412699,cluster-1,6.340953168849289e-78,1.0,2.5878252841910504e-36,5.017682534697752e-53,5.985791174221895e-34,
data,127,1.9459638735871566e-42,1.4847791114750355,-1.3380883885180856,-1.346540708716621,1.3802362877552903,1.2845861825089284,14,0.6825396825396826,cluster-1,7.456182959334986e-77,1.0,7.716448960853407e-52,1.9333100654333012e-44,6.340340438724151e-58,
data,127,2.196411127777547e-24,1.4497000487170664,-1.790900282972441,-1.7993526031709763,1.8105432705616387,1.2392919450980928,13,0.7222222222222222,cluster-1,1.3764585576169688e-100,1.0,3.751662181252566e-26,1.2302853477304955e-65,5.745105228682202e-45,
data,127,1.0749762652863638e-25,1.4388386712893084,-1.476761344849594,-1.4852136650481294,1.5428840456985111,1.2694166600996575,17,0.746031746031746,cluster-1,7.972867332429914e-86,1.0,1.7447173313790206e-27,4.184735584390977e-65,2.365745339072895e-72,
data,127,2.2580697232802526e-26,1.518734457817442,-1.5494862954447588,-1.5579386156432942,1.316028504859744,1.306183310107612,28,0.7777777777777778,cluster-1,2.5937161942709302e-73,1.0,3.562012588843302e-28,1.4739142866249915e-50,9.848344895575339e-31,
data,127,5.761383089012474e-22,1.5335775934690143,-1.5772903322234868,-1.5857426524220222,1.3025932011641854,1.3311388591625044,18,0.7777777777777778,cluster-1,1.428736014881721e-72,1.0,1.0896049192026213e-23,3.8825497928494497e-28,5.580022185621392e-37,
data,127,1.0639125142625428e-35,1.508569419771677,-1.5801522562822958,-1.5886045764808312,1.3802832656019315,1.2898106664440248,21,0.7619047619047619,cluster-1,7.411830420368898e-77,1.0,2.265237451822398e-39,6.55830015298125e-49,1.2280896625273258e-37,
data,127,4.864291872709183e-59,1.3907884431214477,-1.2212330975870447,-1.2296854177855803,1.8201655590628076,1.2086315384310142,5,0.6587301587301587,cluster-1,4.055477317221196e-101,1.0,3.494297818142037e-61,6.135153024782275e-72,9.304503141993588e-69,
data,127,3.515147461108114e-33,1.5011525552327143,-1.2327950545183317,-1.241247374716867,1.5309950460599164,1.3350119315851545,23,0.7857142857142857,cluster-1,3.6087521756781404e-85,1.0,4.4437316721186364e-35,5.603634283113801e-45,2.2572670427599588e-39,
data,127,1.012355110666431e-43,1.4511563284685554,-1.6072466992956447,-1.61569901949418,1.4680884654127706,1.242248152806876,11,0.7698412698412699,cluster-1,1.0641298522867079e-81,1.0,9.768014803679666e-46,8.126620466790972e-62,9.094374945665622e-69,
data,127,8.312662118140912e-78,1.2959741935004536,-1.3722769669660433,-1.3807292871645787,2.035466231699065,1.1763852828380912,6,0.5793650793650794,cluster-1,5.408133816154342e-113,1.0,8.790234978950507e-82,4.459813727701912e-80,5.724200535125146e-87,
data,127,7.520884094126909e-63,1.412218582827482,-1.3709548589751477,-1.379407179173683,1.5786683090089815,1.2131165073242234,7,0.7222222222222222,cluster-1,8.470698216563865e-88,1.0,2.8719577361082976e-65,8.708774157341574e-72,2.184736879646061e-65,
data,127,6.603759864526189e-37,1.5316296212621001,-1.7496557761365035,-1.7581080963350388,1.1443622018408586,1.2820258027694975,26,0.746031746031746,cluster-1,7.625106715186699e-64,1.0,6.533911447767687e-39,3.021566615794329e-42,9.527146947349695e-40,
data,127,4.7980280118795686e-27,1.5307668508998091,-1.9585583303857037,-1.967010650584239,1.2702509361927903,1.2811313810239748,29,0.8015873015873016,cluster-1,8.685654060709435e-71,1.0,7.4073758608486e-29,1.1352104798803852e-33,1.4239493411757554e-40,
data,127,6.088632945565156e-55,1.4052805744038268,-1.600886307363435,-1.6093386275619705,1.7829616276297984,1.2080397490286585,15,0.6587301587301587,cluster-1,4.571299401512871e-99,1.0,2.1999767587961005e-63,8.924309227909074e-73,4.6943587935020344e-57,
data,127,8.942981454255807e-64,1.4164966144790496,-1.5789736049381766,-1.587425925136712,1.493619303065022,1.2053525802385276,13,0.6984126984126984,cluster-1,4.157488762970498e-83,1.0,5.631024000685009e-66,3.1528538982887334e-67,1.2043981204678073e-71,
data,127,1.140409708615803e-16,1.5282797229953418,-1.7018521526667076,-1.710304472865243,1.3345017320527803,1.3277271583154553,23,0.7222222222222222,cluster-1,2.4832716658123883e-74,1.0,2.822165715112091e-18,9.075976654685107e-38,3.905583398377294e-31,
data,127,1.8342139724964537e-21,1.5462887031964025,-1.5396649217981053,-1.5481172419966407,1.1201469841904526,1.331701004971087,23,0.7777777777777778,cluster-1,1.6513758244111126e-62,1.0,1.151884007353987e-31,3.548283533261687e-23,7.019771840598644e-37,
data,127,1.6139328388046485e-30,1.5417683130271962,-1.477751363919476,-1.4862036841180113,1.0753064493494708,1.3272542020075067,18,0.7222222222222222,cluster-1,4.9095707396919723e-60,1.0,2.2118344055119875e-32,9.045847831948738e-43,2.1941747628503938e-35,
data,127,4.255391767638431e-43,1.4905877450403668,-1.6785020002229947,-1.68695432042153,1.226086113396592,1.2331985551159914,24,0.6746031746031746,cluster-1,3.7531098054000045e-55,1.0,2.3699051238807806e-68,4.1642038612340095e-45,5.911599824841647e-60,
data,127,1.0255210513870965e-15,1.5558795710896505,-1.7809392974132627,-1.789391617611798,1.0773721529742863,1.3095400929634529,20,0.6746031746031746,cluster-1,3.7766680471766634e-60,1.0,2.6877479804084794e-17,2.7681967083015127e-30,8.421199738643114e-23,
data,127,3.194369402574371e-30,1.4681791698146238,-1.6074859138548843,-1.6159382340534199,1.5144902026559426,1.2161455619034016,24,0.746031746031746,cluster-1,2.935541912408433e-84,1.0,4.4246075885484806e-32,2.6594291883540963e-67,7.86510913461122e-50,
data,127,8.48856735780634e-61,1.407741343495191,-2.008591779573696,-2.0170440997722316,1.5490900475209153,1.200998208409444,11,0.6746031746031746,cluster-1,3.625100319728892e-86,1.0,5.886904121239133e-63,3.5861182541391307e-65,1.2164868670756828e-78,
data,127,8.321871587443477e-34,1.5202355147895208,-1.3228839063268947,-1.33133622652543,1.36067596195251,1.2987262121169065,19,0.6904761904761905,cluster-1,8.940753766690832e-76,1.0,5.346312696979577e-37,1.1022884755130819e-39,9.76798998056208e-36,
data,127,2.0689050370603583e-43,1.4908496160679645,-1.445863138033649,-1.4543154582321844,1.4485008660263903,1.2872914107009539,17,0.7222222222222222,cluster-1,1.2804319144426637e-80,1.0,1.137284072563071e-45,2.0718145670060378e-51,8.59568092240663e-46,
data,127,9.124732349513494e-26,1.530254189773645,-1.5774914598840428,-1.5859437800825782,1.2854276642085998,1.3155346791150653,20,0.7698412698412699,cluster-1,1.263932949561983e-71,1.0,1.4769765044415021e-27,2.4599427683508084e-39,1.259696812578661e-34,
data,127,6.819995924931723e-24,1.5338635083055714,-1.9207780492587352,-1.9292303694572706,1.1799338032880167,1.269663188734416,21,0.6984126984126984,cluster-1,8.323002940224549e-66,1.0,7.93593117914882e-43,1.4034857837887678e-37,1.1883163591859533e-25,
data,127,9.652709608992897e-35,1.5425234312137355,-1.2029215895284817,-1.2113739097270173,0.9867951400636688,1.353795182154108,18,0.7698412698412699,cluster-1,3.0498524817735474e-45,1.0,3.7404178380378906e-55,1.2233204609220201e-37,1.0395308696868683e-36,
data,127,3.877243979272022e-71,1.3547050263708353,-1.6215135469211368,-1.6299658671196722,1.6021295983021655,1.190409737490836,11,0.6428571428571429,cluster-1,4.3042990059756855e-89,1.0,3.442072624061729e-80,3.3074362226692646e-85,2.3182613843921338e-73,
data,127,2.7253817983433358e-31,1.5061239577875207,-1.4764940156711368,-1.4849463358696722,1.4192997489388535,1.3038557774548987,13,0.746031746031746,cluster-1,5.223429775737048e-79,1.0,6.883804576418926e-47,1.3507348056279449e-43,3.648881264118881e-33,
data,127,9.350078013287573e-39,1.4349223734311516,-1.6780060295044907,-1.686458349703026,1.7901100699357158,1.259283443046888,5,0.7380952380952381,cluster-1,1.8440151198296845e-99,1.0,1.0153396405678295e-40,8.778254330655738e-71,6.995419125322249e-52,
data,127,4.0765691969209524e-33,1.5135441664331828,-1.3195584514948326,-1.328010771693368,1.2598939430056595,1.311158498259112,19,0.6984126984126984,cluster-1,3.2362839671489913e-70,1.0,6.39950890996369e-43,4.4046236386551724e-52,5.163557168521923e-35,
data,127,7.000483222749905e-52,1.3666400357720851,-2.009477750522884,-2.0179300707214196,1.9283829336091292,1.1957553278783317,8,0.6666666666666666,cluster-1,4.35782195964347e-107,1.0,5.710142316624695e-54,1.129018084412778e-77,1.3816564667624e-77,
data,127,9.189480484310022e-44,1.4146932956691716,-1.5024870624692421,-1.5109393826677775,1.8605827271468995,1.2313375277712997,15,0.7301587301587301,cluster-1,2.392307139700956e-103,1.0,8.858393694587277e-46,1.079848350816978e-67,1.2098775955709822e-64,
data,127,7.086973661619784e-31,1.482338957727651,-1.7607980562945988,-1.7692503764931344,1.5377931369571234,1.2675646090839618,16,0.7301587301587301,cluster-1,1.5219684211101543e-85,1.0,9.613081635680335e-33,2.3376627376691882e-60,4.5705078277980506e-42,
data,127,8.610022443521538e-28,1.5229974915981082,-1.4641106072373278,-1.4725629274358631,1.2769232321911907,1.275280973865841,20,0.6746031746031746,cluster-1,3.722111498184644e-71,1.0,1.2381800793574363e-29,3.299884851194989e-49,5.286260136616671e-31,
data,127,3.5051791794267497e-56,1.3933607925786444,-1.2338662935992863,-1.242318613797822,1.7017911175104576,1.2115674411068182,17,0.6428571428571429,cluster-1,1.3709813778773332e-94,1.0,2.577412476501915e-58,6.416099725066599e-60,9.477440789905284e-87,
data,127,3.20107162442784e-66,1.2811287076119517,-1.4779645063745694,-1.4864168265731048,2.1440889854130782,1.1392599098401406,5,0.6031746031746031,cluster-1,5.519707770884638e-119,1.0,8.028244102469111e-75,8.649785438103145e-107,2.053863145133049e-68,
data,127,1.6299562237536965e-64,1.3339452807406071,-1.702454574464813,-1.7109068946633483,1.8781416284756398,1.2036602855928595,8,0.5873015873015873,cluster-1,2.572460554226522e-104,1.0,1.0730447527176219e-66,1.0618082840282295e-85,2.4933611963091096e-82,
data,127,6.866225981236626e-40,1.4793571712175033,-1.3866530290738803,-1.395105349272416,1.3032162884088951,1.2901991069319383,10,0.6984126984126984,cluster-1,1.320034757434783e-72,1.0,1.676489891021456e-72,9.826434311210273e-45,7.237751559510774e-42,
data,127,2.449672148544561e-38,1.4695193734391843,-1.5229714461198942,-1.5314237663184296,1.5015055739034817,1.26371460169281,7,0.7301587301587301,cluster-1,1.5270760564609337e-83,1.0,2.688567645910953e-40,5.7557940026330174e-58,1.1316549526771922e-58,
data,127,1.8242068129712186e-43,1.4307458586722743,-1.6371703861266609,-1.6456227063251962,1.4949169008750613,1.1934413168588602,9,0.7063492063492064,cluster-1,3.525831543723049e-83,1.0,1.7702980288940166e-45,1.2911664660425574e-76,7.70236200922658e-67,
data,127,2.4475783376611626e-44,1.4916938400362199,-2.107372374046506,-2.1158246942450414,1.238665483129306,1.2152446051481434,20,0.7380952380952381,cluster-1,4.796349267038645e-69,1.0,2.329400771924706e-46,9.57735481139764e-56,7.155858238909042e-57,
data,127,2.6200944809726355e-50,1.4577752647338622,-2.0600381685992866,-2.068490488797822,1.4510957012026329,1.2080740727639219,11,0.7222222222222222,cluster-1,3.315334555920891e-68,1.0,9.20952688999542e-81,1.6771722015591093e-52,5.154732383332971e-53,
data,127,3.3383168593588885e-34,1.4972409009265235,-1.4258333942082924,-1.4342857144068277,1.2478510338490405,1.275074211238907,11,0.746031746031746,cluster-1,1.4937505692134777e-69,1.0,4.0969579883699555e-36,7.75336916728706e-65,1.3296356806814474e-44,
data,127,5.365546870895403e-31,1.515587808134745,-1.6987093227116141,-1.7071616429101495,1.3069551723209891,1.307575359459108,15,0.7063492063492064,cluster-1,8.210426769645132e-73,1.0,7.250247511970706e-33,2.002771055419116e-50,6.298075004221536e-38,
data,127,8.769838996227296e-36,1.4544570104362027,-1.8326074795460139,-1.8410597997445493,1.7673313411202018,1.2113281078183489,18,0.6904761904761905,cluster-1,3.3276248496886934e-98,1.0,5.757272615095001e-48,4.741228472035143e-62,1.0297305050463675e-37,
data,127,3.1067555857262173e-16,1.5680141985608205,-1.5231353279173843,-1.5315876481159199,0.755301287793738,1.3414629719679056,32,0.7857142857142857,cluster-1,8.355297803546687e-42,1.0,2.193087472859772e-42,7.888915522933897e-18,3.0878395302826794e-23,
data,127,3.2006072883977824e-17,1.4895589952506545,-1.8206956517977977,-1.829147971996333,1.7411560298889643,1.26328626492294,25,0.753968253968254,cluster-1,9.243662896988784e-97,1.0,7.67322320167415e-19,3.465334924476097e-45,1.8844877839463532e-29,
data,127,9.239718401390258e-27,1.5022531553340686,-1.4087194007212722,-1.4171717209198076,1.5424337311992495,1.3049581995478332,19,0.8253968253968254,cluster-1,8.442125683936789e-86,1.0,1.4408311408767573e-28,2.0171417005192186e-48,4.0939042490807106e-32,
data,127,3.289214232391184e-33,1.5039133152959359,-1.449260801780881,-1.4577131219794164,1.3896361824095718,1.3061401317561505,20,0.6507936507936508,cluster-1,2.2597563427418854e-77,1.0,4.153342008385436e-35,5.332680686922063e-54,1.3254769436398944e-38,
data,127,1.2702667459180921e-34,1.5352967094462204,-1.7669193538155143,-1.7753716740140497,1.0229466956431472,1.3069653610161962,32,0.7698412698412699,cluster-1,3.7928584906426516e-57,1.0,1.5399414220297704e-36,6.073956803851001e-49,4.533941212026724e-40,
data,127,5.445696560230217e-26,1.5398764186465606,-2.0623101662463093,-2.0707624864448446,1.0691129429133857,1.2716297860690196,24,0.7936507936507936,cluster-1,1.0780746693524425e-59,1.0,4.870376918429697e-31,2.6296848358458237e-48,8.73492094257851e-28,
data,127,1.9777402411352604e-25,1.4768662357937663,-1.6021649217981053,-1.6106172419966407,1.576305239219365,1.2778887289935381,13,0.7063492063492064,cluster-1,1.1435502866804372e-87,1.0,3.242545891192641e-27,9.023094845818358e-52,5.515425301822262e-55,
data,127,2.6934372417039468e-36,1.4296942878360581,-1.149772583968996,-1.1582249041675314,2.061612346979577,1.2734481197536054,12,0.6825396825396826,cluster-1,1.9541054822962028e-114,1.0,3.118820000076091e-38,4.584385096392716e-59,4.2680654805621355e-52,
data,127,7.864512520158778e-05,1.5555689395184982,-1.239369910533034,-1.2478222148045022,0.9361088069405141,1.359928425222027,28,0.7222222222222222,cluster-1,2.3363743680266417e-52,0.9999939581842392,9.877225301069416e-37,9.377558631380594e-18,6.041815760526023e-06,
data,118,1.1518612429539863e-46,1.460840988169833,-1.5446042852886652,-1.5537012739769194,1.3507095595537608,1.1817451215758246,4,0.7692307692307693,cluster-1,6.032903972180957e-70,1.0,2.8696820590693473e-56,1.944661903788806e-61,1.0425744701042897e-48,
data,127,2.384960632066633e-25,1.514351666967304,-1.8435256837859868,-1.8519780039845222,1.3954500213382752,1.2858796602167855,18,0.6507936507936508,cluster-1,1.0799334842484e-77,1.0,3.9224332320311476e-27,1.5936412072017476e-47,2.6790136983708753e-34,
data,127,2.628973091837645e-29,1.4737218222491641,-1.5932481420321727,-1.601700462230708,1.6171352356437625,1.2590278714603413,15,0.6984126984126984,cluster-1,6.401187005043336e-90,1.0,3.752582994377234e-31,4.374207194375378e-56,1.6145105914223907e-50,
data,127,3.79291472287704e-22,1.5424564048996823,-1.329148780642532,-1.3376011008410673,1.142465306079294,1.3282330247887,34,0.7301587301587301,cluster-1,9.702194330343825e-64,1.0,3.804224675387038e-39,7.116207104623215e-24,1.0288810753869207e-32,
data,127,3.2912191964177157e-42,1.5045390401631655,-1.8242598405973178,-1.8327121607958534,1.3413174846979576,1.2839202262631506,13,0.7619047619047619,cluster-1,1.0449576151391519e-74,1.0,1.0324358049349257e-46,2.186200291355721e-46,3.2529370655697893e-44,
data,127,5.608926399922004e-20,1.5531962853212817,-1.3383428618663877,-1.346795182064923,0.9689222921536664,1.3616936336238226,22,0.7936507936507936,cluster-1,3.6199634104020055e-54,1.0,5.393515727861697e-42,1.746012984868957e-30,1.1636110730722292e-21,
data,127,1.1608335396987428e-34,1.5339540227039155,-1.7821543535848303,-1.7906066737833657,1.0970277560977484,1.2791053821587153,30,0.7619047619047619,cluster-1,1.4059460797019219e-36,1.0,3.111688945959718e-61,2.1010916951571255e-40,1.2462785346209338e-44,
data,127,8.47885212996994e-16,1.5251520590066856,-2.077089324710876,-2.0855416449094117,1.3143348994217519,1.263437088394939,17,0.7380952380952381,cluster-1,3.2161325362974827e-73,1.0,2.2108811820663407e-17,1.4574155939841503e-42,2.581275443613346e-31,
data,127,8.35426325197863e-45,1.4746593185833032,-1.277198851577879,-1.2856511717764143,1.5962954543706938,1.3143510266758276,4,0.6031746031746031,cluster-1,9.029983781800877e-89,1.0,3.457311354995519e-50,1.7609247943050251e-50,7.863951108068826e-47,
data,127,5.571743384074175e-30,1.532260134898799,-1.6542360801396407,-1.662688400338176,1.1410616176334893,1.3147823333095685,24,0.7698412698412699,cluster-1,1.1595539660767234e-63,1.0,7.77835442235003e-32,3.2214443183784248e-46,1.0429218638330731e-38,
data,127,1.260621098033971e-32,1.53678158477909,-2.2604958842119833,-2.2689482044105187,0.9362663208968995,1.258436773503048,20,0.746031746031746,cluster-1,2.2901151079520493e-52,1.0,1.4280930445336029e-42,6.351834592273844e-52,1.6202246178990057e-34,
data,120,1.0536421807657018e-41,1.4633749529838953,-1.3358655293782553,-1.3448109015883718,1.3800059000651042,1.2115156038738046,11,0.7142857142857143,cluster-1,1.2037223184362055e-72,1.0,1.064840751113222e-43,4.581776628133716e-53,4.135680071813512e-66,
data,127,1.607687768084032e-28,1.539456763957214,-1.1994716614250123,-1.2079239816235476,1.1235739640363558,1.335615528688253,16,0.6587301587301587,cluster-1,1.068635213591882e-62,1.0,2.3565905110791044e-30,4.864612158440912e-42,1.7217020023367525e-35,
data,127,2.7407188551067548e-45,1.4570476251116686,-1.4663817638487329,-1.4748340840472682,1.5215851791261685,1.270549478177142,13,0.6984126984126984,cluster-1,1.192235435897028e-84,1.0,2.583217289135826e-60,2.554648845356623e-47,1.6056755227339487e-61,
data,127,1.3185352529041455e-32,1.506893666790294,-1.5361969715028296,-1.5446492917013652,1.2971083273099162,1.2762286077215865,15,0.8333333333333334,cluster-1,2.8672951450616255e-72,1.0,1.6956505994003594e-34,1.4593078225393251e-56,3.0663774139383865e-41,
data,127,1.4871554819464183e-51,1.4636193230094128,-1.8077981303057333,-1.8162504505042687,1.4054772084153542,1.2250025028954368,11,0.7380952380952381,cluster-1,3.022341266333311e-78,1.0,1.2204392762262956e-53,3.423012895871834e-62,1.5220365525329158e-57,
data,127,5.224457144886442e-24,1.5444119211673253,-1.658934225247601,-1.6673865454461363,1.1892410638764148,1.319264757460681,24,0.6428571428571429,cluster-1,2.552315599373168e-66,1.0,9.058599187554162e-26,7.508183008858967e-33,1.4325493393865947e-29,
data,127,7.817008636650847e-30,1.5418606130203043,-1.8379132128137303,-1.8463655330122657,0.9612133596825789,1.313180943661409,21,0.7380952380952381,cluster-1,9.635925391037504e-54,1.0,1.4797500113201944e-36,2.8046905833415523e-50,1.0965221595831877e-31,
data,127,3.0843630505976484e-46,1.4836054494045356,-1.6140604094257505,-1.6225127296242858,1.244455052173044,1.2490967780888604,11,0.8174603174603174,cluster-1,2.2992426603732712e-69,1.0,2.8170673645617476e-48,1.1290872882905212e-54,6.518496137256969e-63,
data,127,2.805512313358363e-51,1.4806613531304402,-1.9179591381643701,-1.9264114583629055,1.2999248354453738,1.2676589272555352,8,0.7142857142857143,cluster-1,2.0050572099829543e-72,1.0,5.826574656051138e-58,2.1914611703776884e-53,1.1938829621013895e-54,
data,127,3.5560707026065494e-58,1.4532155987350652,-1.5232545146791954,-1.5317068348777307,1.2939377431794417,1.2553904391935196,8,0.6190476190476191,cluster-1,2.5906382804998085e-60,1.0,7.752566691389911e-66,1.117909140540903e-63,4.288912960978633e-72,
data,127,6.552900071343246e-39,1.4879141673301792,-1.0297994538554995,-1.038251774054035,1.5995186633012426,1.2980371783338853,24,0.7698412698412699,cluster-1,5.996662336582698e-89,1.0,3.421910140370616e-43,7.0516423086131e-41,4.3117205207313446e-47,
data,127,7.20713704014947e-51,1.4569307941139822,-1.7349042516993725,-1.743356571897908,1.3255806269608146,1.2423758996313037,9,0.6428571428571429,cluster-1,3.893794538161533e-72,1.0,7.710301235281622e-74,5.9935704131512175e-53,6.762761856925917e-58,
data,127,7.72183015202365e-28,1.562287075264921,-1.7554948461337352,-1.7639471663322706,0.7780297947680856,1.2835256907321557,22,0.7619047619047619,cluster-1,1.2230834193846216e-43,1.0,1.1583626411597381e-29,1.502532152615076e-42,5.2417964312716026e-33,
data,127,3.6241247221965097e-36,1.470707359971842,-1.4879946971502829,-1.4964470173488185,1.525834571658157,1.2808312873545482,13,0.7301587301587301,cluster-1,6.950004478103594e-85,1.0,4.2111359583770917e-38,6.372807356491077e-66,1.3704501373906976e-46,
data,127,1.4004787974699556e-64,1.3908444140822294,-1.8812634325402928,-1.8897157527388282,1.5080058180441067,1.1918594237377649,8,0.6428571428571429,cluster-1,6.68862899662322e-84,1.0,9.961071827104485e-72,1.573239207076383e-82,9.210365425348627e-67,
data,127,3.6482096980415236e-22,1.5264469900348616,-1.6185368815744956,-1.626989201773031,1.3004415917584276,1.3080962191563275,25,0.7619047619047619,cluster-1,1.87769421412863e-72,1.0,3.349237136281319e-30,1.1897154781108958e-44,6.839622496042127e-24,
data,127,1.491450769266194e-44,1.5128372900382652,-1.874565665177473,-1.8830179853760083,1.025923000545952,1.2453919411251677,23,0.6666666666666666,cluster-1,1.4439090660928821e-55,1.0,1.4126589744213612e-46,5.015123407705812e-51,2.599006434262114e-57,
data,127,5.983824998798195e-41,1.498954718068541,-1.7191078005813238,-1.7275601207798592,1.1759285513810285,1.2591536060224333,23,0.8095238095238095,cluster-1,1.384176003435423e-65,1.0,6.156601775728434e-43,9.780632391410363e-58,1.2084722814460808e-54,
data,127,2.6779870754258223e-39,1.5261823601839326,-1.8672469732329602,-1.8756992934314956,1.0567402276467148,1.2836628092032998,30,0.7380952380952381,cluster-1,7.03014089938587e-45,1.0,5.18884731659738e-59,2.8679201462980404e-41,1.0547870183764263e-49,
data,127,4.4545045467739197e-32,1.5068511563049487,-1.5946053332231176,-1.603057653421653,1.3775568684255046,1.2590054210602784,27,0.7698412698412699,cluster-1,1.0478545389026619e-76,1.0,5.82086968127543e-34,3.512191942218753e-46,3.8894349775263804e-47,
data,127,1.3240616110805466e-38,1.493951627828768,-1.5229189414677657,-1.531371261666301,1.4163695808470718,1.2603199965185146,18,0.746031746031746,cluster-1,7.578274831422295e-79,1.0,1.0730065528806786e-46,1.475143884950516e-53,1.443330837960876e-40,
data,127,1.1555953077264646e-31,1.4643401902981532,-1.3874075581708292,-1.3958598783693648,1.6655272236020546,1.285118528218588,19,0.7063492063492064,cluster-1,1.3714535434128894e-92,1.0,1.5293651987611474e-33,1.030463484286881e-63,2.2067378563773445e-45,
data,127,2.1327964252378694e-32,1.5054466737378673,-1.0409323624738558,-1.0493846826723912,1.3608447698157604,1.3053438553469388,17,0.7777777777777778,cluster-1,8.751116576279755e-76,1.0,2.760093007740181e-34,6.4787936814275856e-52,1.2846195283416565e-43,
data,127,1.96093317468023e-29,1.5004291352047614,-1.7196366918368602,-1.7280890120353956,1.547696091058686,1.2777760514875354,21,0.7857142857142857,cluster-1,4.327172961400992e-86,1.0,2.7871939687199765e-31,2.0893723307824518e-42,4.795497963090686e-43,
data,127,9.521283701144405e-62,1.3970751371821808,-1.6417722927303764,-1.650224612928912,1.6336904210368481,1.1958450297610637,9,0.6904761904761905,cluster-1,7.819025971915744e-91,1.0,6.54442987167489e-64,9.116586580362268e-73,9.152547200693566e-73,
data,124,4.896642769932596e-35,1.5075778093658563,-1.8693051492014239,-1.8779619610176659,1.2577282074959046,1.2347456461972257,21,0.7560975609756098,cluster-1,1.8542653763732635e-68,1.0,1.6941850575380173e-54,5.86944675166688e-37,4.8163978195119386e-43,
data,127,4.71495624775503e-41,1.5019574748927003,-1.9885158989373155,-1.9969682191358509,1.3505786084753322,1.214732064392181,16,0.6984126984126984,cluster-1,3.22327749726796e-75,1.0,6.896690846813956e-45,6.720224777765466e-51,4.766390436793508e-43,
data,127,3.73562059657778e-32,1.4954569140715526,-1.474998414047121,-1.4834507342456564,1.342180387241634,1.3133219991888763,12,0.7142857142857143,cluster-1,9.364938743453215e-75,1.0,4.8701279632897055e-34,2.0452794997111275e-52,5.97616752203638e-55,
data,127,1.9627234711169098e-32,1.5252841239791328,-1.3073867437407727,-1.315839063939308,1.2185188353531005,1.3228576539677912,11,0.7222222222222222,cluster-1,6.1959399684657835e-68,1.0,2.5370585135292706e-34,1.5386128116819195e-38,9.358072698003615e-47,
data,127,8.711813823116201e-53,1.4086596395478435,-1.7456421138733391,-1.7540944340718745,1.7665771724670891,1.2122409427116996,11,0.6825396825396826,cluster-1,3.662105334711071e-98,1.0,6.986314653570346e-55,8.141740052193855e-75,2.3801423031345767e-61,
data,127,1.3160117818376164e-38,1.4868064709809756,-1.17014679195374,-1.1785991121522756,1.4316790723425197,1.3019533679185802,7,0.7142857142857143,cluster-1,1.0843493818093462e-79,1.0,1.434460719952507e-40,8.90048341775324e-49,3.971304719534337e-57,
data,127,3.453209463410531e-41,1.5295447251438983,-1.8151946781188484,-1.8236469983173837,1.036137618417815,1.2659371562279904,21,0.6746031746031746,cluster-1,7.10257826888707e-58,1.0,4.8158001148395e-47,2.216543582589115e-43,1.2917941236186913e-43,
data,127,3.136589366310865e-29,1.539835532954472,-1.5137436033233882,-1.5221959235219238,1.1888561098594368,1.2908755400315417,25,0.7857142857142857,cluster-1,2.680196694925701e-66,1.0,1.3951141943999351e-32,4.340073045425382e-31,1.886602939496943e-36,
data,127,2.977183450886922e-31,1.5002664199431228,-1.1390660804087722,-1.1475184006073076,1.330388467142901,1.326288865484974,15,0.7301587301587301,cluster-1,4.186903982195648e-74,1.0,2.2714734366990515e-49,3.990792007917357e-33,1.863596512696617e-54,
data,127,6.254617450248537e-43,1.480311931124482,-1.745345588744156,-1.7537979089426914,1.3918426994263657,1.2251842061645084,17,0.7301587301587301,cluster-1,1.707498328239258e-77,1.0,6.143973242578056e-45,2.841769640022769e-58,1.6417097186246667e-54,
data,127,3.1953228119927994e-43,1.5031453540337567,-1.5181180698665109,-1.5265703900650462,1.3266065702663632,1.2933615254880007,17,0.753968253968254,cluster-1,6.7683846731036196e-74,1.0,3.070350827769283e-45,4.828029761743273e-48,4.0365425894308933e-47,
data,127,9.611987251470588e-27,1.5438241450226189,-2.053829163078248,-2.0622814832767835,1.0086857352669782,1.2927259137861138,26,0.7301587301587301,cluster-1,1.0902185895998979e-41,1.0,2.32025438589602e-56,1.5003091367666012e-28,7.14175939352908e-42,
data,127,1.0296514968589393e-56,1.4504852186957677,-1.676506583146223,-1.6849589033447583,1.3781335785632998,1.249738221545151,14,0.6349206349206349,cluster-1,9.738505661134244e-77,1.0,1.2408752723845122e-59,1.0367225986826473e-67,6.42832789100049e-59,
data,127,4.461556858207033e-36,1.5189016066382908,-1.554619736558809,-1.5630720567573444,1.1822745255597933,1.2970390891694006,12,0.7301587301587301,cluster-1,6.182677261615835e-66,1.0,2.5296713331925024e-52,5.195220919250903e-38,1.5258159865397767e-41,
data,127,1.2374078318711264e-54,1.4182606384452079,-1.6486404298797368,-1.6570927500782722,1.5980367585429993,1.2102373103200748,16,0.7063492063492064,cluster-1,1.6592078151720787e-67,1.0,9.59332891307823e-57,7.238434411504297e-89,1.2338253222441005e-71,
data,127,7.07317811497061e-40,1.4527216533676244,-1.3685925100732037,-1.377044830271739,1.659486785648376,1.2385655931536323,12,0.6746031746031746,cluster-1,2.9535468734308846e-92,1.0,7.469211827928291e-42,1.9581803003541458e-61,3.46584257132956e-57,
data,127,2.706242854049058e-25,1.5074864731418898,-1.2465519942636565,-1.2550043144621919,1.451557069312869,1.3265196407730098,10,0.7222222222222222,cluster-1,8.685411071561833e-81,1.0,4.46025726179885e-27,1.2223906038400432e-47,3.481844377956433e-38,
data,127,3.29013931010328e-42,1.435154619795748,-1.7650691956046998,-1.7735215158032351,1.7104806975116882,1.2231462474249462,13,0.6825396825396826,cluster-1,4.547307276667532e-95,1.0,3.2860628192096985e-44,1.6794467004892662e-65,2.9447043796671015e-62,
data,127,1.491971737800145e-43,1.4702969243843205,-1.4971842127522146,-1.50563653295075,1.3848766417015257,1.267697894884859,20,0.7301587301587301,cluster-1,4.1359566848982364e-77,1.0,4.1543223112066006e-51,9.91472306482874e-69,1.4450294787010018e-45,
data,127,6.244577656520603e-24,1.5310230028200575,-1.1287229042353593,-1.1371752244338946,1.2574820931502213,1.3323701140652213,21,0.7380952380952381,cluster-1,4.3961566892608344e-70,1.0,1.2909110378193427e-30,2.75508368301417e-43,1.0863416875146563e-25,
data,127,1.3989491972844779e-42,1.4858774492679023,-2.0244818259411907,-2.0329341461397266,1.4809310792937995,1.2051550618550362,21,0.7222222222222222,cluster-1,2.0828362678885523e-82,1.0,1.3803257626340844e-44,2.0756570433333968e-53,4.628907614757309e-47,
data,127,9.760069006742253e-30,1.5315005574145202,-1.4829042690006766,-1.491356589199212,1.3025045319804998,1.3241532549237145,25,0.746031746031746,cluster-1,1.444915921484778e-72,1.0,2.160399517156164e-32,1.632464247630922e-35,1.1487070761907034e-31,
data,127,5.315641855693532e-45,1.439386694283397,-2.0348092627337597,-2.0432615829322955,1.5251421590489667,1.1901957473134903,22,0.7301587301587301,cluster-1,7.588839682955496e-85,1.0,4.985833988798857e-47,3.9686463840413933e-76,7.666838866029637e-58,
data,127,4.2838699805207985e-31,1.4618909780283962,-1.4558052603654035,-1.464257580563939,1.4569716566190947,1.2506366524220556,19,0.7301587301587301,cluster-1,4.366632608343997e-81,1.0,5.770883328401633e-33,4.750948379988858e-63,5.1872706387834676e-64,
data,127,1.9937827441286144e-41,1.494289755957054,-1.5538945235605315,-1.5623468437590669,1.4339318463182824,1.2753277297617025,16,0.7142857142857143,cluster-1,8.14547824810414e-80,1.0,2.01978787765607e-43,8.165104524346216e-51,7.86296521758905e-46,
data,127,5.171055382747004e-28,1.5401402590191664,-1.3391879825141486,-1.347640302712684,1.1700566809947097,1.3281535615042124,10,0.7857142857142857,cluster-1,2.91780773401609e-65,1.0,1.95781581362156e-37,7.713768827209652e-30,2.132216311587362e-34,
data,127,8.82110876402251e-42,1.5172883663816914,-1.9220250647837722,-1.9304773849823076,1.175272663747232,1.2911366402751994,20,0.7380952380952381,cluster-1,1.5044129395512208e-65,1.0,4.9771091684352573e-48,8.655905219897936e-44,2.3133472871459166e-45,
data,127,3.1747785780968313e-24,1.5030537010226128,-1.6086948424812377,-1.617147162679773,1.5727571502445252,1.282182728944158,25,0.7063492063492064,cluster-1,1.7945333382108268e-87,1.0,5.136293346666031e-26,8.898116104506274e-47,3.010923528074722e-27,
data,127,2.258489797876068e-56,1.4563688875183236,-1.642981942244402,-1.6514342624429375,1.274034274844673,1.24634559638416,12,0.7380952380952381,cluster-1,5.3719377853094675e-71,1.0,2.6538438591715797e-68,1.9254990472626386e-61,1.6958110155705077e-58,
data,127,1.9492285506515682e-30,1.5039559031171414,-1.5993267870324803,-1.6077791072310157,1.4500088428887794,1.3106087609250587,10,0.8095238095238095,cluster-1,1.0572639507999125e-80,1.0,2.6813270583628536e-32,5.876759439200813e-49,9.20830914516088e-41,
data,127,5.952701119886242e-24,1.545930294174798,-1.5501067394346704,-1.5585590596332057,1.100604920875369,1.32520551007024,26,0.6666666666666666,cluster-1,1.9755873004505296e-61,1.0,1.0323168752371794e-25,1.2158515984971573e-40,2.117131374595709e-28,
data,127,8.928231844210932e-40,1.483634941326525,-1.4184408112773745,-1.42689313147591,1.4471237302765134,1.2606089929639994,9,0.753968253968254,cluster-1,1.5251514161458179e-80,1.0,2.9046478032193758e-50,5.412002766888412e-57,9.45162628914879e-42,
data,127,2.2281159980898873e-30,1.520297019114546,-1.9073140302042322,-1.9157663504027678,1.214649350624385,1.2421446022635942,24,0.8174603174603174,cluster-1,1.0128151200991482e-67,1.0,1.673162531856113e-48,3.0706873916362945e-32,2.0931515514259095e-44,
data,127,1.0525422194210397e-40,1.5066047693235611,-1.7366373858113928,-1.7450897060099282,1.2410900686669535,1.256319861539474,20,0.7142857142857143,cluster-1,3.5251842199804193e-69,1.0,1.0880617260858939e-42,1.1710422053836801e-45,2.7049463601840993e-54,
data,127,4.222722975613353e-48,1.4685482306716553,-1.391779862050935,-1.4002321822494705,1.3090399794691192,1.268468758908188,14,0.6825396825396826,cluster-1,6.300534026947688e-73,1.0,4.352270977593891e-63,9.011284902360497e-62,3.710059308435978e-50,
data,127,5.0906793796750835e-49,1.3842864221569544,-1.4689966637318528,-1.4774489839303884,1.8888469305564102,1.193201604882002,5,0.7063492063492064,cluster-1,6.605314707586402e-105,1.0,4.390316798734042e-51,6.590582380447179e-85,3.966464933025026e-62,
data,127,1.5804475257522105e-30,1.4726953558532878,-1.8811181736743356,-1.889570493872871,1.4574645034910185,1.2413036907038393,10,0.7222222222222222,cluster-1,4.101696174094782e-81,1.0,2.1676970974586256e-32,2.329256819935461e-55,3.7447998945460754e-63,
data,127,3.7365771039314807e-32,1.5194150514589098,-1.7333488163985604,-1.741801136597096,1.1615467221718137,1.2629184683836,26,0.7301587301587301,cluster-1,8.598582196468489e-65,1.0,4.871391435494683e-34,2.2731695201626733e-44,8.90345363170998e-53,
data,127,7.189317102629379e-35,1.4663163072098484,-1.4672322911540354,-1.4756846113525708,1.6366221510519192,1.2809385371578603,20,0.7063492063492064,cluster-1,5.388301845918842e-91,1.0,8.657950490265973e-37,2.306230821712565e-50,6.112763835507788e-60,
data,127,5.381133816492188e-11,1.561623744339068,-1.3404852198803519,-1.348937540078883,0.9709517110989787,1.3425568016978586,26,0.7380952380952381,cluster-1,2.797504338652568e-54,0.9999999999980957,3.6425710425889436e-31,1.8746024386268206e-12,4.180711565573877e-14,
data,127,6.762095748609644e-38,1.5433847163975578,-1.9351789819912648,-1.9436313021898002,0.8624882735605315,1.2828334863392905,27,0.7619047619047619,cluster-1,2.6860553950925043e-48,1.0,9.12259111604899e-46,9.72452528236037e-44,7.505035009650711e-40,
data,127,1.9257393652512607e-29,1.5143403915004916,-1.7922714113250493,-1.8007237315235847,1.1783053180364174,1.2910142187255298,10,0.7857142857142857,cluster-1,1.0235281751614775e-65,1.0,2.7364562987718684e-31,2.117156133123682e-50,1.1050267334589428e-51,
data,127,5.996710524671558e-57,1.4577820738313054,-1.5459756926288755,-1.5544280128274108,1.3263200174166463,1.2603274493938226,14,0.7301587301587301,cluster-1,7.019238031641309e-74,1.0,2.7160339464964725e-59,1.7249942785910446e-59,3.160250459744519e-65,
data,127,5.607638488818642e-44,1.4953621246386248,-1.2801380307655634,-1.2885903509640988,1.3745846485528421,1.313421700007219,13,0.6746031746031746,cluster-1,1.5283927626548096e-76,1.0,5.08888840821152e-46,2.0023193293843005e-51,2.8017114142052665e-47,
data,117,1.0693924339280835e-24,1.5444456403926161,-1.9190855107755742,-1.9282602515038991,0.9538904173761353,1.1355386442224071,28,0.7931034482758621,cluster-1,3.392240860125578e-49,1.0,1.5876663950457222e-37,1.8040542883803786e-26,1.5561288410908495e-42,
data,127,1.8533202403129975e-52,1.4602205318479466,-1.3036024439053273,-1.3120547641038627,1.3628075066513903,1.2613517212799121,11,0.746031746031746,cluster-1,6.820370001621356e-76,1.0,2.8084905990014775e-58,3.7958662527575746e-66,1.4950674391488264e-54,
data,127,6.47929618523726e-44,1.4942152726187703,-1.6297422394039125,-1.6381945596024479,1.3140712948296014,1.2995051983776358,15,0.746031746031746,cluster-1,3.32562406495897e-73,1.0,6.224674870323527e-46,6.083756468796857e-52,3.90396076338365e-53,
data,127,1.931432391609049e-33,1.5429420539245524,-1.6280933290015993,-1.636545649200135,0.8986282949372539,1.288850212289023,18,0.7063492063492064,cluster-1,1.4106987883013135e-46,1.0,6.535515139978192e-44,2.7277066267138617e-50,2.4232144744940137e-35,
data,127,4.1456932161363194e-22,1.452732632800252,-1.7468921330970104,-1.7553444532955458,1.7107422595887674,1.23211456821024,16,0.7380952380952381,cluster-1,4.3987344152882255e-95,1.0,7.791333922724764e-24,2.4097326934470526e-69,5.145070828601684e-44,
data,127,2.5784656747447414e-45,1.4479958824878354,-1.5673604649821604,-1.5758127851806958,1.54740509273499,1.242419085774566,11,0.6349206349206349,cluster-1,4.490083148341056e-86,1.0,2.4020319969920477e-47,4.837118105199494e-63,4.073150989797622e-64,
data,127,4.122886677334192e-54,1.4393186191727168,-1.9426058070866141,-1.9510581272851495,1.6195313461183563,1.2465465536358822,11,0.7063492063492064,cluster-1,4.721740173288478e-90,1.0,2.594608156355747e-57,2.9601431237223854e-56,6.336618417981976e-65,
data,127,1.8565863997931747e-70,1.4006915897597725,-1.4170616330124262,-1.4255139532109615,1.3767459899421752,1.2183196446393216,5,0.6825396825396826,cluster-1,1.3048878285879702e-75,1.0,1.0994521368304517e-72,1.1615163443514486e-76,1.9109175180419156e-74,
data,127,1.0898733685575165e-05,1.5349175283421956,-1.7397772120678519,-1.7482295252244437,1.1477607066237083,1.3088350550764714,28,0.8333333333333334,cluster-1,4.9522176718052087e-64,0.9999992803504401,7.196495697689175e-07,3.243117537785628e-39,3.332085268780064e-28,
data,127,8.090997482955287e-68,1.4047798653295345,-1.6384799987312377,-1.646932318929773,1.482905710776021,1.2148911131087123,5,0.6190476190476191,cluster-1,1.620852680818617e-82,1.0,1.2712829506526466e-71,4.900452173979007e-70,3.816268290601278e-72,
data,127,3.9102486531661574e-48,1.4790692868207274,-1.7024164875661294,-1.7108688077646648,1.265605415884904,1.23790968745325,16,0.753968253968254,cluster-1,1.566852284033916e-70,1.0,1.3457292022939115e-60,3.433181690540175e-50,2.014378598237004e-58,
data,127,1.1215704859927435e-53,1.4166645901735095,-1.3562447855791708,-1.3646971057777062,1.6158097635103963,1.199151008426827,13,0.626984126984127,cluster-1,1.7623687200802098e-81,1.0,5.019493591561015e-56,7.574735275407166e-90,3.7803656949913896e-56,
data,127,3.5775557518758803e-43,1.4874729111489347,-1.5764342781126968,-1.5848865983112324,1.3905817467396653,1.278069967236275,23,0.7222222222222222,cluster-1,2.004050383961683e-77,1.0,2.16125072806677e-45,5.406838437023268e-59,1.3109448411801884e-45,
data,127,2.904142399332065e-31,1.5340978629411663,-1.8632122850793553,-1.8716646052778907,1.0132364588459646,1.3029425443245022,17,0.6904761904761905,cluster-1,1.3017830924263095e-56,1.0,4.4181624219776053e-48,3.891570125687838e-33,2.7234195188274457e-45,
data,127,6.77119472804469e-23,1.4985002238514795,-1.5005644550473671,-1.5090167752459025,1.6074747400959644,1.2576267164788109,30,0.7777777777777778,cluster-1,2.183177281456444e-89,1.0,1.2298933837672022e-24,1.9926918861618227e-47,3.697844888934587e-31,
data,127,3.0521001782596864e-08,1.5715568636056476,-1.4607757808655266,-1.4692281010602966,0.8270316536970965,1.374505201776195,24,0.7380952380952381,cluster-1,2.425152130785837e-46,0.9999999985715533,1.9258242307873743e-29,2.424010810934826e-19,1.4284384799271743e-09,
data,127,1.686128802594969e-46,1.4774399243256169,-1.3690372977669782,-1.3774896179655138,1.4495200810469981,1.2644953055361277,15,0.7063492063492064,cluster-1,1.1249708751378462e-80,1.0,3.465962450238997e-49,1.177396511967579e-48,1.1870323748229666e-58,
data,127,1.0990047550351122e-34,1.5179986950416136,-1.5547147735836,-1.5631670937821354,1.2023576150728958,1.3012367309474286,11,0.6825396825396826,cluster-1,4.824871567699185e-67,1.0,1.3303919873034836e-36,5.982526788629552e-49,4.5272561969644765e-46,
data,122,7.606140243295719e-06,1.4860117614016655,-1.8023136326524078,-1.8111123544272874,1.5432083880315062,1.233231966479209,26,0.6942148760330579,cluster-1,1.716957442895177e-82,0.999999510206556,4.897934300744612e-07,3.155033244291578e-50,6.750917412734802e-31,
data,127,2.6306801826898723e-10,1.5836391923820878,-2.0141442967212106,-2.022596616919724,0.71057777705155,1.314154838902491,19,0.7936507936507936,cluster-1,6.4239040104857316e-40,0.9999999999899956,1.0571902927202571e-22,9.990907334330974e-12,1.1032852106159959e-17,
data,127,3.272938214228347e-58,1.3606232085502397,-1.487425796628937,-1.4958781168274724,1.656644806148499,1.2140564493659425,6,0.5952380952380952,cluster-1,6.022653158816359e-91,1.0,2.384023631447719e-60,4.2373504268828634e-92,1.0605207449056997e-78,
data,127,8.208053572654632e-38,1.5027788007000806,-1.3729940099040354,-1.3814463301025708,1.3297916922982285,1.30303192589319,17,0.6984126984126984,cluster-1,4.51656595076056e-74,1.0,9.13104446182465e-40,8.810041238812632e-52,2.9892858925963777e-47,
data,127,1.1264085533845811e-29,1.5211789111728478,-1.5071646622785433,-1.5156169824770787,1.3300211748738928,1.3077050605591436,25,0.7142857142857143,cluster-1,4.386833518223983e-74,1.0,1.5883375951637637e-31,3.8706828227121254e-39,4.5691829519771326e-42,
data,127,7.541374856823003e-30,1.522558875582273,-1.4533990574633981,-1.4618513776619335,1.2751110407311148,1.2979958062900696,24,0.7698412698412699,cluster-1,4.685344425915274e-71,1.0,1.0573346772378817e-31,1.4388183217491108e-39,3.8301614008591177e-45,
data,127,4.993831879186518e-30,1.526435028005854,-1.5289729561392718,-1.5374252763378071,1.2435374823142222,1.2824453522697659,34,0.6746031746031746,cluster-1,2.5834124051733123e-69,1.0,6.960778594979741e-32,3.944789408548943e-43,5.9778775785953094e-40,
data,127,9.381160244554052e-46,1.448804338145498,-1.8733458030880905,-1.8817981232866259,1.460309847133366,1.2692560586598394,12,0.7222222222222222,cluster-1,2.8577709892690486e-81,1.0,8.65694429438015e-48,3.441084487925585e-67,1.1031199517613357e-64,
data,127,5.592806439774579e-62,1.3927568424130388,-1.4374238262026329,-1.4458761464011682,1.7117802176888532,1.2382946236240353,5,0.6587301587301587,cluster-1,3.85548260270886e-95,1.0,7.533950900421211e-77,3.80111553096255e-64,2.784540683051865e-66,
data,127,7.598918210828525e-28,1.398279383334252,-1.4690297044168308,-1.4774820246153662,1.9187778262641484,1.2454721465462333,12,0.6825396825396826,cluster-1,1.4758526961209883e-106,1.0,1.1402298944328193e-29,3.1576178476237633e-76,1.362221896647975e-66,
data,127,7.040617001568528e-31,1.494135542531951,-1.625138770876907,-1.6335910910754423,1.2882835808701403,1.27521347876101,18,0.7380952380952381,cluster-1,8.794371592207555e-72,1.0,2.4075134497329963e-58,4.502711903792075e-54,9.54933968560138e-33,
data,127,2.351862309276429e-25,1.5489521328423237,-1.75402027040016,-1.7624725905986953,1.1340657632181965,1.3313214028036573,31,0.7936507936507936,cluster-1,2.819357240061216e-63,1.0,3.863507559135594e-27,5.596282872032902e-31,2.577213234801517e-30,
data,127,2.38959729715271e-43,1.4831195136650155,-1.6758434866357037,-1.684295806834239,1.4316144327479083,1.2648914568402692,17,0.7777777777777778,cluster-1,1.0932876917929253e-79,1.0,2.3251317276722002e-45,5.485174960343274e-53,4.771148087000161e-54,
data,116,2.947993052231496e-30,1.5409773285811812,-1.5189389195935479,-1.5281927529143582,1.105859032992659,1.175578781336292,25,0.7652173913043478,cluster-1,1.9447187800380066e-56,1.0,3.0126116378996934e-35,1.70743233913999e-33,3.8947056974731493e-32,
data,127,5.58488755663304e-13,1.5063745731611529,-1.6518361249307947,-1.66028844512933,1.16783214178611,1.2890119412022578,16,0.626984126984127,cluster-1,3.870365851237483e-65,0.9999999999999716,1.6709335196061604e-14,2.4544162109763632e-51,1.7277993413668912e-52,
data,127,2.0814628282863365e-26,1.4589455801614746,-1.9025499238742618,-1.9110022440727972,1.7180598702017715,1.2446891398704878,20,0.746031746031746,cluster-1,1.7366888122813393e-95,1.0,3.289199830503173e-28,1.4658534474952355e-62,2.5267831526169365e-48,
data,127,2.407817476065641e-35,1.5082646243476285,-1.604150727039247,-1.6126030472377824,1.4052599809301183,1.2837308187256402,19,0.7619047619047619,cluster-1,3.1068820760518376e-78,1.0,1.285171109922849e-39,2.8476925548691646e-37,3.6144706582724675e-47,
data,127,6.065853501775932e-43,1.5072208665151963,-1.760725126491757,-1.7691774466902923,1.107111172413263,1.253638992161534,18,0.7142857142857143,cluster-1,2.423924493775392e-59,1.0,5.948313590319354e-45,8.646519492368344e-62,7.831167174485759e-48,
data,127,4.3042931987898354e-48,1.4274376636307307,-1.3966500590166708,-1.4051023792152062,1.7832332821342889,1.2412837642027679,17,0.7380952380952381,cluster-1,4.416278509920891e-99,1.0,3.78236785717801e-50,1.7358070449689672e-66,1.2168334138013908e-58,
data,127,3.3208750355306886e-53,1.4765799671537043,-1.5515052615188238,-1.5599575817173592,1.2622313011349655,1.2640673588834623,19,0.746031746031746,cluster-1,2.405075426515813e-70,1.0,4.461983975459414e-61,1.2759769201399363e-55,1.351943122584127e-55,
data,127,2.6738795176509084e-54,1.3247204162809576,-1.3359544408602977,-1.3426956853127578,2.275233831931287,1.1925657530252116,7,0.6587301587301587,cluster-2,3.22529707400647e-126,2.085551131555291e-56,1.0,1.7315660313570507e-83,9.0725773349478e-77,
data,127,2.5789562398473815e-86,1.1489020504479215,-1.5228285902128444,-1.5295698346653046,2.6320935346948815,1.0995964301422299,1,0.5793650793650794,cluster-2,6.6962299291432425e-146,1.2742481871264594e-88,1.0,3.2311293007272988e-114,3.1629069616667885e-93,
data,127,1.0108395102953543e-48,1.284267114511718,-1.4827438714936023,-1.4894851159460625,2.209019458200049,1.1550392139201535,11,0.6984126984126984,cluster-2,1.447604547150174e-122,8.77004288046941e-51,1.0,1.1268283003949431e-99,7.518426362758122e-90,
data,127,1.5378943240144686e-32,1.4763618148718547,-1.2099125178780143,-1.2166537623304745,1.7482800821619708,1.2882955219095413,7,0.6507936507936508,cluster-2,3.740366442302731e-97,1.256840225063197e-35,1.0,8.515230419893583e-54,1.8499311289838833e-34,
data,127,1.1280354984987421e-43,1.3945250746162388,-1.535893477792815,-1.5426347222452752,1.7842818132535678,1.1877100304241819,5,0.6904761904761905,cluster-2,3.865665769449176e-99,1.0895677838544733e-45,1.0,8.226614409844763e-78,1.4834078283410993e-72,
data,127,6.198385209603398e-65,1.247444124501398,-1.9232086421936516,-1.9299498866461118,2.342572069543553,1.0903787618251666,10,0.6111111111111112,cluster-2,6.230205122359634e-130,4.054588406973916e-67,1.0,2.7091582059148015e-100,7.005614985636523e-91,
data,127,4.307023236217909e-28,1.3468436715572194,-1.6595270352100764,-1.6662682796625365,2.2205903060792935,1.1606718030943375,10,0.6825396825396826,cluster-2,3.330084124205074e-123,6.407343520116098e-30,1.0,4.8837721407631644e-91,2.835011050606403e-67,
data,127,6.785467535914213e-35,1.405522931179756,-1.4765179251122662,-1.4832591695647264,1.813370231568344,1.223562896802286,17,0.7063492063492064,cluster-2,9.61260235816659e-101,8.165847964143728e-37,1.0,1.0160117298876886e-74,1.927196042342886e-69,
data,127,3.621951019340338e-43,1.3627826651087895,-1.7211568036417322,-1.7278980480941926,1.8807046244463586,1.1949639136992207,12,0.746031746031746,cluster-2,1.8577431052296852e-104,3.538700624908702e-45,1.0,1.4154614354352618e-87,4.830113815319863e-77,
data,127,5.781765028133096e-65,1.2271036301336253,-1.6700119859590306,-1.6767532304114907,2.120635025144562,1.0993514097538246,5,0.6507936507936508,cluster-2,1.0852470825767065e-117,3.7803301157336695e-67,1.0,6.1635651940186965e-108,7.11735265805431e-105,
data,127,2.4541666354371877e-59,1.2721933762323547,-1.9975802203801674,-2.0043214648326275,2.1601557694082185,1.1025891344531422,7,0.6507936507936508,cluster-2,7.173749383066829e-120,1.754283988351165e-61,1.0,1.042916281804156e-101,7.970175121673861e-90,
data,127,1.0655322053282508e-59,1.3568919808550002,-1.2446363554226132,-1.2513775998750734,2.0320348063791833,1.2006645634817357,7,0.6666666666666666,cluster-2,8.361978804334802e-113,7.571145440498407e-62,1.0,1.2964995194398298e-72,4.525717089864611e-77,
data,127,4.4736975249562115e-51,1.2439115028500445,-1.6517513004813607,-1.6584925449338208,2.5845758633350764,1.1269586720844906,11,0.5714285714285714,cluster-2,2.7969615145909143e-143,3.705626483849232e-53,1.0,3.984336254449978e-111,1.3657236062365303e-81,
data,127,3.849526329467463e-43,1.374037081189515,-1.7419124813530389,-1.748653725805499,1.9637565312423106,1.1830106225568406,5,0.5952380952380952,cluster-2,4.877806682758167e-109,3.763307785841789e-45,1.0,9.337138849370167e-85,3.6187502478210577e-68,
data,127,8.29898631075599e-51,1.3396611953968567,-1.5920785017839567,-1.5988197462364169,2.1928754190760333,1.163959187226045,8,0.6349206349206349,cluster-2,1.1248143835270961e-121,6.90982966713468e-53,1.0,6.498079931847759e-88,1.3303544243391724e-69,
data,127,2.0854090164460286e-47,1.392445698901705,-1.758372149129552,-1.7651133935820122,1.8786546602023868,1.2005764772111016,5,0.7063492063492064,cluster-2,2.4101954063233878e-104,1.8585393705905134e-49,1.0,2.5777061360573746e-74,4.309285802944576e-70,
data,127,7.615681779466058e-57,1.3042747375934713,-1.5050702432947836,-1.5118114877472437,2.091117318220965,1.1643693611920982,10,0.6428571428571429,cluster-2,4.6088177614772695e-116,5.6784355308599295e-59,1.0,5.960544448817508e-94,1.9592921230345477e-85,
data,127,3.058901022016418e-69,1.172398460063499,-1.5241690808393824,-1.5309103252918426,2.6226891945666213,1.0992019562775228,6,0.5634920634920635,cluster-2,2.2107034635434554e-145,1.8783184399033983e-71,1.0,5.456071382503963e-110,6.473561173972823e-103,
data,127,6.077073241353215e-70,1.1596905721785467,-1.741331085445374,-1.7480723298978342,2.3821665846456694,1.0649212857781558,3,0.6349206349206349,cluster-2,4.0799144710321603e-132,3.6947362302904754e-72,1.0,8.44973137698823e-123,3.844825588684199e-107,
data,127,7.236500855159858e-36,1.4417563355237564,-1.3159367118294782,-1.3226779562819386,1.7939109501876231,1.2689955526062278,20,0.6587301587301587,cluster-2,1.1379558429041803e-99,8.471495390657253e-38,1.0,4.5738367932825376e-73,5.504912703451447e-41,
data,127,1.5937505704555487e-54,1.3257565940231886,-1.5006526436392718,-1.507393888091732,2.3043378694789616,1.2058221088850956,7,0.6031746031746031,cluster-2,8.00432867250468e-128,1.2380449946290102e-56,1.0,6.039999414535211e-84,4.984909704266085e-74,
data,127,4.03703813219836e-56,1.351323294523374,-1.312118049681656,-1.3188592941341162,1.9184525857760213,1.1969514269965886,11,0.6428571428571429,cluster-2,1.5380901182599324e-106,3.0483086106508066e-58,1.0,5.517626457328633e-88,5.9010583750551495e-74,
data,127,1.809961995639728e-59,1.266059988415794,-1.340459868663878,-1.3472011131163382,2.1994640921044537,1.177639264460391,1,0.5873015873015873,cluster-2,4.871693646581137e-122,1.2909645436646178e-61,1.0,3.3809085028358345e-103,1.4945333223180582e-89,
data,127,1.1551482867626998e-53,1.3373563782084803,-1.2807332436869463,-1.2874744881394065,2.008814413716474,1.2033258813017005,4,0.6349206349206349,cluster-2,1.5960227931483069e-111,9.11468334581436e-56,1.0,1.2885324183766403e-86,1.5939609984966133e-80,
data,127,3.334892261199734e-53,1.2903463750042439,-1.7584394319789616,-1.7651806764314217,2.2353320985328495,1.1370385746830105,16,0.6428571428571429,cluster-2,5.121129486682153e-124,2.6537703017121368e-55,1.0,1.400069875918558e-103,1.4009371477463114e-78,
data,127,1.4478724065789165e-12,1.475441594126398,-1.6765309731791338,-1.6832722176315937,1.6572938453494097,1.228433388865898,21,0.7380952380952381,cluster-2,3.902081762881658e-92,4.527191749327415e-14,0.9999999999999432,4.647147548764186e-55,7.825917181265973e-39,
data,127,8.46725823373261e-59,1.3549079838583766,-1.4194280669445127,-1.426169311396973,2.2522059162770667,1.1856752475934575,5,0.6190476190476191,cluster-2,6.0073592365508e-125,6.107003809941928e-61,1.0,3.3320130695909407e-72,2.6453852559223777e-67,
data,127,1.9048986143015098e-76,1.1946773789382936,-1.2546824057271162,-1.2614236501795764,2.4300551527128444,1.1097715776670083,4,0.6507936507936508,cluster-2,9.318327498701916e-135,1.060973945058405e-78,1.0,2.4258213688742663e-111,2.3226560220725694e-92,
data,127,4.913594134614623e-62,1.3192970111913955,-1.805421844242126,-1.812163088694586,1.8676599217212106,1.1439046659543015,3,0.6746031746031746,cluster-2,9.738037540320338e-104,3.361954050677e-64,1.0,3.338136723034662e-92,8.443055360121855e-87,
data,127,4.180708228402506e-54,1.2933249814235372,-1.3534203476793185,-1.3601615921317787,2.1653381107360357,1.1650780066455158,11,0.6031746031746031,cluster-2,3.714600353027485e-120,3.2723327922967347e-56,1.0,1.2631797234510993e-103,7.897157417038536e-80,
data,127,5.164538296348036e-47,1.4052594710297168,-1.6652397095687745,-1.6719809540212347,1.7769970030296505,1.2158784864391516,7,0.6507936507936508,cluster-2,9.750365989061589e-99,4.640536372592934e-49,1.0,3.858103400363896e-79,2.654236687312155e-62,
data,127,1.4229733355182167e-39,1.360738178553066,-2.0828340785709893,-2.0895753230234493,2.206330787478469,1.1412622579407716,10,0.6666666666666666,cluster-2,2.0367824564795204e-122,1.5139419923290168e-41,1.0,9.616411842131463e-87,3.6510133877434856e-62,
data,127,1.9912764695838897e-35,1.2684544825628516,-1.3617587352362204,-1.3684999796886808,2.3999600147637796,1.1614968279104192,21,0.6666666666666666,cluster-2,4.2584084756367984e-133,2.361108251243239e-37,1.0,6.838585776547973e-112,1.7959006989708227e-82,
data,127,9.966159996973071e-56,1.2993918812436387,-1.4097368135226993,-1.4164780579751595,2.426174253929318,1.1618348989901426,7,0.5873015873015873,cluster-2,1.5254237070825844e-134,7.577401864860275e-58,1.0,5.6958230413824844e-93,3.603491789446455e-73,
data,127,4.983485556702787e-59,1.340440477823993,-1.3728379377229947,-1.3795791821754548,2.0172528845118727,1.2141348504533807,3,0.6349206349206349,cluster-2,5.465273042028653e-112,3.5805484608012e-61,1.0,7.003393656406242e-92,2.204280588091695e-68,
data,127,5.995476787840183e-47,1.2784468751233462,-1.7603245532418799,-1.76706579769434,2.4254366656926676,1.1167473570498596,10,0.5873015873015873,cluster-2,1.6752223759620792e-134,5.394463608719103e-49,1.0,1.1881570945960239e-86,1.013345079255485e-96,
data,127,3.338759382122118e-36,1.491037903283668,-1.4704809714490035,-1.4772222159014636,1.4935923899252586,1.253479563377186,15,0.7619047619047619,cluster-2,4.171723242285675e-83,3.875811810003197e-38,1.0,1.2886235277846658e-52,2.6598039112615636e-45,
data,127,8.328437233290117e-44,1.4822942970201918,-1.7987210731806718,-1.805462317633132,1.3998027411032847,1.2327776633251877,17,0.7063492063492064,cluster-2,6.213281221262975e-78,8.000571947876923e-46,1.0,1.9317314727475157e-60,1.8828815368706968e-48,
data,127,2.266068857508963e-70,1.2246901573898166,-1.6113490307424951,-1.6180902751949553,2.400042195958415,1.1334695326672346,6,0.5476190476190477,cluster-2,4.2141945484670215e-133,1.3694599848520934e-72,1.0,4.756556622165327e-106,1.800387182692497e-89,
data,127,1.974048134533721e-50,1.2621949934401855,-1.7874241626168799,-1.79416540706934,2.2365616926058074,1.14397579444785,9,0.5317460317460317,cluster-2,4.3807352268995456e-124,1.6556608368399424e-52,1.0,1.5392139290680022e-110,9.085544232756227e-89,
data,127,3.0327394573719506e-52,1.4081743205982873,-1.070614431786725,-1.0773556762391852,1.7725470835768329,1.2455451663672548,8,0.5952380952380952,cluster-2,1.7157657787135958e-98,2.4568386385001377e-54,1.0,6.7485037748397495e-75,1.1580433461191837e-61,
data,127,1.0371290563822942e-73,1.2148739186614146,-1.5664037268931472,-1.5731449713456074,2.211586178757074,1.0991583659726696,7,0.4603174603174603,cluster-2,1.0449161501694342e-122,5.987809991692567e-76,1.0,2.999377217422667e-111,2.0810514340776093e-95,
data,127,2.411745524791618e-70,1.2564532792051641,-1.2894234244279035,-1.2961646688803636,2.3081487220103343,1.1686468432171138,3,0.6111111111111112,cluster-2,4.933280625010286e-128,1.4580495179842724e-72,1.0,1.221750988467759e-101,1.3227153697587523e-81,
data,127,6.166503336931185e-49,1.342512565744612,-1.473086740088275,-1.4798279845407354,2.2170572355976255,1.1480730797700942,12,0.6111111111111112,cluster-2,5.215826272250246e-123,5.327016262542951e-51,1.0,5.250710104824521e-90,3.18542543344282e-65,
data,127,2.8056210646755945e-26,1.5445553512879973,-1.2679941973348303,-1.2747354417872905,1.0589692123292938,1.3081709138870825,18,0.7619047619047619,cluster-2,3.9095822264302466e-59,2.7340592209241084e-29,1.0,7.719450055474399e-45,4.164923005527686e-28,
data,127,8.103164297843146e-46,1.399197012834362,-1.086255531611405,-1.0929967760638652,1.9640826127660556,1.2530413641049636,6,0.6428571428571429,cluster-2,4.679930760531648e-109,7.46742268718943e-48,1.0,1.5829360761150046e-76,3.717467635984261e-58,
data,127,3.844458139381663e-46,1.379497806646897,-1.8424383448803519,-1.849179589332812,2.0845602441021778,1.1702177104182643,17,0.7301587301587301,cluster-2,1.0598577418743837e-115,3.518437358615349e-48,1.0,1.4023943654597208e-74,4.189107606988147e-67,
data,127,3.6661910165406766e-63,1.279753279609591,-1.4629398856576032,-1.4696811301100636,2.1455169437438486,1.1355162081611112,5,0.6507936507936508,cluster-2,4.604224312174079e-119,2.4643997801331815e-65,1.0,1.4088770984538977e-89,1.3325004611095093e-95,
data,127,6.980369368165676e-39,1.4056084915400313,-1.6013553649421752,-1.6080966093946354,1.5946897972287155,1.22007314245053,15,0.6507936507936508,cluster-2,1.1072549511989999e-88,7.555847906271112e-41,1.0,2.177058016644739e-80,1.7552755814150716e-75,
data,127,2.5870725616623423e-71,1.2189660922432617,-1.3952712411955586,-1.4020124856480187,2.207097932109683,1.1111479327480789,1,0.48412698412698413,cluster-2,1.8477043327967549e-122,1.5430937089773677e-73,1.0,1.0089055189745962e-111,2.513446707518288e-95,
data,127,3.1372177510668667e-48,1.2962714969368927,-1.330631286140502,-1.3373725305929622,2.41658728892409,1.2030053976963428,5,0.5952380952380952,cluster-2,5.154225005938554e-134,2.749100294937851e-50,1.0,2.572908078916011e-92,4.948647031276928e-81,
data,127,3.2648449053022125e-19,1.4979003732167113,-1.69306224913109,-1.6998034935835502,1.4096289206677535,1.2744533720944293,24,0.7142857142857143,cluster-2,1.7838328373504819e-78,7.035807144946156e-21,1.0,5.64335880522816e-54,1.0206310206461648e-43,
data,127,6.272430683208458e-38,1.458661871712375,-1.2826851672074926,-1.2894264116599528,1.5300032247708537,1.254985093773759,11,0.7777777777777778,cluster-2,4.0931848484955885e-85,6.665650595100533e-40,1.0,5.0892378180022584e-76,2.7797683501196967e-41,
data,127,3.619779652058228e-47,1.397501987371589,-1.6218539260503815,-1.6285951705028416,1.9878844013364296,1.212792473495978,10,0.6349206349206349,cluster-2,2.2774155278764905e-110,2.6536771716736898e-49,1.0,4.124226530435958e-81,5.74721683694654e-50,
data,127,5.300883476718866e-44,1.3043306068977325,-1.4900453822819266,-1.4967866267343868,2.34103381539893,1.1753166614310326,13,0.6428571428571429,cluster-2,7.574349957803816e-130,5.082680176203862e-46,1.0,1.7729873559859525e-98,8.152458062492839e-76,
data,125,2.28443917082195e-44,1.384630789499592,-1.65617333984375,-1.6630224442074495,1.55622216796875,1.1664745016846472,12,0.6451612903225806,cluster-2,3.2935364898817056e-85,2.1726984965563083e-46,1.0,9.092020776805245e-83,1.9757912845234962e-83,
data,127,1.6660548773469987e-26,1.4861682649317285,-1.0851802075003076,-1.0919214519527678,1.5383479801688609,1.3083075032803924,23,0.6746031746031746,cluster-2,1.4184141092789486e-85,2.623379290728483e-28,1.0,4.280911235243775e-61,1.6378481458831e-34,
data,127,7.499208286558835e-37,1.3573106040601592,-1.7742123340997171,-1.7809535785521773,2.279755720003383,1.1784851061833825,15,0.6349206349206349,cluster-2,1.8161979486876713e-126,8.555441627263876e-39,1.0,1.2477969833021439e-80,2.89658806775113e-68,
data,127,3.202758106752071e-51,1.3206803814835812,-1.5034463236651083,-1.5101875681175685,2.186289149006521,1.166025564594654,5,0.5476190476190477,cluster-2,2.5962661805118746e-121,2.6455050161468873e-53,1.0,5.063695181491977e-91,6.427456574467322e-78,
data,127,7.302958965960385e-36,1.4532056828440707,-1.6014858456108514,-1.6082270900633115,1.703521728515625,1.2242937958504991,18,0.7301587301587301,cluster-2,1.1004720454227327e-94,8.556327209545028e-38,1.0,6.271209740074616e-65,9.155373396788633e-51,
data,127,7.792778468788348e-27,1.482076205983303,-1.4821666807640257,-1.4889079252164859,1.483370563176673,1.2641402303862437,15,0.7936507936507936,cluster-2,1.5279333979636714e-82,1.2123206464408414e-28,1.0,7.998246666730588e-55,2.2039431519906774e-54,
data,127,3.6971356666208675e-30,1.4639929091137736,-1.350851945051058,-1.3575931895035183,1.7102146899606299,1.2696427791012799,18,0.6984126984126984,cluster-2,4.7035531357606655e-95,5.13153826482998e-32,1.0,6.550502516810108e-63,7.657339609626283e-43,
data,127,1.5541771727121546e-41,1.4016100105314253,-1.3192402997354822,-1.3259815441879426,1.8209319828063484,1.2087932454009462,12,0.5714285714285714,cluster-2,3.6793370113555874e-101,1.576953681451082e-43,1.0,6.275794996596239e-83,1.7883323868471045e-60,
data,127,5.95233303259164e-57,1.2994546071692277,-1.4092480516809178,-1.415989296133378,2.1398876520592394,1.1691602190734023,5,0.5238095238095238,cluster-2,9.411141513248434e-119,4.430001857026325e-59,1.0,6.701656056808956e-91,1.365213484504053e-88,
data,127,1.250452055022371e-63,1.2746614437245092,-1.7305640273206815,-1.7373052717731419,2.28580973467489,1.1219634060312411,9,0.5793650793650794,cluster-2,8.418826992820644e-127,8.34474811702614e-66,1.0,1.0902033273743663e-106,1.785818671703035e-73,
data,127,6.950359051764262e-72,1.201200280355104,-1.4298267514686884,-1.4365679959211486,2.4751251701294907,1.116728896137142,7,0.626984126984127,cluster-2,3.0442699957163467e-137,4.1131959261624404e-74,1.0,6.269321659890196e-117,4.4665081904869894e-86,
data,127,1.5390652245931776e-51,1.3016567031369886,-1.4697659710260826,-1.4765072154785428,2.0642556017778055,1.164648034289561,5,0.5634920634920635,cluster-2,1.3968772024827118e-114,1.2635684993238759e-53,1.0,5.510525188667323e-100,9.747566893857417e-86,
data,127,2.094636944902662e-38,1.4442940658338985,-1.2778214582308072,-1.2845627026832673,1.755050539031742,1.246020720951645,21,0.6825396825396826,cluster-2,1.5830218178356726e-97,2.2949215080376057e-40,1.0,1.8005918657455134e-68,4.579339668803749e-49,
data,127,2.7059191178301215e-34,1.4269377628474342,-1.6901969609298104,-1.6969382053822708,1.7034514419675812,1.212275507539607,19,0.6507936507936508,cluster-2,1.1103392636551025e-94,3.3122029727367004e-36,1.0,6.576702394142506e-75,4.711859556508178e-61,
data,127,4.951912586416408e-49,1.3613825527387522,-1.4033510703740157,-1.410092314826476,1.9730472114142472,1.2005825115433466,11,0.6111111111111112,cluster-2,1.49897162063274e-109,4.269614664177116e-51,1.0,1.6675323399652959e-90,2.5101780488762554e-66,
data,127,1.2974453034175952e-29,1.4549856931819418,-1.4195896659310407,-1.4263309103835011,1.6187067707692546,1.2588706907362925,13,0.6666666666666666,cluster-2,5.243024265595522e-90,1.8332214463858134e-31,1.0,1.6836568196784942e-70,1.5751812773305723e-49,
data,127,4.0325330705531395e-63,1.251303157033373,-1.8165814257043553,-1.8233226701568155,2.150564358929011,1.1448606537542072,3,0.5714285714285714,cluster-2,2.425293340690798e-119,2.7124017890516053e-65,1.0,2.7710514041862137e-111,4.805604058679326e-89,
data,127,4.096499383448128e-37,1.3318121689288627,-1.677216537355438,-1.6839577818078981,2.2085504006213093,1.1776978282202977,12,0.6904761904761905,cluster-2,1.536459073991372e-122,4.641091084620256e-39,1.0,3.5020153083229086e-96,5.4880130085334504e-71,
data,127,1.427857101522729e-28,1.3507104387014128,-1.2889500415231299,-1.29569128597559,2.134308822511688,1.2113374657845342,11,0.6746031746031746,cluster-2,1.9113704814514546e-118,2.0893213260091665e-30,1.0,3.0584926402413353e-93,5.0146999739040857e-67,
data,127,6.479483340027826e-63,1.2524257838404411,-1.3935382272314838,-1.400279471683944,2.229040311077448,1.158017591426516,11,0.6111111111111112,cluster-2,1.1386540778351121e-123,4.372335387454411e-65,1.0,4.707805066827127e-96,1.1011117206521552e-99,
data,127,1.6874156982675158e-22,1.4741866051297476,-1.8277811365803396,-1.8345223810327997,1.636085570327879,1.2540363713840117,22,0.7619047619047619,cluster-2,5.768292046048818e-91,3.1176289139812567e-24,1.0,7.012220831519829e-53,3.2402311645320676e-51,
data,127,4.7106395777777974e-49,1.3392871381499554,-1.1158341535433072,-1.1225753979957673,2.220514492725763,1.2026903804624842,2,0.6507936507936508,cluster-2,3.3623020123057776e-123,4.0598217109998563e-51,1.0,6.904282422402781e-87,1.3327156686605394e-70,
data,127,1.516020948804082e-45,1.2937548976259041,-1.0513724980391854,-1.0581137424916458,2.3746432807501847,1.1989701051795478,6,0.6031746031746031,cluster-2,1.0607227622481187e-131,1.4052679669603914e-47,1.0,2.292051824777038e-100,1.4062224827261456e-77,
data,127,8.492381348079834e-49,1.3482615268307692,-1.3382371316744586,-1.344978376126919,2.113010436531127,1.20332233346865,12,0.5634920634920635,cluster-2,2.8580238968168963e-117,7.35677370236244e-51,1.0,1.0343419166510376e-87,4.526579238956655e-70,
data,127,5.489851083251057e-67,1.3248681558906419,-1.537664458507628,-1.5444057029600882,1.9919174074187993,1.167212083010211,9,0.6190476190476191,cluster-2,1.3645838183393728e-110,3.4827326063756844e-69,1.0,2.514654454493886e-88,2.1496970620258685e-76,
data,127,1.0323493441772235e-50,1.409999821917509,-1.3068636195866141,-1.3136048640390743,1.8465141236312748,1.215705024105167,7,0.7063492063492064,cluster-2,1.4281584029781348e-102,8.611239583567284e-53,1.0,2.845929646710926e-62,7.603299075656098e-70,
data,127,1.1291121649157356e-41,1.3563912893864136,-1.8244840366633859,-1.831225281115846,1.8936767578124998,1.1774812529665208,10,0.6428571428571429,cluster-2,3.5768642980277115e-105,1.1419193789957752e-43,1.0,1.865364650945658e-87,7.639860538768667e-81,
data,127,2.312374610974847e-38,1.3654216075590244,-1.8103160707969366,-1.8170573152493967,1.948908407857099,1.1832993578639295,10,0.6666666666666666,cluster-2,3.2149835643697717e-108,2.5362572897141816e-40,1.0,3.682091824560696e-92,3.3050810822576577e-68,
data,127,9.117351390031625e-45,1.3867721357482479,-1.384010375015379,-1.390751619467839,1.9383100374477118,1.2061629693256335,7,0.6428571428571429,cluster-2,1.2351966578190607e-107,8.59557817966842e-47,1.0,6.183233872929555e-84,6.73245552869417e-61,
data,127,1.1238931126777754e-60,1.2550421648211216,-1.6645630363404282,-1.6713042807928884,2.3295244832677167,1.1432803914098089,11,0.6031746031746031,cluster-2,3.2669852613317866e-129,7.8593286606019e-63,1.0,3.111134238743682e-104,4.36765215421531e-87,
data,127,4.1659732407058796e-68,1.2057215399557155,-1.6241684560700664,-1.6309097005225266,2.237802220141794,1.121894999013162,4,0.5952380952380952,cluster-2,3.742184655050015e-124,2.600070132658033e-70,1.0,4.4250587676764615e-109,5.392105799918742e-106,
data,127,7.922864342467796e-41,1.333904022949173,-1.7212045023760458,-1.727945746828506,2.15303928645577,1.1522790539201144,15,0.6190476190476191,cluster-2,1.7711635197422165e-119,8.17548529108712e-43,1.0,8.57453989807166e-95,5.337167411403906e-73,
data,127,1.1540986526063799e-15,1.5520783748052158,-2.1736531895915356,-2.1803944340439956,0.9774333323080708,1.2761626284084566,26,0.6984126984126984,cluster-2,1.228214905083864e-54,3.0343918758030635e-17,1.0,5.6145524541204804e-43,3.9732008805674965e-26,
data,127,1.889764832608766e-49,1.3613014322865955,-1.3419649619755782,-1.3487062064280384,1.8983746626245694,1.1923060371075727,12,0.6666666666666666,cluster-2,1.9696435968033265e-105,1.6158467971743744e-51,1.0,2.3787571592587913e-88,5.409481876799735e-73,
data,127,1.9080990076828658e-63,1.2951214042810297,-1.6919011393869956,-1.6986423838394558,1.956754068690022,1.1405010224558199,6,0.6428571428571429,cluster-2,1.1869931202825898e-108,1.2769735147260808e-65,1.0,6.040739820878107e-98,1.5928847095670468e-88,
data,127,6.053844759930238e-51,1.3400365040287505,-1.473687119371309,-1.4804283638237692,2.135324312945989,1.1699355748105646,7,0.6190476190476191,cluster-2,1.680099855013334e-118,5.027185428189914e-53,1.0,2.0041166366512317e-87,5.662258679248279e-73,
data,127,1.5920601485442022e-51,1.3673473040556143,-1.4260146974578618,-1.432755941910322,1.9722723773145299,1.2128242171718677,5,0.626984126984127,cluster-2,1.6539778709581278e-109,1.3074435884769105e-53,1.0,3.333405590367045e-83,5.095180651365393e-69,
data,127,1.1211079315395358e-41,1.4402984587624375,-1.4377620426688607,-1.4445032871213208,1.5875300610159329,1.2378521298080045,6,0.6904761904761905,cluster-2,2.7488164423943573e-88,1.133741950766592e-43,1.0,8.793094640987655e-65,2.4939604946306356e-67,
data,127,2.958310835199028e-77,1.11734288929689,-1.6740431898222194,-1.6807844342746796,2.6807109201986963,1.0699912878541036,1,0.5793650793650794,cluster-2,1.3941806539560174e-148,1.6306850107980392e-79,1.0,3.364149487341623e-123,1.0105065523790383e-106,
data,127,2.118736520382737e-33,1.4200390011280255,-1.5235774723563607,-1.5303187168088208,1.8844889242818037,1.2458228900271524,9,0.7380952380952381,cluster-2,1.1488440783255094e-104,2.661339839982548e-35,1.0,4.65645430152296e-74,3.0200370633089416e-55,
data,127,3.4233720702333334e-57,1.379706616186712,-1.6618895042599655,-1.6686307487124257,1.917635219303642,1.2079027189132692,13,0.6428571428571429,cluster-2,1.7063336524160003e-106,2.5373069187011485e-59,1.0,1.1069781855892417e-77,1.0802037675065972e-65,
data,127,1.1400677576341436e-62,1.2203587126483086,-1.5008017472394808,-1.507542991691941,2.3337629423366755,1.132697592347327,7,0.6031746031746031,cluster-2,1.9070991529536085e-129,7.722788116265922e-65,1.0,7.652478488668807e-114,5.918402061779632e-94,
data,127,9.838327855495693e-63,1.3093079825341356,-1.2284627599040354,-1.2352040043564956,2.0435247946911907,1.1844452224545676,3,0.6507936507936508,cluster-2,1.943453572741269e-113,6.657764251098521e-65,1.0,3.967010663013618e-99,4.3753497818064546e-75,
data,127,1.9372310220781396e-56,1.3315341329880002,-1.2859968050258366,-1.2927380494782967,1.9948658379982778,1.1982471436882927,9,0.5793650793650794,cluster-2,9.383791538694642e-111,1.454648797526618e-58,1.0,9.12258639788464e-92,1.9091294930866734e-77,
data,127,5.376802538722002e-43,1.326919100271973,-1.8032120832308072,-1.8099533276832673,1.9918006236158956,1.123310334371716,8,0.5952380952380952,cluster-2,1.3849735335773392e-110,5.273774979723288e-45,1.0,2.503568122228928e-90,2.8822833156116203e-89,
data,127,8.712260067644924e-67,1.201277983787516,-1.7068998081477609,-1.713641052600221,2.8033656323049945,1.1032359610268794,7,0.6507936507936508,cluster-2,2.3946907787128683e-155,5.543355105801286e-69,1.0,1.9058371185973925e-118,1.888603261828135e-75,
data,127,1.01500214806227e-62,1.26893630471697,-1.4978462279312255,-1.5045874723836856,2.3544544610451523,1.120660454823972,6,0.6190476190476191,cluster-2,1.377603694452957e-130,6.870152596872094e-65,1.0,1.8132839722861633e-88,1.2715846240736988e-92,
data,127,7.125390232548045e-61,1.291425300750777,-1.5875123992679625,-1.5942536437204229,2.254980372631644,1.148446542383102,3,0.626984126984127,cluster-2,4.2233527369424154e-125,4.966810337172337e-63,1.0,8.998712262366153e-92,2.1936859831107893e-83,
data,127,1.4106510429754902e-51,1.3593265567167114,-1.5378397543599287,-1.5445809988123889,2.0398471862312375,1.2028613202071936,7,0.5952380952380952,cluster-2,3.100374333552596e-113,1.157306140442168e-53,1.0,2.224468046072398e-84,5.614949384514239e-69,
data,127,2.8889825977374065e-48,1.324690115103961,-1.3753248800442914,-1.3820661244967516,2.108387383889026,1.1820451169887924,5,0.6666666666666666,cluster-2,5.141054049281401e-117,2.529731807754523e-50,1.0,1.5823025646907183e-98,1.552090763746696e-73,
data,127,1.1010789478658615e-42,1.2613731150912895,-1.2296613558070866,-1.2364026002595467,2.333370418999139,1.1570472504613516,7,0.6746031746031746,cluster-2,2.004578438102412e-129,1.087703723912212e-44,1.0,2.6195245652182645e-114,6.963698227107572e-85,
data,127,2.84699128433575e-35,1.382353132134043,-1.2383701594795768,-1.245111403932037,2.0573629544475884,1.2424249797956246,11,0.6746031746031746,cluster-2,3.352161583225183e-114,3.3902951939653627e-37,1.0,5.984672363534005e-79,4.0037928092378557e-66,
data,127,1.5313827468833998e-41,1.4630465893322044,-1.6460485984021285,-1.6527898428545886,1.6418282816729206,1.2494053937328586,12,0.753968253968254,cluster-2,2.781670620951986e-91,1.5475148656274651e-43,1.0,1.7123186666613992e-62,5.689726627060843e-46,
data,127,1.3641809533519957e-49,1.3023417275273699,-1.606053029458354,-1.612794273910814,2.239007063738004,1.1340248710627647,8,0.6111111111111112,cluster-2,3.211231269132493e-124,1.1631761431226028e-51,1.0,1.289247963224395e-97,5.783328815795355e-80,
data,127,7.714137209736472e-49,1.258367138499235,-1.3410752664400836,-1.347816510892544,2.3551027793583907,1.1531304222463032,13,0.5634920634920635,cluster-2,1.268720751719494e-130,6.676988985621359e-51,1.0,5.858724130189817e-107,1.6781453801998247e-89,
data,127,2.0035792948535134e-55,1.3085429803411501,-1.4158231479915109,-1.422564392443971,2.19290329339936,1.1465246528699793,9,0.6111111111111112,cluster-2,1.120839536379457e-121,1.5315416786806755e-57,1.0,3.982973659105275e-86,1.0191730686445872e-86,
data,127,4.2643000467069654e-39,1.468637341731578,-1.0849846066452387,-1.0917258510976988,1.4587802436408095,1.3005669478601376,18,0.7142857142857143,cluster-2,3.470510114222638e-81,4.322240261691318e-41,1.0,1.6137905683095572e-72,2.580542285252851e-42,
data,127,4.189251871945071e-30,1.4173306585024705,-1.670860230453371,-1.6776014749058312,1.8346346156803641,1.2035336488842505,11,0.6825396825396826,cluster-2,6.4564736490230766e-102,5.8248294152697e-32,1.0,1.1965389390261633e-80,1.2624465500470346e-52,
data,127,8.116736046402972e-62,1.2878075923438002,-1.3833138773760458,-1.390055121828506,2.315474022091843,1.171081057350308,5,0.6666666666666666,cluster-2,1.9458348184851188e-128,5.572861855882153e-64,1.0,9.763720593574135e-93,1.1867021614262103e-80,
data,127,1.0850923447514133e-50,1.321406254891525,-1.8014695775790477,-1.8082108220315078,2.135546226201095,1.1433388221604097,10,0.6190476190476191,cluster-2,1.6334106397021804e-118,9.054985324946749e-53,1.0,3.4129957211942477e-94,3.623167594500324e-77,
data,127,1.743878363677696e-44,1.3939638951867088,-1.2679644006443775,-1.2747056450968377,1.7743884709876354,1.2186610985313944,10,0.7222222222222222,cluster-2,1.3579867851629852e-98,1.6542896053315883e-46,1.0,7.900610522702948e-83,9.78857021814552e-68,
data,127,1.0480957182598473e-62,1.2263037433047634,-1.2896792194036049,-1.296420463856065,2.390682310569943,1.1373036578789821,3,0.46825396825396826,cluster-2,1.3834478604457574e-132,7.095701473930038e-65,1.0,2.4312365453139368e-107,1.8174473207373655e-94,
data,127,6.9963008749792255e-53,1.2715342851545741,-1.5163899819681963,-1.5231312264206565,2.330163550189161,1.1469628679627173,8,0.5873015873015873,cluster-2,3.012306674171007e-129,5.60065665128082e-55,1.0,1.3329637804472336e-94,1.857420454731132e-93,
data,127,2.590341355712342e-46,1.3260439498529433,-1.572241835706816,-1.5789830801592761,2.057043841504675,1.2096373576046522,11,0.6349206349206349,cluster-2,3.490806262223085e-114,2.3620589673315182e-48,1.0,6.320933894885397e-100,4.2158303638993416e-75,
data,127,1.0970553701253405e-65,1.2531579804739168,-1.5074245422843873,-1.5141657867368474,2.1128322571281375,1.1307390819199394,4,0.6031746031746031,cluster-2,2.923434796141783e-117,7.095338768664437e-68,1.0,3.7400582499409195e-109,6.516492205754468e-90,
data,127,2.608739586361997e-61,1.2249172902936258,-1.2596967802273007,-1.2664380246797609,2.6156168059101255,1.1176919136408967,6,0.626984126984127,cluster-2,5.4276384615266184e-145,1.8057071524807835e-63,1.0,3.515068278008805e-109,1.3108138157321132e-84,
data,127,9.428710127517851e-63,1.2970324370975306,-1.4619056521438238,-1.468646896596284,1.9956170029527558,1.1642502970249986,1,0.7063492063492064,cluster-2,8.529970877226387e-111,6.378720751293973e-65,1.0,2.891963435954785e-97,1.2422553934770562e-86,
data,127,3.9953019719216775e-63,1.352103735247995,-1.5150415615772639,-1.521782806029724,1.8922018216350884,1.2114351886782768,3,0.5793650793650794,cluster-2,4.313731974120803e-105,2.6871902540475224e-65,1.0,1.0559671509595062e-78,5.621907825333441e-79,
data,127,1.207354547199686e-51,1.309652972308297,-1.4846100093811516,-1.4913512538336118,2.1369261253537157,1.1850324301390847,11,0.5952380952380952,cluster-2,1.3708391264216259e-118,9.89247113846709e-54,1.0,3.462457820779166e-103,5.487062633852282e-74,
data,127,2.033708543871293e-38,1.4100340894578325,-1.184138260488435,-1.1908795049408953,2.1628819262887546,1.2407063744504938,8,0.7142857142857143,cluster-2,5.074391014646378e-120,2.2274389002184045e-40,1.0,2.719870854794572e-66,1.5941296476739464e-52,
data,127,6.773754309387266e-54,1.3481677218370243,-1.0431988333153912,-1.0499400777678514,1.9209295558178519,1.2098305669640743,6,0.6825396825396826,cluster-2,1.1229579924387253e-106,5.322229437996055e-56,1.0,3.200209847683795e-81,3.1341320549358937e-84,
data,127,4.0951995099655825e-29,1.4668249944856984,-2.0135293795367866,-2.0202706239892465,1.5500185508427657,1.1895787345800475,9,0.753968253968254,cluster-2,3.221870335480656e-86,5.883228384673184e-31,1.0,3.1685723913663213e-62,8.891158108272915e-55,
data,127,2.9369175487154165e-48,1.336344780472383,-1.7383180152712845,-1.7450592597237446,2.070735180471826,1.1858756577445133,7,0.5873015873015873,cluster-2,6.134433742508394e-115,2.5720798577374746e-50,1.0,1.7523349940628583e-94,7.797234828005346e-73,
data,127,1.3714570807718314e-67,1.2905738742948791,-1.7271714097871556,-1.7339126542396157,2.012087604192298,1.1248993752809227,9,0.6111111111111112,cluster-2,1.0531857200499336e-111,8.624084432291943e-70,1.0,1.408379870354451e-93,6.228790440759923e-89,
data,127,1.4373976893952728e-55,1.3919148682074467,-0.9890264075572096,-0.9957676520096698,1.7035779577540602,1.2240373215117017,5,0.6111111111111112,cluster-2,1.0926414427709145e-94,1.0588006205684223e-67,1.0,1.2711891935896135e-81,1.0959472956826042e-57,
data,127,2.710310190446843e-28,1.4132382894860323,-1.6878862756443775,-1.6946275200968377,1.926684882697158,1.213693948888539,9,0.6984126984126984,cluster-2,5.406623888233144e-107,4.00398833855951e-30,1.0,4.699424573431626e-74,5.170809567526164e-58,
data,127,2.15503530470271e-59,1.315530307092908,-1.4492045725424458,-1.455945816994906,2.2690237450787403,1.1731232196076382,7,0.6349206349206349,cluster-2,7.097240824506833e-126,1.5128412431204205e-61,1.0,3.255096083157137e-97,2.5251354289469057e-63,
data,127,9.965677876275022e-33,1.4612571206395952,-1.7619191567728838,-1.768660401225344,1.292660690668061,1.215011219938681,12,0.6587301587301587,cluster-2,3.866841743661228e-71,1.2769400731692894e-34,1.0,5.044098674844991e-72,4.639381135425976e-66,
data,127,7.553546314134062e-63,1.2293570051220652,-1.2494791586568037,-1.2562204031092639,2.5284530759796384,1.1345609715047533,12,0.6428571428571429,cluster-2,3.484666590456007e-140,5.1024265733856216e-65,1.0,1.289020439160783e-99,3.37251259327014e-94,
data,127,6.471470209788927e-38,1.4764661262397207,-1.2191989928718627,-1.225940237324323,1.6167630173089937,1.253297104830802,11,0.7142857142857143,cluster-2,6.711048319681462e-90,3.684393324070795e-41,1.0,4.055643402264442e-58,6.7952521449018854e-40,
data,127,1.11920599620009e-37,1.4627416623321028,-1.3256844347856176,-1.3324256792380778,1.5864886186254306,1.2533249842330867,24,0.6904761904761905,cluster-2,3.137522946467611e-88,1.2494186560568774e-39,1.0,3.1121099668210236e-65,5.108717403172218e-50,
data,127,7.250972671303952e-26,1.4229216502534612,-2.0054696150652065,-2.012210859517667,1.9395345853069639,1.18852222641924,12,0.6349206349206349,cluster-2,1.0572937911531501e-107,1.1692584874299129e-27,1.0,5.126224336010721e-74,1.0779038780749196e-48,
data,127,3.052768105607674e-54,1.2791421553919662,-1.474428191898376,-1.481169436350836,2.4523738350455218,1.153594457746664,5,0.6587301587301587,cluster-2,5.4744707064538074e-136,2.383555624397644e-56,1.0,1.8875728130709344e-113,9.152104981935129e-63,
data,127,9.181713920241185e-34,1.4047267808658006,-1.5287695456677535,-1.5355107901202136,2.0447845458984375,1.2426152783522453,19,0.7301587301587301,cluster-2,1.6561210965501863e-113,1.1411750246887157e-35,1.0,7.829512307545436e-81,9.004378135667071e-47,
data,127,2.079529306448297e-52,1.363733321776514,-1.5816243089090183,-1.5883655533614784,2.045341792069082,1.2057867843056846,9,0.6507936507936508,cluster-2,1.54296812530171e-113,1.6794625069043556e-54,1.0,9.359807734512515e-80,2.853701809650787e-70,
data,127,1.0618098452453206e-66,1.2134024695989263,-1.7113111601101132,-1.7180524045625734,2.4547049454816685,1.1184437064875747,3,0.5714285714285714,cluster-2,4.0716347244722695e-136,6.764555894214634e-69,1.0,7.140237445350913e-116,1.521021588003021e-86,
data,127,3.623010176205908e-75,1.1381521474451668,-1.8165602796659694,-1.8233015241184296,2.5245128241110972,1.063092479361885,5,0.5396825396825397,cluster-2,5.747611384191243e-140,2.051762905159707e-77,1.0,5.194791450833261e-133,4.824687490001788e-97,
data,127,6.108740805553726e-68,1.2136071042501904,-1.2391174796998032,-1.2458587241522634,2.666173979992003,1.1206791700607517,2,0.5555555555555556,cluster-2,8.833031766805619e-148,3.821779038411038e-70,1.0,4.95254739522064e-107,1.0613512187730735e-84,
data,127,8.331254186262574e-91,1.070069109862228,-1.449083823857345,-1.455825068309805,2.903750321996494,1.0639725407066345,1,0.5714285714285714,cluster-2,6.958118299230275e-161,3.915514465027362e-93,1.0,2.6142377712085933e-126,4.3350164018671824e-103,
data,127,8.96770071851727e-16,1.4893245093347893,-2.192732683316929,-2.199473927769389,1.6528058389979083,1.1984154117816408,18,0.6984126984126984,cluster-2,6.899762582775493e-92,2.341864280688516e-17,1.0,2.5049450466124423e-44,7.744713962315739e-41,
data,127,6.325182001151583e-38,1.4009250753032862,-1.2376921646238312,-1.2444334090762914,1.982221828670952,1.239215111242068,12,0.6031746031746031,cluster-2,4.674807512677142e-110,7.015879350808248e-40,1.0,2.9898104700656354e-77,1.1521098798657927e-58,
data,127,3.694251617550513e-58,1.2950470382252157,-1.4963748961921752,-1.5031161406446354,2.340625192236713,1.1841740985893223,9,0.6031746031746031,cluster-2,7.977799927673576e-130,2.693303269369044e-60,1.0,6.1687118036377615e-102,2.5999339233968446e-68,
data,127,2.1986735749857e-48,1.3890461397123564,-0.9764848243533157,-0.9832260688057758,1.8502363670529343,1.238656799202919,9,0.5714285714285714,cluster-2,8.90173287341856e-103,1.920631431851657e-50,1.0,3.269188579874166e-86,6.195539760535194e-60,
data,127,4.2851311178532105e-48,1.3421761675257518,-1.4030019204447588,-1.409743164897219,2.1563542884165847,1.2047626500209927,7,0.626984126984127,cluster-2,1.162568099972598e-119,3.765380384858961e-50,1.0,2.5374998510489836e-82,1.2997694806492937e-77,
data,127,5.079802752117283e-40,1.3262475343442854,-1.4005686842550442,-1.4073099287075044,2.328631784033588,1.177213041648224,12,0.5634920634920635,cluster-2,3.6591849229557095e-129,5.3453406394749917e-42,1.0,2.3739641364573856e-101,2.0992826726708315e-61,
data,127,1.2796588342732474e-27,1.4242560345438617,-1.697055846687377,-1.7037970911398372,1.7473853404127706,1.2327955816922818,17,0.6666666666666666,cluster-2,4.1904821042721733e-97,1.9355164516890484e-29,1.0,2.83937921938495e-85,5.413375166405615e-46,
data,127,2.8778062696335407e-36,1.3623926934906332,-1.346782774437131,-1.3535240188895912,2.112354909341166,1.182150845166983,13,0.6904761904761905,cluster-2,3.1061449580690547e-117,3.3348937145659195e-38,1.0,1.0373107078842945e-77,6.625597710635141e-77,
data,127,4.468766338183021e-78,1.115210140018489,-1.295585572250246,-1.3023268167027062,2.8074648399052657,1.0833819022950064,1,0.40476190476190477,cluster-2,1.4228398176381499e-155,2.4377429147126255e-80,1.0,3.93935469807397e-106,1.4364517108901309e-118,
data,127,1.23811920265642e-33,1.432861565907676,-1.564091359536479,-1.570832603988939,1.7204636701448697,1.2426599769914612,9,0.6349206349206349,cluster-2,1.2797922064418976e-95,1.5446430220863594e-35,1.0,1.302228438977246e-81,9.238126195812244e-45,
data,127,6.0409377498250005e-49,1.3127407907923043,-1.8886679101178026,-1.895409154570263,2.306952168622355,1.1457441432633073,13,0.7222222222222222,cluster-2,5.742912513622752e-128,5.2176094000593226e-51,1.0,1.8069888070817815e-93,2.9847766469103547e-75,
data,127,2.0476311547662572e-42,1.3907391302016001,-1.5167780598317544,-1.5235193042842146,2.109383290208231,1.208889416930551,9,0.6349206349206349,cluster-2,4.530254069289388e-117,2.0353564670151214e-44,1.0,3.583216536170195e-74,4.788236104503316e-60,
data,127,2.2718831715889385e-42,1.4605837392248537,-1.8947042630413387,-1.9014455074937988,1.6287178580216535,1.20665399125144,16,0.7222222222222222,cluster-2,1.4703351980986143e-90,1.0876149327555851e-47,1.0,1.1040593120832571e-63,2.2594408761759407e-44,
data,127,2.373555443196559e-71,1.2341333534307022,-1.3210876945435532,-1.3278289389960134,2.3811246616633857,1.1425532135647398,3,0.6031746031746031,cluster-2,4.6571340302200536e-132,1.4150072292996444e-73,1.0,2.7109397881696053e-105,2.5298701140151358e-85,
data,127,1.0783437404834913e-56,1.242661155179541,-1.4584695410540724,-1.4652107855065326,2.3292175052672857,1.1397678430508456,7,0.5555555555555556,cluster-2,3.3968679887184514e-129,8.061453303774366e-59,1.0,5.496963741177458e-107,6.87217433304363e-94,
data,127,4.979971596533442e-16,1.5172827997819582,-1.563399787962906,-1.5701410324153662,1.1169208917092148,1.2733525421712684,21,0.746031746031746,cluster-2,2.487610269612425e-62,1.2803020094212632e-17,1.0,1.510123995255714e-48,2.0263548658914536e-51,
data,127,2.812934905254411e-17,1.426995229964385,-1.5895764208215428,-1.596317665274003,1.98199619082954,1.2465140492914613,17,0.7619047619047619,cluster-2,4.8107066884110465e-110,6.722487969830536e-19,1.0,1.836457469665711e-66,1.0328680720738658e-48,
data,127,1.7077894397994746e-71,1.3114312166398763,-1.7264357439176303,-1.7331769883700907,1.8821241724209525,1.1304497299893717,7,0.5952380952380952,cluster-2,1.5512790340610418e-104,1.0161013936783292e-73,1.0,1.992026088996136e-89,4.783665758426695e-85,
data,127,1.796572382470194e-83,1.1878932352105929,-1.3853173443651574,-1.3920585888176176,2.462918499323327,1.1107165041322673,6,0.5238095238095238,cluster-2,1.4346533228027244e-136,1.5259964207245228e-86,1.0,4.547562842696995e-112,7.628105222309364e-86,
data,127,8.532509497809138e-67,1.2374367113511142,-1.6275539848748155,-1.6342952293272757,2.2865438386211245,1.1085657041945354,7,0.6111111111111112,cluster-2,7.669407055081181e-127,5.42826247880912e-69,1.0,8.119879526749011e-111,7.577434583554118e-87,
data,127,3.226912325730787e-39,1.423990681601843,-1.6435802790123646,-1.6503215234648247,1.798266913947158,1.2219984242054909,16,0.7619047619047619,cluster-2,6.54440985580001e-100,3.463703180341843e-41,1.0,1.3606448160532896e-71,1.819789887821106e-59,
data,127,5.2627157223764035e-45,1.294672525643206,-1.3868319293645424,-1.3935731738170025,2.27820473017655,1.1530156116720498,5,0.5952380952380952,cluster-2,2.211610503679088e-126,4.935724006918081e-47,1.0,7.580082775486601e-105,1.9460708954023513e-77,
data,127,3.9244448928461494e-40,1.4491125427410692,-1.8127375324880044,-1.8194787769404646,1.6702622541292447,1.2182517837530757,17,0.7301587301587301,cluster-2,7.516550886474621e-93,4.1182870365165336e-42,1.0,7.785811565817002e-68,1.4480379376761403e-51,
data,127,5.538771217943899e-50,1.4102516038853157,-1.7281062809501107,-1.7348475254025708,1.8021133302703616,1.1898296604519187,7,0.7063492063492064,cluster-2,4.0153172283262427e-100,4.686337104382306e-52,1.0,8.552254674874957e-74,4.343021001433619e-61,
data,127,9.369627767515318e-66,1.2080754292401747,-1.298470564714567,-1.305211809167027,2.723223828893947,1.1259952981706018,1,0.5714285714285714,cluster-2,6.302351215422624e-151,6.053704246311362e-68,1.0,5.533233867786777e-107,3.4424674315288187e-87,
data,127,3.9406095581414976e-50,1.3560798814018153,-1.5088460126261072,-1.5155872570785676,2.0394834984005907,1.1788864712004208,14,0.6349206349206349,cluster-2,3.246934146090045e-113,3.324479975148584e-52,1.0,1.0609189009105617e-90,6.753122034385936e-65,
data,127,2.7347283684222246e-52,1.2411553877954349,-1.6085607573742002,-1.6153020018266604,2.6087186317744218,1.107389838875438,6,0.6031746031746031,cluster-2,1.303414234346035e-144,2.2135484308984636e-54,1.0,2.0841778722712438e-106,7.994307617939286e-86,
data,127,1.1105776374185963e-71,1.2424368973764057,-1.4630169004905882,-1.4697581449430484,2.253730713851809,1.1433572997250772,1,0.5952380952380952,cluster-2,4.949744529645011e-125,6.590744974920291e-74,1.0,1.5471032468215974e-101,1.3970861079625995e-90,
data,127,1.0683509440643544e-62,1.2649094731742287,-1.493064820297121,-1.4998060647495812,2.2082615649606296,1.1221097121364103,12,0.5793650793650794,cluster-2,1.593866133380926e-122,7.23377496498608e-65,1.0,1.7718830064586728e-108,6.283631542824173e-82,
data,127,6.462524009517552e-53,1.2690228221927913,-1.5156624861589567,-1.5224037306114169,2.169486458845965,1.1616241234084193,3,0.5714285714285714,cluster-2,2.1933518214102322e-120,5.170048238646632e-55,1.0,1.5849815960541589e-102,1.0077256974445857e-94,
data,127,3.6268955417694723e-50,1.3827398726477869,-1.1941827488696481,-1.2009239933221083,1.9712076262226255,1.235481176163276,8,0.6507936507936508,cluster-2,1.8934614444112515e-109,3.057658182068224e-52,1.0,3.2711620874096745e-77,3.076050697423902e-66,
data,127,3.956712233156813e-48,1.3716250664904828,-1.6817468357837106,-1.6884880802361708,1.9240323765071357,1.1750571161604852,9,0.6904761904761905,cluster-2,7.57227184429526e-107,3.474340066448318e-50,1.0,4.266823909331556e-84,2.970959534957288e-70,
data,127,3.863895952625096e-30,1.4302205633525877,-1.861961905411848,-1.868703149864308,1.7438869926873155,1.2332065691272267,22,0.7380952380952381,cluster-2,6.53456610384876e-97,5.366329957190845e-32,1.0,6.389744942449014e-75,5.008170855146048e-56,
data,127,6.672219365853278e-56,1.3387929663749742,-1.6965769369771162,-1.7033181814295764,2.0559963917169046,1.1809885902989214,15,0.5952380952380952,cluster-2,3.987477610901794e-114,5.057428968707293e-58,1.0,8.810043418596083e-89,3.4404177125520074e-73,
data,127,1.0295165191494227e-59,1.3366201297311262,-1.3520400880828618,-1.358781332535322,2.090809379036971,1.2053501626726622,5,0.6031746031746031,cluster-2,4.792631573549865e-116,1.251345343162661e-62,1.0,2.0081731456202596e-94,6.03817795716756e-62,
data,127,2.3766330741654873e-09,1.561870159351925,-1.5372060940960262,-1.54394733854786,0.9209704061192789,1.3269377501979949,23,0.7222222222222222,cluster-2,1.5977528374479574e-51,9.887292570301639e-11,0.9999999999011209,1.060818280134188e-29,1.4816814171731074e-29,
data,127,4.4544452016291873e-51,1.360488862030563,-1.4031062088613435,-1.4098474533138037,2.1813056525282972,1.228893268444266,11,0.6190476190476191,cluster-2,4.888954031830043e-121,3.6895466116365406e-53,1.0,1.492068643810294e-79,9.895279131429066e-66,
data,127,8.436661270839643e-42,1.364952402562329,-1.3261216531588336,-1.332862897611294,2.281723623200665,1.2032631089425807,13,0.6746031746031746,cluster-2,1.4145643032254096e-126,8.507027011845828e-44,1.0,9.481013446177088e-81,4.743238895544441e-61,
data,127,2.5410105696619956e-45,1.4633153111197992,-1.6260361558809056,-1.6327774003333657,1.4711962121678148,1.211854180268093,16,0.753968253968254,cluster-2,7.171097277417551e-82,2.366813502432213e-47,1.0,1.6678525554029026e-65,5.40097711789622e-54,
data,127,1.5318869498593628e-72,1.2397015100462447,-1.3179020919199065,-1.3246433363723666,2.349765567328986,1.124314794736057,9,0.47619047619047616,cluster-2,2.498861025957538e-130,8.984761033954675e-75,1.0,2.7096453552267394e-99,8.613578711627569e-89,
data,127,2.715267273738721e-35,1.417472434634308,-1.5044473963459646,-1.5111886407984247,1.6477550596702757,1.2056203617812424,15,0.626984126984127,cluster-2,1.310424177386726e-91,3.231588720473418e-37,1.0,3.848774974957602e-76,9.398281205548401e-70,
data,127,2.5378037423504537e-51,1.310636736305812,-1.51710594357468,-1.5238471880271403,2.215370238296629,1.1774720599556718,7,0.6349206349206349,cluster-2,6.462047219256513e-123,2.0921920022356213e-53,1.0,7.668295432799606e-97,3.882751189583008e-76,
data,127,5.306233191500454e-52,1.3780108316411426,-1.7822103425273745,-1.7889515869798347,1.8680435541107898,1.2067724146327694,8,0.6746031746031746,cluster-2,9.27496003241323e-104,4.318338744935774e-54,1.0,2.808713436945935e-82,6.827500836347408e-69,
data,127,8.162653033284668e-26,1.4365287864124996,-1.4708245945727731,-1.4775658390252333,2.0610009140855685,1.2644525784345442,18,0.6190476190476191,cluster-2,2.111892600371172e-114,1.3188318245615561e-27,1.0,6.50584164680966e-66,6.041693971900598e-35,
data,127,1.3511428090849948e-51,1.2780317431225243,-1.5287135567252093,-1.5354548011776694,2.4557599645899972,1.1539366039935495,4,0.5714285714285714,cluster-2,3.5610560504560695e-136,1.1080901861359635e-53,1.0,1.8901783215081407e-101,4.741551611724044e-78,
data,127,3.5122233557688425e-64,1.185163781584215,-1.2416860024760088,-1.248427246928469,2.572518656572958,1.1276959860917026,5,0.5396825396825397,cluster-2,1.2933216357317482e-142,2.324016181324305e-66,1.0,4.7990456820919583e-119,1.1009759168652634e-94,
data,127,1.0270806879970755e-37,1.2859615919835339,-1.3462473951925442,-1.3529886396450044,2.4251444658895176,1.191771477089513,9,0.5873015873015873,cluster-2,1.7385567121294513e-134,1.14546432846489e-39,1.0,1.7296229248936353e-108,1.8166894763187437e-74,
data,127,5.319616423133224e-34,1.4754069767122986,-1.2988559993233268,-1.305597243775787,1.513535386934055,1.276161381410355,17,0.7301587301587301,cluster-2,3.3139925497071e-84,6.566529555115993e-36,1.0,2.383626543292666e-65,5.13338649113112e-44,
data,127,2.4665741691932236e-48,1.4175730245238172,-1.264769186185101,-1.271510430637561,1.589425274706262,1.2105307482316614,8,0.6904761904761905,cluster-2,2.1607995079522717e-88,2.156838922076947e-50,1.0,6.703933424201772e-83,3.224199825299283e-60,
data,127,1.6310160339209354e-60,1.2532598304252824,-1.8565238892562745,-1.8632651337087347,2.4033537136288143,1.1142266527187983,11,0.6031746031746031,cluster-2,2.7673653692375198e-133,1.1435604707473535e-62,1.0,2.6705597323508332e-98,1.3874200829702622e-90,
data,127,1.563044016215041e-52,1.385959431229516,-1.5135367085614542,-1.5202779530139143,1.957151998685101,1.1980838951644432,10,0.6666666666666666,cluster-2,1.128496493839081e-108,1.2563247615463107e-54,1.0,9.403674811904087e-82,2.9204476150000696e-57,
data,127,2.7928695831053833e-28,1.4542931847860654,-1.5535070464367002,-1.5602482908891604,1.5347435418076405,1.2482194731471203,19,0.7063492063492064,cluster-2,2.241853759723075e-85,4.1278120308071105e-30,1.0,2.6125124543348235e-74,1.379241839544094e-51,
data,127,5.570098422940886e-34,1.419900159117025,-1.4692641130582553,-1.4760053575107157,1.84449047178734,1.2396025413305736,11,0.7301587301587301,cluster-2,1.8466802513679726e-102,6.879669066122506e-36,1.0,2.2468462633597215e-84,9.803871875253297e-42,
data,127,7.758567086174602e-40,1.4435110315113406,-1.6260683555302657,-1.632809599982726,1.479608731007013,1.2241268810308896,9,0.6984126984126984,cluster-2,2.4637110931030855e-82,8.201071559485901e-42,1.0,2.674725553757757e-71,7.774244888662282e-66,
data,127,2.526086584017101e-44,1.3557080790975036,-1.2264141172874632,-1.2331553617399234,2.084602055587168,1.2133196914414963,7,0.6349206349206349,cluster-2,1.0542447510081732e-115,2.4048479170909437e-46,1.0,6.709276998243105e-84,1.8167111911641414e-73,
data,127,4.4463505586983206e-44,1.3587750073429077,-1.7340680219995694,-1.7408092664520296,2.0901927797813116,1.1412818244328755,17,0.7142857142857143,cluster-2,5.183019259416775e-116,4.2560797147256105e-46,1.0,4.128293848889093e-93,1.0834378164520672e-60,
data,124,2.3420113697776727e-15,1.5544889422515806,-1.8251561810893397,-1.843993374664642,0.9294376988564768,1.2911460714552772,23,0.6666666666666666,cluster-3,7.910097850790573e-26,6.277681849680295e-17,8.860162315590064e-51,1.0,9.43537462117849e-43,
data,127,1.6391969034108844e-33,1.507765156785722,-1.801917128675566,-1.8203093491742863,1.2771005705585632,1.2794792317126,17,0.6507936507936508,cluster-3,1.1297677335124343e-47,2.052292084796821e-35,3.639219158131489e-71,1.0,2.0745736158648298e-52,
data,127,2.6229938030177653e-42,1.4727318437516639,-1.1750139852208414,-1.1934062057195618,1.294845701202633,1.2777655958953162,9,0.6507936507936508,cluster-3,7.190469283919437e-58,2.613768479729003e-44,3.8218043072160495e-72,1.0,1.176823842465886e-67,
data,127,2.227062039072503e-15,1.5213912184395177,-1.7661371906911294,-1.7845294111898498,1.1978607177734377,1.3018675301665605,22,0.7698412698412699,cluster-3,8.541102291134519e-67,5.961300988902081e-17,2.911385077191623e-40,1.0,5.595420455476561e-49,
data,127,1.0857426646072823e-40,1.5338794110783955,-1.3766014519638903,-1.3949936724626106,0.9168178528312625,1.3234624894958507,16,0.6349206349206349,cluster-3,1.010280699574403e-43,1.0194758548529026e-42,1.2356236429777234e-50,1.0,2.7073557840693634e-51,
data,127,8.163145324018928e-36,1.538887064244384,-1.6969724640132875,-1.7153646845120076,0.8875660333107773,1.305492243008604,20,0.6746031746031746,cluster-3,5.976556617015306e-47,1.5020068367488722e-47,1.1115809999762834e-49,1.0,9.576784919005574e-38,
data,127,6.089973986525959e-54,1.4344767521046322,-1.5598750076894685,-1.5782672281881889,1.3823021115280514,1.22520374135935,11,0.7063492063492064,cluster-3,4.780945137850163e-56,2.470205734130364e-66,5.735551996786503e-77,1.0,6.48492413447977e-75,
data,127,4.302211895174327e-21,1.5078939762646044,-1.966527983898253,-1.9849202043969734,1.3321336160494586,1.2813758354197202,27,0.746031746031746,cluster-3,8.465002349671238e-23,8.446661303372066e-50,3.3545835792718917e-74,1.0,8.345342379449081e-46,
data,127,2.9538260851370556e-29,1.555519820321666,-1.2295540636918676,-1.247946284190588,0.8628548449418676,1.3425292478334605,20,0.7301587301587301,cluster-3,1.3211171762978328e-43,4.221976097901683e-31,2.5638733852132558e-48,1.0,1.2593124422729815e-34,
data,127,9.765461045129688e-50,1.375659722112285,-1.584650355061208,-1.6030425755599285,1.752883670836922,1.2070427096047647,8,0.6031746031746031,cluster-3,8.30270369181532e-52,1.7550590974139262e-70,2.0844975106804432e-97,1.0,6.094463033248433e-90,
data,127,1.8081487261046087e-52,1.4276209097701789,-1.971208467258243,-1.9896006877569634,1.4039693517009106,1.2082637131038092,13,0.6904761904761905,cluster-3,1.4586303131468995e-54,2.6241559562852245e-76,3.660243178868714e-78,1.0,1.5083173739252702e-69,
data,127,9.020329292409112e-44,1.5071182597121282,-1.6877037709153544,-1.7060959914140748,1.2197926438699558,1.2828703529829382,18,0.7222222222222222,cluster-3,8.356583436242213e-47,2.5991617672808816e-52,5.270475320401963e-68,1.0,7.83135438710851e-46,
data,127,3.892154878327061e-36,1.5037740058389066,-1.6271833284633366,-1.645575548962057,1.3135226993110236,1.2937370099265477,27,0.7619047619047619,cluster-3,5.180245443214647e-51,4.5263766647953985e-38,3.565587996125179e-73,1.0,2.4379394608897677e-49,
data,127,1.2118039937266996e-23,1.5558081857237267,-2.1092937799889273,-2.1276860004876474,0.9923602727454477,1.2949693713737007,22,0.7619047619047619,cluster-3,8.717841713757103e-36,2.133194217263857e-25,1.8449007389177525e-55,1.0,2.875415245114636e-32,
data,127,3.4844868277128263e-19,1.5374077237961463,-2.3286853700172245,-2.3470775905159447,1.1461880901667074,1.2572728335676069,35,0.753968253968254,cluster-3,7.519923731659108e-21,6.817305860890621e-37,6.0469771372793885e-64,1.0,2.700046745999002e-41,
data,127,2.1762302808908253e-33,1.5090399380645354,-1.469255342258243,-1.4876475627569634,1.2321525033064713,1.3021666387747137,10,0.626984126984127,cluster-3,3.433990278078918e-52,2.9381246257097865e-50,1.0968236411286715e-68,1.0,2.734488951495631e-35,
data,127,2.1881292402602697e-39,1.4399613864981917,-2.0336310919814222,-2.0520233124801424,1.6150491068682333,1.2068251624313042,20,0.7142857142857143,cluster-3,2.3388359855629013e-41,1.8600638195220554e-57,8.342991100347682e-90,1.0,3.3387420782976716e-73,
data,127,7.469414474182199e-39,1.5326300115516502,-1.1260879396453618,-1.144480160144082,1.0243267149437132,1.330060068956391,16,0.6746031746031746,cluster-3,6.907341849599558e-41,1.1477463639867609e-41,3.18310616917302e-57,1.0,5.876560670208109e-48,
data,127,1.0328299203146533e-28,1.511848369891544,-2.3353713628813977,-2.353763583380118,1.5432628721702755,1.2820039154547191,19,0.6825396825396826,cluster-3,7.989074290330127e-31,6.8996345692444495e-31,7.598366058404512e-86,1.0,1.7751471201087276e-37,
data,127,2.222996338202244e-41,1.4994800305109246,-1.3359238031342273,-1.3543160236329477,1.1970947746216782,1.2733828400092952,8,0.6904761904761905,cluster-3,2.806685588350092e-62,2.907314222508955e-46,9.413688502191483e-67,1.0,2.2607438829045813e-43,
data,127,5.841026343703949e-28,1.5353255232404968,-1.489881981076218,-1.5082742015749384,1.1099434199295644,1.3075611881853275,21,0.7619047619047619,cluster-3,1.9187879614829354e-48,8.728982920891056e-30,6.034309514964226e-62,1.0,5.020813710719142e-34,
data,127,1.1421485276461236e-23,1.5648816897248985,-1.1879093440498893,-1.2063015645486095,0.8075233519546627,1.379615160568858,30,0.753968253968254,cluster-3,2.8888644079837e-45,2.008419857025152e-25,4.050516458436339e-40,1.0,2.1672197476532068e-30,
data,127,7.45144951242632e-36,1.5353209120541844,-1.2263123519777313,-1.2447045724764516,1.1065034641055609,1.3507130960200477,19,0.7380952380952381,cluster-3,9.34027620641295e-62,8.697835764527032e-38,2.965366167700794e-40,1.0,2.2952792999035388e-41,
data,127,2.924591712221628e-30,1.5526376418445205,-1.7279506893608514,-1.7463429098595717,0.9212639275498278,1.2979477128173293,31,0.7142857142857143,cluster-3,5.396167762603831e-43,3.955133026112994e-32,1.539289496213316e-51,1.0,8.499998723842247e-34,
data,127,4.8307401666831835e-52,1.4780304768008583,-1.6397348238727238,-1.6581270443714442,1.2456627793199433,1.2660823076803767,19,0.746031746031746,cluster-3,3.9245794784603395e-54,3.532636636037729e-57,1.9722961905634632e-69,1.0,8.69557759497275e-61,
data,127,3.532340577287224e-55,1.4480686728304955,-1.4001743586983268,-1.418566579197047,1.4484584538016732,1.2500880984993314,7,0.6746031746031746,cluster-3,2.783860946528193e-66,2.7049731870392503e-57,1.2873473799840676e-80,1.0,6.643041628014204e-60,
data,127,2.5782868868893393e-36,1.5159752828161484,-1.474741417591966,-1.4931336380906863,1.0658822848102238,1.2855294149922925,21,0.7222222222222222,cluster-3,7.141061974177814e-54,2.9839562277994863e-38,1.624939063591471e-59,1.0,2.1608720602663452e-52,
data,127,3.620528406570194e-43,1.4729948888834072,-2.8176961583415356,-2.8360883788402558,1.385023222194882,1.1431836387841914,11,0.7063492063492064,cluster-3,1.3552109192727668e-56,3.537296999909981e-45,4.059675083804169e-77,1.0,1.1739348371113781e-62,
data,127,2.1714661107098968e-41,1.4215563554393518,-1.2430547278697097,-1.2614469483684299,1.565736785648376,1.2581679116730338,7,0.6507936507936508,cluster-3,2.8619173151660682e-58,2.2108688017568286e-43,4.37685886560173e-87,1.0,1.9156645377140822e-86,
data,127,9.266138085787874e-57,1.3834060656168212,-1.2802148053026574,-1.2986070258013778,1.925426573265256,1.2383973856732928,3,0.6587301587301587,cluster-3,6.9192514791331216e-59,1.0500446534300191e-66,6.343496695525e-107,1.0,2.4522443554333067e-74,
data,127,7.351290166976809e-34,1.4996819909728305,-1.5160237710306963,-1.5344159915294167,1.4465628796675074,1.2760908280202834,24,0.7301587301587301,cluster-3,8.790641919666242e-36,3.0390873430924607e-37,1.637747335580051e-80,1.0,4.8145155472670555e-54,
data,127,2.2339061715454722e-43,1.4970421713474567,-1.788951363150529,-1.8073435836492493,1.4158105324572465,1.262959999569936,15,0.746031746031746,cluster-3,3.2937760725485106e-47,1.9820347816877576e-45,8.135886631431132e-79,1.0,1.50220815402722e-46,
data,127,2.2710306954760536e-33,1.5411137648465907,-2.2444193682332676,-2.262811588731988,0.9090689110943653,1.2458570111172258,19,0.7063492063492064,cluster-3,2.395289550520286e-46,2.8551572957736687e-35,7.243380618776946e-51,1.0,1.2358106283039367e-45,
data,127,8.090763399265264e-35,1.4926874822702934,-2.5807346133735236,-2.5991268338722437,1.2241242175965796,1.2298203433707542,19,0.7380952380952381,cluster-3,9.757594469104076e-37,1.8151345675332046e-55,3.0404656828347113e-68,1.0,1.4639709708662922e-61,
data,127,3.7148346175387335e-20,1.5278538963765524,-1.4177182415338951,-1.4361104620326155,1.1317041352039248,1.3416353908272272,16,0.6825396825396826,cluster-3,3.8054554721093163e-63,7.640002457000145e-22,1.4772386995125774e-53,1.0,1.0990588107626617e-33,
data,127,3.2550502434558e-34,1.530309091103585,-1.8808939776082678,-1.899286198106988,1.0508002333753692,1.3042902760046347,17,0.7063492063492064,cluster-3,3.0480078472877085e-42,3.993511878387749e-36,1.1033000730369744e-58,1.0,9.756557238226808e-51,
data,127,3.226367797763563e-45,1.4591631407408026,-1.4944180466058685,-1.5128102671045889,1.5439574474424829,1.2384403579283407,24,0.8015873015873016,cluster-3,2.6617946857680245e-59,3.011949753085854e-47,6.956817905350828e-86,1.0,2.586206151434387e-59,
data,127,1.600796690333315e-39,1.52487039511536,-1.1225444162924458,-1.1409366367911662,1.0206671286755662,1.3418556188371533,14,0.6666666666666666,cluster-3,9.715025882877305e-53,1.705082206406962e-41,5.06637189495172e-57,1.0,1.8987019971649238e-45,
data,127,9.51754296362235e-48,1.4783375550386633,-1.6062815508504553,-1.6246737713491755,1.354523065521961,1.2735962305158823,14,0.6746031746031746,cluster-3,4.596954043482906e-61,2.4313880573250403e-52,1.9531679678978934e-75,1.0,8.39692947134194e-50,
data,127,3.5712352144257843e-16,1.5582399297394043,-1.040493942621186,-1.0588861631199062,0.91702594907265,1.3713813263931702,28,0.7777777777777778,cluster-3,2.6367423858553117e-51,9.101448069335117e-18,3.4554153607356577e-41,1.0,1.5475172321388027e-25,
data,127,3.957203488533579e-29,1.5304614120695104,-1.3895387424258736,-1.4079309629245937,1.2110159566083292,1.3370168680610777,19,0.6984126984126984,cluster-3,5.673060274716919e-31,8.182854994196465e-34,1.6066877172690525e-67,1.0,1.4388468614367594e-45,
data,127,2.9681868120973124e-25,1.5077106444095918,-1.7293954684039738,-1.7477876889026942,1.6232382706769808,1.2732132261333617,24,0.7142857142857143,cluster-3,3.3806488969440547e-29,4.862367290415935e-27,2.9487990727621565e-90,1.0,2.142503683946023e-36,
data,127,5.655183850377536e-46,1.4693334479572453,-1.31492218257874,-1.3333144030774604,1.3672951525590553,1.2446115426688629,19,0.7222222222222222,cluster-3,2.4564406640408806e-65,3.8049609749659145e-56,3.85735876906546e-76,1.0,5.194124418510376e-48,
data,127,5.825228655367091e-28,1.5554253394960484,-1.6444493091012549,-1.6628415295999752,0.9664323461337354,1.3143096600673225,23,0.6825396825396826,cluster-3,7.655293215470873e-36,8.705439441868755e-30,4.9663594302767446e-54,1.0,1.2700611346067436e-34,
data,127,1.169579823064078e-26,1.5438122673609604,-1.691359632597195,-1.7097518530959153,1.0844015286663384,1.3192227020138934,23,0.753968253968254,cluster-3,1.5466811457735283e-60,1.8019478154667915e-28,2.6146773045409546e-43,1.0,2.7073743846617135e-30,
data,127,4.850057976768828e-25,1.551569158882347,-1.1161352442944144,-1.1345274647931347,0.9853717473548227,1.3502294083349347,16,0.6904761904761905,cluster-3,1.2673844053712344e-42,2.1916289387250685e-30,4.481546557625435e-55,1.0,8.069953583784871e-27,
data,127,1.7419741459802742e-38,1.470349121716826,-1.5166229488342766,-1.535015169332997,1.3940626730130414,1.2647180353283085,13,0.6746031746031746,cluster-3,7.49464396481951e-64,1.904648113987292e-40,1.2880026535443337e-77,1.0,3.2917462259202796e-59,
data,127,7.386374276890605e-21,1.532577637925328,-1.0936965341643086,-1.112088754663029,1.2569463534617988,1.340491223381065,21,0.7222222222222222,cluster-3,4.7056768483324483e-70,1.1040817826832648e-23,4.375287496629438e-43,1.0,1.3509295949133118e-22,
data,127,3.3064326298027914e-54,1.4834272711699314,-1.6230087881013164,-1.6414010086000368,1.168590035025529,1.2347396835132394,8,0.6825396825396826,cluster-3,3.5152006106696426e-65,1.2562646960631968e-58,2.456704932658738e-56,1.0,1.0977380998603194e-57,
data,127,8.976191582077968e-30,1.446125624048657,-1.258164893923782,-1.2765571144225023,1.9858584666815329,1.3249055558636385,15,0.6825396825396826,cluster-3,9.744803337325666e-51,1.2616271631025842e-31,2.9456660684683405e-110,1.0,1.826095748085419e-53,
data,127,1.4134258721831147e-26,1.5367139922806048,-1.9690078374907727,-1.987400057989493,0.9961463748000736,1.2391953665713458,22,0.7142857142857143,cluster-3,5.422540671269538e-50,2.219750519275568e-28,1.1406411482554408e-55,1.0,3.8315847696772517e-42,
data,127,2.8867845754924114e-41,1.4616640276574555,-1.8131424310639148,-1.8315346515626352,1.5117138239342398,1.2588046118090108,21,0.7698412698412699,cluster-3,5.7839863129215255e-59,4.923857627695202e-62,4.176577669579031e-84,1.0,2.9478011261151054e-43,
data,127,1.2030958059586968e-46,1.4822088222984076,-1.4773862343134843,-1.4957784548122046,1.329932025098425,1.2822119824153106,14,0.6666666666666666,cluster-3,1.795429432601187e-58,1.0893791003302939e-48,4.436783575795442e-74,1.0,1.7151236178465194e-54,
data,127,6.057169765949606e-38,1.5337758365580356,-1.81916893185593,-1.8375611523546505,1.0329041969119093,1.299012943767369,16,0.7619047619047619,cluster-3,6.099603176204886e-45,6.714343136870776e-40,1.0709191440329445e-57,1.0,8.334343232338142e-44,
data,127,2.831774613444388e-30,1.5473003500295133,-2.0002347690852607,-2.0186269895839812,0.9454002080001231,1.2938568449080616,25,0.753968253968254,cluster-3,5.917514158305893e-44,3.9157405551184376e-32,7.179168098787494e-53,1.0,4.317136384106282e-39,
data,127,1.8920194385867548e-19,1.5725135723968875,-1.590442567359744,-1.6088347878584643,0.7355933001660926,1.3252357362506633,27,0.7698412698412699,cluster-3,2.6795254063606646e-41,4.028934869954061e-21,2.051596477243393e-34,1.0,8.171820617204429e-32,
data,127,6.594774766059737e-17,1.5702053277577641,-1.5118441844549704,-1.5302364049536907,0.9110621655081204,1.353111030572912,24,0.6507936507936508,cluster-3,1.6084632699834876e-18,6.609638392007055e-26,5.623446449369185e-51,1.0,9.711807203814721e-22,
data,127,3.1422127815439483e-28,1.53274256225543,-1.3554504875123032,-1.3738427080110234,1.1646913543460875,1.3176620461059017,22,0.7619047619047619,cluster-3,5.673187219805039e-47,4.651729421785661e-30,5.7674442377383815e-65,1.0,5.485834831803414e-34,
data,127,9.553969455728273e-28,1.5512726233509546,-0.8160938052680549,-0.8344860257667751,0.966959615392009,1.378762319715162,15,0.6825396825396826,cluster-3,2.956413839228122e-37,1.438606112036068e-29,4.6446864481281154e-54,1.0,1.084081931498917e-39,
data,127,6.97543159712196e-46,1.4477421407543298,-1.6332046628937007,-1.651596883392421,1.6856514037124757,1.2178219326684312,15,0.746031746031746,cluster-3,6.419174596026265e-48,4.035637273003324e-53,1.064691809958188e-93,1.0,9.086179704973237e-64,
data,127,7.137471327776136e-44,1.4804355820503576,-1.1644539420060285,-1.1828461625047488,1.210340845303273,1.2825931050251538,8,0.7222222222222222,cluster-3,5.398794997504859e-61,6.863434544405697e-46,1.750521733770248e-67,1.0,3.6941753259176917e-63,
data,127,2.9467517322201826e-34,1.471019845223017,-1.1803159939022514,-1.1987082144009717,1.3852138969841907,1.2990999730779036,15,0.6428571428571429,cluster-3,1.290939924312261e-46,3.962547963761037e-77,2.3494288305163506e-74,1.0,3.61081131615221e-36,
data,127,1.5241576828967064e-26,1.5087554357854713,-1.5021319051427164,-1.5205241256414368,1.27017692505844,1.2903585055202664,22,0.753968253968254,cluster-3,3.655647690770571e-58,4.480777327720022e-40,8.767679008954832e-71,1.0,2.39653621119411e-28,
data,127,3.004220935381561e-36,1.5135395953264372,-1.7918671134888657,-1.8102593339875859,1.3117004154235357,1.2796039866173126,16,0.7063492063492064,cluster-3,2.3936788831658175e-41,3.4805164130389514e-38,4.494071257487957e-73,1.0,7.9098282629497e-48,
data,127,1.764951809859829e-74,1.305060521742106,-1.5164551021545891,-1.5348473226533095,1.8989001897376354,1.1584922001321754,7,0.626984126984127,cluster-3,1.008604091508722e-76,1.7387132495730813e-92,1.842476642063902e-105,1.0,8.944888392221674e-82,
data,127,5.269548031886036e-54,1.4184307659427209,-1.58736053226501,-1.60575275276373,1.41958786371186,1.2222317538541514,12,0.6587301587301587,cluster-3,8.758731179392217e-76,4.132137174036137e-56,5.035755956021539e-79,1.0,2.3613250112950948e-74,
data,127,3.0731484633222332e-30,1.4983260686512283,-1.5213541346272146,-1.539746355125935,1.3147253802442174,1.2848061701985234,15,0.6111111111111112,cluster-3,2.6161918225391365e-52,4.2543893886343763e-32,3.0605312057538216e-73,1.0,9.893409569126648e-55,
data,127,1.3202241912638085e-32,1.4980514796878843,-1.5754054512564593,-1.5937976717551794,1.3461199182225023,1.2724957652609983,17,0.7142857142857143,cluster-3,1.1888562141045006e-47,1.6978512800897598e-34,5.678302658212279e-75,1.0,2.0093307505255823e-56,
data,127,2.7008983773459865e-38,1.495311749614336,-1.4443776288370447,-1.462769849335765,1.3396593229038511,1.3193269409357264,8,0.6349206349206349,cluster-3,4.5987477420903485e-59,5.3458014897054876e-45,1.2898976482324263e-74,1.0,2.9674483015995924e-40,
data,127,2.2106182885174482e-38,1.5218767868207885,-1.309069175419845,-1.3274613959185653,1.0518105574480194,1.3523525241521863,10,0.6904761904761905,cluster-3,8.201359373737686e-48,2.4234394158642826e-40,9.70440290979314e-59,1.0,2.172907366479602e-52,
data,127,5.789822952030242e-66,1.3605760932638147,-1.7505145936500368,-1.7689068141487572,1.912719366118664,1.188723077383981,6,0.5873015873015873,cluster-3,3.725540651995403e-68,3.4063890773102515e-71,3.1856627759589025e-106,1.0,1.9478236707005338e-77,
data,127,9.788732469383557e-23,1.5214292680046473,-1.1991633617971826,-1.217555582295903,1.2288848396361345,1.2985145997964676,20,0.6507936507936508,cluster-3,1.6609864781445257e-68,1.7901943945779837e-24,1.9006300867598656e-52,1.0,2.0817501697634558e-35,
data,127,7.520330443888074e-35,1.490685788660447,-1.6650674174151083,-1.6834596379138287,1.252777099609375,1.2970348253877384,8,0.6984126984126984,cluster-3,3.2488107989439575e-57,9.061555325150771e-37,7.990592076256954e-70,1.0,8.709757583906205e-60,
data,127,5.41082280157418e-42,1.4980110901688493,-1.238060538224348,-1.2564527587230683,1.3306201123815822,1.3040141275220742,17,0.6587301587301587,cluster-3,3.473708367831628e-55,5.14303003713592e-44,4.0655238744451934e-74,1.0,2.772519043017991e-45,
data,127,1.0729484608301536e-42,1.4662862537125174,-1.4411927471010704,-1.4595849675997907,1.5460278368371676,1.2748681120835332,14,0.7142857142857143,cluster-3,3.5691434337228764e-56,1.0596413407713528e-44,5.3483212101403464e-86,1.0,7.77059999598942e-58,
data,127,9.286152495610351e-51,1.4886259176894674,-1.1807534525713583,-1.1991456730700787,1.162122831569882,1.2895424921761647,18,0.6587301587301587,cluster-3,7.991923228351341e-65,7.727786182909035e-53,1.4620414596080898e-59,1.0,1.0594373613239518e-55,
data,127,8.783322236683589e-58,1.416121021946247,-1.564817053126538,-1.5832092736252583,1.5900305800550565,1.2473644004195918,13,0.6746031746031746,cluster-3,3.4935976327385523e-65,3.023444441755791e-73,2.0009148810358105e-88,1.0,6.44445585405974e-60,
data,127,1.1594281270712276e-39,1.5290475150052418,-1.5098112812192421,-1.5282035017179625,1.0065254752091537,1.2958482373047926,16,0.7142857142857143,cluster-3,3.0527104133335446e-56,1.230826124787428e-41,9.901907328850091e-47,1.0,2.858505864509415e-48,
data,127,4.2208665021306015e-36,1.5389421913701966,-1.5196541613481176,-1.538046381846838,0.9785342479315329,1.30793305644172,17,0.753968253968254,cluster-3,6.16185225120541e-47,4.899933790847844e-38,1.0679549247678422e-54,1.0,1.238640839983314e-40,
data,127,1.5602996743243545e-58,1.361165850149207,-1.4013992670014148,-1.4197914875001352,1.6732114055963954,1.1729891562127643,20,0.6825396825396826,cluster-3,5.168410206763485e-93,1.1303853390153492e-60,9.113482651543768e-90,1.0,2.1301524031782858e-78,
data,127,3.157528532241137e-33,1.5578251632118771,-1.3546774556317667,-1.373069676130487,0.84857177734375,1.3289836736887626,20,0.7619047619047619,cluster-3,1.5728411727517468e-47,2.3799740467965602e-35,1.5715073615079205e-35,1.0,8.568375416058671e-39,
data,127,6.8294581681160364e-46,1.4790221137528765,-1.2831517016793799,-1.3015439221781002,1.378377118448573,1.2694703386991617,10,0.6587301587301587,cluster-3,4.956211410503276e-63,3.1199702839033066e-48,9.441908370070982e-77,1.0,3.123495189267733e-48,
data,127,4.155637272608724e-56,1.3893363856012053,-1.7965314970241757,-1.814923717522896,1.7770211527666706,1.196136417436923,13,0.6666666666666666,cluster-3,3.1385524410838467e-58,5.028859224089016e-66,9.720507266706138e-99,1.0,3.811946065127888e-80,
data,127,1.1259554467123037e-30,1.5114214419286829,-2.4156823345995324,-2.434074555098253,1.4209068478561764,1.2298378581886118,19,0.6825396825396826,cluster-3,1.5370805047693603e-32,3.987340769783328e-39,4.259077846092285e-79,1.0,1.0760491011001406e-44,
data,127,4.5216409664359074e-27,1.5297131755123718,-2.0499625619002213,-2.068354782398942,1.0918050450602856,1.2960968933388473,20,0.7619047619047619,cluster-3,4.714208803703316e-41,6.974317981736749e-29,6.040277472097444e-61,1.0,3.769992066168835e-51,
data,127,1.903133426112675e-62,1.299445905627859,-1.3149101677842028,-1.3333023882829231,2.110959030511811,1.170698265443031,7,0.626984126984127,cluster-3,1.6269556930793005e-88,1.2936986388330704e-64,3.708616905291841e-117,1.0,2.827560859762515e-88,
data,127,3.6371689341131816e-42,1.460727309694161,-1.8841374915415847,-1.9025297120403049,1.5438688984067421,1.2501844148131076,16,0.7222222222222222,cluster-3,3.319611158245026e-61,7.141701252691671e-58,7.035493939520934e-86,1.0,3.636341080583389e-44,
data,127,3.660496808976016e-20,1.5475751658755987,-1.4996782438022884,-1.5180704643010088,0.9445267324372537,1.3215604026989425,18,0.7142857142857143,cluster-3,8.021415552853339e-53,7.525917715594007e-22,8.066012052764471e-50,1.0,2.948914596515234e-28,
data,127,1.2260251983299887e-49,1.4815219989096038,-1.4373093252106914,-1.4557015457094118,1.1857493242879553,1.2968033538405557,13,0.6349206349206349,cluster-3,3.2210846750202695e-63,1.0444159030387051e-51,3.9766985023768326e-66,1.0,1.7359672974732047e-57,
data,127,1.9545634829990494e-34,1.5492398404824375,-1.5912416713444266,-1.609633891843147,0.9434808445727734,1.2981316905333276,21,0.7777777777777778,cluster-3,2.373417852146e-36,1.9324228134439416e-39,9.160883884228724e-53,1.0,6.777212075956311e-39,
data,127,1.2565426227166879e-37,1.4995048012603838,-1.3840168630044292,-1.4024090835031495,1.3849489707646407,1.2940342839858427,15,0.6746031746031746,cluster-3,3.773423113611102e-40,1.0180200794992368e-39,4.0981386115202094e-77,1.0,1.643193795949458e-55,
data,127,3.853282255978285e-37,1.5367730970033224,-2.1153992179810532,-2.1337914384797734,0.9128569355161171,1.2512972307697257,17,0.7777777777777778,cluster-3,4.477249612649583e-51,4.362297213990159e-39,1.626316578908629e-43,1.0,1.754166661710083e-50,
data,127,3.690114343038195e-33,1.5155447820814358,-1.5762700358713706,-1.594662256370091,1.2501767376276451,1.293195657482034,17,0.7063492063492064,cluster-3,4.6680893781768766e-35,5.696615481926762e-52,1.1117393133206308e-69,1.0,2.5337127373904337e-41,
data,127,8.450893944680925e-31,1.5473939806700603,-1.1437504085030143,-1.1621426290017345,0.9372889000599778,1.350854820002795,21,0.746031746031746,cluster-3,2.0112059717028064e-52,1.1490614859248636e-32,1.5966488172567968e-45,1.0,3.1135317528149555e-37,
data,127,1.0457179838813571e-32,1.5232186604237037,-1.6409051850086123,-1.6592974055073326,1.0879814568467026,1.3064624398667426,22,0.6666666666666666,cluster-3,1.469771061692844e-57,1.3403879403216872e-34,9.816313583969832e-61,1.0,3.282289348272769e-38,
data,127,1.7375100426475237e-23,1.4752605189292038,-1.4714732733298475,-1.4898654938285678,1.6722726896991882,1.2892156477370795,22,0.6666666666666666,cluster-3,3.078497883861421e-25,1.708052087411316e-32,5.822804721949198e-93,1.0,1.9707098299793548e-61,
data,127,6.804622345517631e-34,1.518562780586076,-1.72242015928734,-1.7408123797860604,1.1499260128952387,1.2856500572818752,16,0.6825396825396826,cluster-3,1.3902531055855196e-47,8.425546190249975e-36,3.761592157523354e-64,1.0,3.080877245764597e-51,
data,127,4.935022415159666e-19,1.5284558145379885,-1.177599448857345,-1.1959916693560653,1.0845883587213954,1.3232714489859403,25,0.746031746031746,cluster-3,1.5104143573513303e-60,1.0732745593858913e-20,1.0568273916404002e-52,1.0,2.989252447791087e-39,
data,127,7.221690254419237e-47,1.435080512928392,-1.6373829278420275,-1.655775148340748,1.5856330451064224,1.242128458618255,16,0.6825396825396826,cluster-3,1.2940925150902085e-73,6.508752621058804e-49,3.4976504915792366e-88,1.0,5.647328469188094e-59,
data,127,4.030386008877322e-34,1.5477255897920248,-1.8854171873077632,-1.9038094078064836,0.8805985338105933,1.2882289447039117,24,0.8174603174603174,cluster-3,4.957206014282553e-36,2.2096355619091873e-45,2.6929998624778225e-49,1.0,6.23814824572401e-40,
data,127,2.9425716982375377e-42,1.4838586081506393,-1.6031657541830708,-1.6215579746817912,1.4631414939099412,1.2915386534351332,13,0.6984126984126984,cluster-3,3.004386036830246e-48,2.935288119304084e-44,1.9945586662717856e-81,1.0,7.420481649708308e-56,
data,127,6.892289662219218e-32,1.5312949975923458,-1.2463012455016609,-1.2646934660003812,1.0856149027666706,1.3297015842128945,20,0.6904761904761905,cluster-3,4.685034651989865e-51,9.058009440700606e-34,1.3257958601302031e-60,1.0,6.678536101008738e-38,
data,127,1.1610983967008317e-32,1.5656241960289856,-1.6996551273375984,-1.7180473478363187,0.6978507454939715,1.3340277868654011,18,0.7619047619047619,cluster-3,4.8399827470575535e-39,7.391715504020121e-35,7.381346230213738e-35,1.0,3.234175248347167e-39,
data,127,4.276516266048939e-11,1.5276598622861037,-2.218986451156496,-2.2373786716552138,1.10553939699188,1.297044672209746,16,0.746031746031746,cluster-3,1.5149522327037198e-12,2.3483655553392533e-34,1.0556822650783293e-61,0.9999999999984652,1.4484972248645744e-50,
data,127,5.727310114831615e-35,1.4836143020663872,-1.5927057942067544,-1.6110980147054748,1.4679746853085016,1.2439812097513372,13,0.746031746031746,cluster-3,9.324483990606805e-44,5.634559397505542e-62,1.0796182412660373e-81,1.0,6.87822230579221e-37,
data,127,1.7482117103598774e-28,1.5127905979772993,-1.6457743006428396,-1.66416652114156,1.3679528424120326,1.2922861924654385,21,0.6746031746031746,cluster-3,9.831253555473897e-41,2.5657949842767966e-30,3.548255524708027e-76,1.0,3.7762752501033464e-47,
data,127,6.34369278434014e-36,1.5358835237131914,-1.8538126307209646,-1.872204851219685,0.9386925885057826,1.3037656923813605,24,0.7222222222222222,cluster-3,1.6938671193554356e-48,5.729191572653944e-46,1.6828118178776945e-52,1.0,7.420040100228216e-38,
data,127,1.4101656265211814e-46,1.4504389057967697,-1.8356627216489296,-1.85405494214765,1.4327862356591412,1.2514882429697205,15,0.6428571428571429,cluster-3,1.7582769949511e-61,1.278734558488697e-48,9.421134445659142e-80,1.0,3.594778983989537e-70,
data,127,1.513123565291152e-17,1.5832190752046542,-1.2739374356007014,-1.2923296560994215,0.5759842039093257,1.378201091272227,19,0.7619047619047619,cluster-3,1.703575162132876e-32,3.562069664871442e-19,3.7120468996282815e-32,1.0,9.869458431353008e-28,
data,127,7.002554829611492e-44,1.4606741028646064,-1.5838180902436023,-1.6022103107423227,1.5625117744986468,1.245010859066117,21,0.746031746031746,cluster-3,6.717550666199035e-46,1.3929119382085715e-48,6.59233578226743e-87,1.0,2.17118504033247e-66,
data,127,3.3444475711235637e-47,1.4590515435564069,-1.3603433924397146,-1.378735612938435,1.362796813484252,1.260206184839519,9,0.6349206349206349,cluster-3,1.049720783862518e-65,2.9933223134897147e-49,6.829638575967501e-76,1.0,9.758763269264986e-64,
data,127,1.1748863639795305e-34,1.5121171669436653,-1.6817938136303519,-1.7001860341290722,1.3908831979346088,1.2704849346533662,24,0.7380952380952381,cluster-3,6.187356760415046e-41,1.4233439911852883e-36,1.9287768062449646e-77,1.0,1.7857505594065114e-43,
data,127,1.7991912950954427e-22,1.5782723260540603,-1.523937315452756,-1.5423295359514761,0.6384210060900588,1.3505968912001929,24,0.7857142857142857,cluster-3,6.132457546061461e-36,1.8283508798828805e-34,6.610409974692023e-29,1.0,3.328080213929663e-24,
data,127,1.6102309409596233e-49,1.471117189350279,-1.3482305571788877,-1.366622777677608,1.337461216243233,1.264870408389484,8,0.5476190476190477,cluster-3,8.913891217080416e-52,4.759337269437919e-52,1.7052682311231233e-74,1.0,1.6430529711051028e-66,
data,127,4.3600461914444024e-37,1.508178176604782,-1.3978188582292692,-1.4162110787279896,1.1616594209445743,1.2941778479647192,20,0.7063492063492064,cluster-3,5.453653469381544e-59,4.943205766609298e-39,8.476389432374941e-65,1.0,6.569073375454971e-47,
data,127,1.0967695069775927e-28,1.549884237491246,-1.6926334411140502,-1.7110256616127706,0.8530641090212845,1.2900046123799591,29,0.753968253968254,cluster-3,8.054948832300919e-41,8.890138404911288e-48,3.2530578472426414e-46,1.0,1.5985929478451506e-30,
data,127,4.211612442734135e-37,1.4859673655006127,-1.3699272335983637,-1.388319454097084,1.410832082192729,1.2910498178636245,9,0.6666666666666666,cluster-3,4.173346795293139e-53,4.773023118686871e-39,1.531063841556104e-78,1.0,2.7784643594078744e-56,
data,127,9.999972222114514e-34,1.5126965882895653,-1.9607641265148252,-1.9791563470135456,1.389481311707985,1.2572845360536506,23,0.7222222222222222,cluster-3,1.2438856832637457e-35,9.417457490085386e-45,2.3046425157213607e-77,1.0,2.9127973696688972e-39,
data,127,5.916480740379864e-68,1.3845607234898467,-1.4588447630874755,-1.4772369835861958,1.5426837590735727,1.2406606276210514,7,0.5317460317460317,cluster-3,9.90063566239862e-82,3.500859506161902e-70,8.178269659289474e-86,1.0,1.950848688896591e-71,
data,127,2.2446948314074957e-52,1.465723358934714,-1.4684337706077757,-1.4868259911064958,1.435731662539985,1.2679157653706394,7,0.6587301587301587,cluster-3,7.092877952692153e-60,1.3126252030180757e-54,6.4810743861040634e-80,1.0,4.927276078790771e-55,
data,127,2.0265871681364093e-45,1.4901731979572426,-1.4685330128106546,-1.4869252333093748,1.299524983083169,1.2949567434083322,10,0.6190476190476191,cluster-3,1.2836881263625865e-59,2.7701361633438804e-48,2.1095060994730894e-72,1.0,1.599268353693297e-47,
data,127,1.793340620677364e-47,1.4690431402586928,-1.546413391593873,-1.5648056120925933,1.4730673962690701,1.2903303571792653,13,0.6984126984126984,cluster-3,1.6465515915968234e-54,1.5960609656601569e-49,5.65431120511144e-82,1.0,4.696825907427596e-59,
data,127,9.777728554872667e-48,1.4620708707950705,-1.5162155271515132,-1.5346077476502336,1.4569179504875123,1.2472312880820726,24,0.6507936507936508,cluster-3,5.274495239269716e-54,8.654492084226039e-50,4.396517809231947e-81,1.0,8.216628451273975e-66,
data,125,1.4638844675730804e-31,1.5345397834209404,-1.724645263671875,-1.743331759698575,1.0280439453124999,1.2824565542387398,26,0.6854838709677419,cluster-3,9.501482101581414e-41,1.9435326826437823e-33,1.5515773266664896e-56,1.0,9.559904713755388e-49,
data,127,1.20031774873487e-43,1.50998596052791,-1.6693213755690206,-1.687713596067741,1.0349000945804627,1.2759559687025366,12,0.7301587301587301,cluster-3,1.0222322009577052e-51,1.1600866633078734e-45,8.311361065649498e-58,1.0,1.3142415412136636e-57,
data,127,2.5500878427491316e-48,1.4938181193453293,-1.2460265872985359,-1.2644188077972562,1.2518852414108637,1.2900551758819576,18,0.6746031746031746,cluster-3,2.0255712013945855e-54,4.5156173070401545e-52,8.948902064494654e-70,1.0,2.1831956193480553e-50,
data,127,2.568117909647973e-43,1.5172666068675322,-1.6409275325264518,-1.659319753025172,1.1135126549427903,1.2993885431256578,18,0.7063492063492064,cluster-3,5.677746746060937e-50,3.747459816325348e-47,3.834996752052583e-62,1.0,2.46115546907533e-45,
data,127,7.989714398987353e-58,1.4464248927306063,-1.520451222817729,-1.538843443316449,1.3501864455816313,1.2590919347998402,16,0.6428571428571429,cluster-3,1.9897416366843793e-65,5.858082047967956e-60,3.387876709184466e-75,1.0,3.8477669562396365e-66,
data,127,1.5013079738054948e-74,1.3281759031135707,-2.160608246570497,-2.1790004670692174,1.7909082127368356,1.1517818340859851,24,0.6428571428571429,cluster-3,5.058531309790349e-87,4.71985530141964e-80,1.6662593248969857e-99,1.0,8.566575648691562e-77,
data,127,0.00021946314424793053,1.576816861394911,-1.878321970541646,-1.8967141577165334,0.6839958851731669,1.3450129239121602,25,0.8174603174603174,cluster-3,1.8440833805851417e-05,2.5234486854843997e-28,1.8789961580997654e-38,0.9999815591661886,1.4629785561216856e-23,
data,127,7.335545566765069e-38,1.5088196662858242,-1.7263301338736468,-1.744722354372367,1.0732203205739417,1.2371100437969371,22,0.6825396825396826,cluster-3,6.398892104777714e-60,8.150119795766728e-40,1.894783248116498e-57,1.0,3.706373873430768e-54,
data,127,1.523938460232593e-41,1.4732317720231451,-1.8293750192236713,-1.8477672397223917,1.7043754998154528,1.2317474075120147,28,0.7222222222222222,cluster-3,1.5193673156608535e-43,1.0786972136840053e-49,9.873904400742052e-95,1.0,2.5269894351824925e-45,
data,127,2.7251104627871894e-18,1.517451185953684,-1.7260171484759474,-1.7444093689746676,1.1261129304179993,1.3027355486937755,24,0.6904761904761905,cluster-3,6.16073821743285e-20,5.8790495338184266e-33,9.910712271075488e-62,1.0,7.740905694420424e-63,
data,127,2.4561638882252133e-60,1.3609494099600452,-1.6729325422151822,-1.6913247627139023,1.9246285506120817,1.2031339698931531,15,0.6111111111111112,cluster-3,5.414515151503583e-82,1.7042051997877397e-70,7.02011094910412e-107,1.0,1.7270920455850402e-62,
data,127,1.739696703495366e-51,1.3815974410229466,-1.235041941244771,-1.2534341617434914,1.6490095243679257,1.237600787139155,1,0.5476190476190477,cluster-3,6.659123981362269e-76,1.4297366627119935e-53,1.1174327511260951e-91,1.0,4.214632943730421e-86,
data,127,1.3644908588345692e-26,1.5390883034091192,-1.684906967042938,-1.7032991875416583,0.9883771280604083,1.3133084192933153,19,0.6984126984126984,cluster-3,8.616560630234792e-46,2.1416952572738174e-28,3.0596020270929524e-55,1.0,7.117244136253486e-45,
data,127,7.918323957102297e-39,1.4937693880482696,-1.4977312463475025,-1.5161234668462227,1.3128891591950664,1.2619799160045988,16,0.753968253968254,cluster-3,8.582956938092843e-41,1.244272620409184e-46,3.8643309829373194e-73,1.0,9.810174317172184e-61,
data,127,7.009215220694154e-42,1.5350828258658495,-1.3587406188484252,-1.3771328393471456,0.88034538208969,1.3308420537241008,13,0.753968253968254,cluster-3,7.736127397790218e-47,6.468731118141227e-48,2.78098736334766e-49,1.0,7.045259163765016e-44,
data,127,5.35686329730746e-36,1.5254233329910576,-1.3721001091904528,-1.3904923296891731,1.0053191898375986,1.299020358409659,14,0.6984126984126984,cluster-3,3.558104994741621e-56,6.253259942326472e-38,1.657368680026066e-50,1.0,1.269469545011514e-50,
data,127,2.8034921638721755e-31,1.54529482137155,-1.410085242564284,-1.4284774630630044,1.0308411365418924,1.3490275767205249,19,0.7301587301587301,cluster-3,2.0309377085733828e-42,1.8113288810825033e-34,1.39169991426658e-57,1.0,3.56391994529958e-33,
data,127,1.0135902872752171e-31,1.5353982044295058,-1.3306267205185778,-1.3490189410172981,1.0215480534110482,1.3233911908110303,15,0.7063492063492064,cluster-3,1.1930698414415269e-51,2.165683125564488e-37,4.530115869652138e-57,1.0,1.3388300102851944e-33,
data,127,5.7651084933368145e-28,1.515013575185674,-1.2419158454955093,-1.2603080659942296,1.3049322413647269,1.2957036789082605,14,0.7063492063492064,cluster-3,1.0615520573317636e-72,8.614395918851616e-30,2.0176757904151593e-45,1.0,3.723564802390397e-46,
data,127,4.255662653235985e-49,1.4591909010448958,-1.9153367891086368,-1.9337290096073572,1.4490940364327016,1.2104083601955749,18,0.6984126984126984,cluster-3,8.962888820479992e-67,3.663827785261692e-51,1.1875172849528927e-80,1.0,5.905461640172011e-55,
data,127,1.072053203982621e-36,1.478885383809947,-1.3140208326925442,-1.3324130531912646,1.263709120863066,1.2836429919281833,15,0.6111111111111112,cluster-3,2.586945515056098e-67,1.2281124618228557e-38,1.9935125035394378e-70,1.0,1.3877768577680995e-57,
data,127,1.1210003984086606e-43,1.4508995092544816,-1.842556930902436,-1.8609491514011562,1.402528777835876,1.2073819614251047,19,0.7063492063492064,cluster-3,7.768398856237825e-60,1.0827065276421655e-45,4.395065649669662e-78,1.0,1.7515775732131298e-74,
data,127,3.0400566156686435e-48,1.3929692274148044,-1.848580427995817,-1.8669726484945373,1.739418089859129,1.201949625712332,12,0.7301587301587301,cluster-3,2.6632186534972483e-50,4.2154894415259734e-69,1.1526590783711722e-96,1.0,2.5645920031091072e-82,
data,127,2.2772490055665424e-49,1.411147448122041,-1.8647684412678396,-1.88316066176656,1.6397745928426428,1.1897059705753725,16,0.7380952380952381,cluster-3,1.9503030333647676e-51,6.158888106217395e-63,3.610586308349536e-91,1.0,2.444455659914289e-81,
data,127,9.232268807345466e-21,1.5057357084918266,-1.9043790561946359,-1.9227712766933562,1.5429168460875984,1.2812013335181467,14,0.6507936507936508,cluster-3,1.5624339100836964e-42,1.844812076893774e-22,7.939724241473541e-86,1.0,3.418543115969171e-36,
data,127,1.5338466703495826e-58,1.424953271861181,-1.4719585508812132,-1.4903507713799333,1.5044379046582799,1.235226688744073,9,0.6587301587301587,cluster-3,6.702462272034455e-72,1.1110279116660688e-60,1.0522690440408321e-83,1.0,5.041442742218147e-65,
data,127,3.779448544315801e-34,1.5350544954551664,-1.3444514237050935,-1.3628436442038139,1.1645764929103102,1.2981274579920794,22,0.7698412698412699,cluster-3,3.4288276749517873e-40,2.3183315595921854e-36,5.852192895900219e-65,1.0,2.287060684766364e-36,
data,127,1.4047852392537538e-40,1.532016063448515,-2.1588533656803643,-2.1772455861790845,1.03721534548782,1.2639727435131722,26,0.7063492063492064,cluster-3,4.3917707472609897e-45,4.1191176558027144e-43,6.19403366541377e-58,1.0,1.032611212020964e-42,
data,127,2.2910949031003634e-43,1.4628771756019454,-1.7017704520638532,-1.7201626725625736,1.3882828359528792,1.2299481362635296,18,0.5476190476190477,cluster-3,2.2283595972570863e-45,4.806320313260983e-51,7.901460485599925e-74,1.0,2.6835270548912726e-77,
data,127,4.245933119745551e-31,1.5239628423406832,-1.5436000073049951,-1.5619922278037155,1.3465838094395914,1.3108023907725062,12,0.7222222222222222,cluster-3,3.38477129655792e-33,4.1849644202951186e-40,5.353433740724683e-75,1.0,2.282157577050776e-33,
data,127,7.010386268427346e-50,1.465554651885715,-0.982030132624108,-1.0004223531228282,1.271911200575941,1.2773113585800926,6,0.6428571428571429,cluster-3,1.1813847336453142e-67,5.943415853392589e-52,7.034447344133762e-71,1.0,2.3468299957584379e-60,
data,127,8.037407098387219e-26,1.563017577007637,-1.404487669937254,-1.4228798904359743,0.7476672074926183,1.3469524923001162,18,0.753968253968254,cluster-3,6.659383140715294e-37,1.2982663670132092e-27,5.782514103904558e-42,1.0,2.098375288825196e-41,
data,127,6.242655362082551e-48,1.4284836050024967,-1.5508623498631275,-1.5692545703618477,1.7730444960706817,1.2536549566808413,11,0.6984126984126984,cluster-3,1.320968007768899e-55,5.503816625517888e-50,1.6107309987439404e-98,1.0,5.830255052229667e-69,
data,127,1.1027346170163407e-41,1.4668021946312255,-1.7464716152882014,-1.7648638357869215,1.5899769940714195,1.2475162030685683,15,0.6984126984126984,cluster-3,6.0381626125551234e-52,1.1149733547407307e-43,2.0145783872438976e-88,1.0,1.1619612891031443e-58,
data,127,1.2513203249188877e-67,1.3686420308340852,-1.843840591550812,-1.8622328120495324,1.566729447973056,1.1786051669529185,16,0.6904761904761905,cluster-3,1.4536691589186872e-85,7.864069069723565e-70,3.8584409306306147e-87,1.0,1.4465454262434987e-76,
data,127,4.242725296730682e-35,1.4633773853529166,-1.7626343974916954,-1.7810266179904157,1.4907722773514394,1.248329258991261,10,0.6746031746031746,cluster-3,5.076793252953574e-37,3.590103158230464e-64,5.968427514917714e-83,1.0,5.526534198934804e-59,
data,127,1.7109275254827469e-25,1.5490796526778308,-1.5543972225639764,-1.5727894430626967,1.0527379794383611,1.3215312582417114,25,0.753968253968254,cluster-3,2.869513495142582e-29,2.766986817533429e-27,8.626139740185459e-59,1.0,1.870432772140485e-40,
data,127,5.589060751321247e-32,1.4963449817985468,-1.2417842834953248,-1.2601765039940451,1.4127574530173475,1.2813811398236266,13,0.6666666666666666,cluster-3,7.325444642853896e-34,9.689266415740255e-53,1.1989434616332503e-78,1.0,2.339104251230785e-48,
data,127,2.477434457417965e-41,1.5096483545631294,-1.0300977812038632,-1.0484900017025836,1.161649448665108,1.3352321125424407,14,0.6587301587301587,cluster-3,4.222532292780207e-57,2.4193253266482164e-43,8.487131406568032e-65,1.0,1.0208680261502497e-44,
data,127,2.8403600155451264e-52,1.4105316936459333,-1.401067418376292,-1.4194596388750123,1.6582758145069512,1.2708597482665343,17,0.6666666666666666,cluster-3,3.017064685933367e-71,2.2997602090050742e-54,3.444573565035017e-92,1.0,2.7453087099746258e-71,
data,127,1.6522324797790235e-49,1.475991979408999,-1.5050846610482282,-1.5234768815469486,1.2667529489111713,1.2447199646001883,13,0.7222222222222222,cluster-3,8.470172649824845e-60,1.0925519782200762e-60,1.3543640357773604e-70,1.0,1.4111096261457004e-51,
data,127,2.935549536519674e-41,1.5008747415884869,-1.6059613565760336,-1.6243535770747537,1.2358412855253442,1.3186810056093505,20,0.7619047619047619,cluster-3,4.858654041904544e-59,2.9924409292789494e-43,6.865632403067124e-69,1.0,5.27443622702645e-46,
data,127,3.924596467813829e-55,1.4107012871918307,-1.387699157234252,-1.4060913777329722,1.4605419729638285,1.2423182931212147,14,0.6904761904761905,cluster-3,7.714814432104242e-71,3.0155903434768046e-57,5.014779030305817e-81,1.0,2.7747536434197853e-81,
data,127,3.037275744191984e-72,1.3062837339874676,-2.118165023683563,-2.136557244182283,1.7498764879121556,1.1262809151960849,14,0.5952380952380952,cluster-3,1.788633482773598e-74,1.3394314212107098e-95,3.053962890406427e-97,1.0,2.4156641688719113e-88,
data,127,1.7575358741157458e-27,1.5161566620189202,-1.6044306717519685,-1.6228228922506889,1.173023133765994,1.282188881085386,28,0.8174603174603174,cluster-3,4.266978018320921e-58,2.6713361576443514e-29,2.0018926465066765e-65,1.0,2.6585021179186524e-40,
data,127,4.4145267905431665e-34,1.5307020574443742,-1.4407524048812745,-1.459144625379995,1.098858930933194,1.3313102816586226,24,0.6825396825396826,cluster-3,2.306356338020356e-48,5.43637335524462e-36,2.466022291209386e-61,1.0,2.126799610206844e-40,
data,127,5.125161025196909e-36,1.5011826486605138,-1.7025893804595227,-1.720981600958243,1.330138198972687,1.2732028864078213,13,0.6984126984126984,cluster-3,3.397254211017468e-48,5.979662624169797e-38,4.32211822536049e-74,1.0,2.691351209733077e-53,
data,117,1.9173816315986965e-35,1.5292240738340235,-1.778294229099893,-1.7982584342566237,0.9356141701722755,1.1475366927149737,29,0.75,cluster-3,2.272457997218613e-37,4.964393320510168e-45,2.878376884652042e-48,1.0,2.46192294634937e-47,
data,127,9.028945867334138e-40,1.4868985558750616,-1.5154173843503937,-1.533809604849114,1.1666978250338336,1.2491956636712342,18,0.7777777777777778,cluster-3,4.710462561764186e-59,9.55939175478179e-42,1.758052984605023e-64,1.0,4.470084290201772e-65,
data,127,5.14831547206313e-38,1.502130977152889,-2.1082206185408463,-2.126612839039567,1.0904947115680366,1.248827400833198,15,0.7301587301587301,cluster-3,7.133930205276619e-61,5.6973456984724434e-40,8.804542496876551e-57,1.0,1.50674932994681e-59,
data,127,7.271430246235617e-42,1.491219795997326,-2.001735897514764,-2.020128118013484,1.2010524479422982,1.2502725391602163,10,0.6904761904761905,cluster-3,2.189596622297749e-54,2.6682868954573326e-62,5.694725194576497e-67,1.0,7.320993515050124e-44,
data,127,1.048447064406519e-32,1.5121113914555595,-1.4319742758443037,-1.450366496343024,1.3010074885811393,1.3169667457067802,13,0.6746031746031746,cluster-3,1.1836949860699601e-51,2.821906620212029e-41,1.74748156509199e-72,1.0,1.3443001035099893e-34,
data,127,2.632931559399802e-40,1.4717582270748026,-0.990887138787217,-1.0092793592859373,1.2905188132458782,1.293052988230298,14,0.7222222222222222,cluster-3,6.620940394067064e-72,9.69522645005648e-59,9.991417946032503e-69,1.0,2.7513356343564232e-42,
data,127,1.0029904408662775e-35,1.4770004691491676,-1.0390018252875861,-1.0573940457863065,1.4148358923243727,1.2964042620279967,19,0.7142857142857143,cluster-3,9.207920350359184e-79,1.9189992650738517e-49,2.2572963082832413e-66,1.0,1.1795654659281542e-37,
data,127,2.1991231632859736e-39,1.5005069604837562,-1.797601654773622,-1.8159938752723424,1.260365643839198,1.2591325099120645,17,0.746031746031746,cluster-3,1.3895807961937322e-53,2.350714398938518e-41,3.0481039513152684e-70,1.0,1.965905898242495e-52,
data,127,8.049513281060346e-40,1.4922395811671882,-1.681570578747847,-1.6999627992465673,1.3542154867818035,1.2708708694815434,18,0.6428571428571429,cluster-3,8.51177494624588e-42,6.487253244473143e-59,2.0309733344979324e-75,1.0,1.6368138175708876e-46,
data,127,3.087439113738577e-57,1.3900024269306217,-2.111307459553396,-2.129699680052116,1.8835831289216287,1.1503974972780964,16,0.6746031746031746,cluster-3,2.1952078668291926e-62,2.2842351203060008e-59,1.2889040689416371e-104,1.0,6.36281553642025e-76,
data,127,1.154743826003845e-31,1.543660782184771,-1.3488344207523375,-1.3672266412510579,1.0135880117341292,1.343735161351578,25,0.8095238095238095,cluster-3,7.324073623965678e-42,8.654866270133607e-40,1.244940474879846e-56,1.0,1.5282221493449664e-33,
data,127,1.603335310084889e-40,1.4963883600301449,-1.5326170433224655,-1.5510092638211859,1.183517576202633,1.277873263657518,15,0.7301587301587301,cluster-3,7.314909729039598e-51,1.6667081560364903e-42,5.279777516863115e-66,1.0,9.636212092624936e-63,
data,127,2.678634970921071e-32,1.493778636106571,-1.474024134358083,-1.4924163548568035,1.2291496457077387,1.317168457516999,10,0.6904761904761905,cluster-3,3.4768609335868347e-34,2.1136641225832348e-63,1.606055734286558e-68,1.0,1.601908074954583e-52,
data,127,2.053377704396609e-36,1.4683086512290315,-1.5308016078678641,-1.5491938283665845,1.3058630274975396,1.2420022231401555,22,0.6190476190476191,cluster-3,5.770727722825217e-71,2.370140201019354e-38,9.431991823806105e-73,1.0,2.1326528581121283e-59,
data,127,1.0108141881783774e-54,1.4380094939723276,-2.135152501384104,-2.1535447218828248,1.5613081323818898,1.1549574259517155,15,0.7222222222222222,cluster-3,2.1120199127220546e-63,7.824233598469024e-57,7.681157699964326e-87,1.0,1.1772752468188316e-63,
data,127,2.6832889442788344e-18,1.5520061476184488,-2.320371612789124,-2.338763833287844,1.0833913247416338,1.3105033227380152,29,0.746031746031746,cluster-3,6.064021819885429e-20,1.6776811313443605e-33,1.7584053328625432e-60,1.0,3.071500434720498e-29,
data,127,1.301582070015724e-53,1.444198536149862,-1.0204591525821236,-1.0388513730808437,1.3840035265824926,1.258227202632399,15,0.6904761904761905,cluster-3,4.620968358627942e-77,1.0279863282760783e-55,1.478233457275352e-72,1.0,1.0799422760243228e-61,
data,127,6.444121727192817e-20,1.4704144229562108,-2.1620754932794046,-2.1804677137781248,1.750386155496432,1.2295510373773406,23,0.753968253968254,cluster-3,1.3408212698923922e-21,9.90150695102339e-44,2.862548386663956e-97,1.0,1.077757230101978e-53,
data,127,2.881015385836322e-52,1.4575378878039595,-1.405047319066806,-1.4234395395655264,1.2460017166738435,1.257283830296559,14,0.6111111111111112,cluster-3,3.3089447145544576e-66,2.3329483722985538e-54,7.943371738048312e-68,1.0,1.8891998865935985e-69,
data,127,4.873269597878002e-41,1.4720516443160232,-1.3248795636995572,-1.3432717841982773,1.476417601577879,1.2991947738640524,12,0.6984126984126984,cluster-3,9.762618272220237e-45,4.900687745432772e-43,3.694858376028122e-82,1.0,4.115423553298412e-67,
data,127,3.1786350938895256e-29,1.5033796671328323,-2.4003589059424213,-2.4187511264411414,1.3046565018300935,1.1922207385336427,29,0.7301587301587301,cluster-3,4.5496763369938645e-31,6.245178545818187e-53,1.0993850336453384e-72,1.0,2.811031575515987e-50,
data,127,2.245002664343823e-60,1.343648934965278,-1.7359341598871185,-1.7543263803858389,1.8532468540461986,1.1689204600773198,14,0.6904761904761905,cluster-3,1.577606303052947e-62,1.3466264992635708e-77,6.0733728790964e-103,1.0,2.1021376303109453e-89,
data,127,2.1990547698249455e-46,1.4795822403953274,-1.3298465999092643,-1.3482388204079845,1.211133461298905,1.2833658490107487,11,0.6984126984126984,cluster-3,3.2107029699418776e-65,2.0022383667742866e-48,8.696552881806598e-58,1.0,1.5828889797786575e-67,
data,127,2.85583385987105e-28,1.5401447481204134,-1.1262418491633859,-1.1446340696621062,0.8931320070281743,1.3555050072375183,13,0.746031746031746,cluster-3,2.4291519566619288e-46,4.222284262995195e-30,5.482108321243394e-50,1.0,3.584998507325395e-49,
data,127,1.4817392846714003e-20,1.5750645191816068,-1.3050179068497785,-1.3234101273484988,0.719878429502953,1.3692625193759267,19,0.7698412698412699,cluster-3,1.971595617212483e-40,2.7080733261125823e-25,9.540258897324275e-36,1.0,2.986531398030131e-22,
data,127,6.193706328109152e-36,1.5161404567116374,-1.1814286840243602,-1.1998209045230805,1.18603515625,1.3282953539280697,13,0.7142857142857143,cluster-3,1.3745657435619042e-53,3.23792140334904e-43,3.834930430040981e-66,1.0,7.242516749057857e-38,
data,127,1.2372832163839671e-20,1.5643657958974546,-1.4665720781942053,-1.4849642986929255,0.837747048205278,1.3358861129878636,30,0.6984126984126984,cluster-3,6.219094072589639e-47,1.466934936023334e-22,4.5468424572738137e-41,1.0,9.863724909524167e-23,
data,127,3.914623268164806e-56,1.4419099439858267,-1.491682157741757,-1.5100743782404773,1.4976518285556102,1.261187618074126,7,0.6825396825396826,cluster-3,2.9519534331508248e-58,1.0036700871687285e-65,2.4912397843972696e-83,1.0,3.0465253381097715e-61,
data,127,1.2040681539209573e-25,1.55276211891976,-1.592133529542938,-1.6105257500416583,0.8801596333661417,1.3200588349154723,14,0.8015873015873016,cluster-3,2.8473710193408357e-49,1.9579004618111867e-27,1.303162361677274e-44,1.0,1.9602370953997465e-37,
data,127,1.3735631615543348e-59,1.4138938047704468,-1.9597214826448697,-1.9781137031435898,1.5673084409218132,1.227610299935081,18,0.6190476190476191,cluster-3,9.777628134737432e-62,1.3585982067549566e-68,1.9441031354591083e-71,1.0,3.584901841749705e-87,
data,127,5.618887167100165e-62,1.4466832475586446,-1.3041772316759965,-1.32124575507063,1.2312620868833049,1.2598811895275848,9,0.7063492063492064,cluster-4,2.5705287601796554e-66,1.2281405645442288e-68,3.2766597401674884e-68,3.8208286146419944e-64,1.0,
data,127,3.542286569941163e-15,1.5806482275256,-1.6325520192544292,-1.6496205426490627,0.6544797401728593,1.3291385850937483,28,0.753968253968254,cluster-4,6.17862828698202e-34,8.298703442553739e-17,7.978268746195629e-37,1.2050470386239234e-17,1.0,
data,127,2.4876425048681706e-25,1.5712061140667806,-1.1336096816175565,-1.15067820501219,0.7527122197188731,1.38496303308906,19,0.6984126984126984,cluster-4,3.0468918378363516e-42,1.7992337598594686e-29,9.513946572816597e-36,4.07426885972e-27,1.0,
data,127,5.927086051704897e-42,1.4571667605075644,-1.0704090989480808,-1.087477622342714,1.4410919429749016,1.2777310695091497,13,0.6904761904761905,cluster-4,3.280942345895874e-80,5.955105104729852e-44,3.661266335362728e-61,1.611573837548937e-67,1.0,
data,127,3.02744686360281e-32,1.5125684610166792,-1.1757914625753567,-1.1928599859699902,1.1601710281972812,1.3078647602732691,12,0.6349206349206349,cluster-4,1.0240090562416928e-64,3.935954005918286e-34,3.562675729022733e-52,2.1235438803355315e-52,1.0,
data,127,9.094986948500888e-57,1.4530057158782743,-1.1770756038155143,-1.1941441272101476,1.2383279875507505,1.2516981920748989,5,0.7063492063492064,cluster-4,1.1939849801573432e-66,6.790496266080081e-59,1.492214364089627e-67,5.006399517940571e-69,1.0,
data,127,1.7157429808205566e-12,1.579005253642114,-1.5867201437161664,-1.6037886671107984,0.6905318132535678,1.3575339931679302,32,0.7777777777777778,cluster-4,8.192985354246617e-39,5.431169219722041e-14,2.737902105434313e-20,8.856661477601108e-33,0.9999999999999432,
data,127,5.443107723029691e-32,1.5620117659468948,-1.381901418130229,-1.3989699415248622,0.8007825716273989,1.3415305202228254,22,0.7698412698412699,cluster-4,2.2523516244284913e-35,1.175397140472539e-37,6.800135837274818e-45,6.8918114307766095e-34,1.0,
data,127,2.274629062480076e-34,1.5165352444529607,-1.642750297005721,-1.6598188204003543,1.1263676440621924,1.2617483348208638,25,0.6587301587301587,cluster-4,1.2417424487482912e-58,7.494504830491052e-63,1.7564982330594903e-41,2.7782806598261618e-36,1.0,
data,127,1.2853540591667193e-40,1.5065082366455371,-1.1986311063991757,-1.2156996297938092,1.1647275188776451,1.3125121431514002,11,0.6904761904761905,cluster-4,7.545376921371097e-60,7.18138857314899e-45,5.7410157072053485e-65,1.3254135719581341e-42,1.0,
data,127,1.2996725682944629e-39,1.5194816790181243,-1.2532443549689345,-1.270312878363568,1.0446064866433933,1.2962138968656631,18,0.6746031746031746,cluster-4,2.4227701847682676e-58,1.3813866475993543e-41,1.7201876962029067e-55,2.277559195387213e-46,1.0,
data,127,1.857606040519234e-58,1.4561565688942566,-1.0812870536263532,-1.0983555770209867,1.2273172693928398,1.3064503804821452,3,0.6666666666666666,cluster-4,2.026870769156286e-68,1.3473935006274e-60,3.599396829601014e-66,8.487908462225545e-65,1.0,
data,127,1.1437908234072934e-33,1.5470692696496868,-1.473228034072035,-1.4902965574666684,0.9566449743556225,1.3509115472168065,24,0.6428571428571429,cluster-4,2.918520931107674e-42,1.4231221180117307e-35,1.7213316140734685e-53,2.2041292496699987e-38,1.0,
data,125,2.6353980954726667e-28,1.5436113611175002,-1.08936328125,-1.1067049010189476,1.01087841796875,1.3323747365430592,19,0.7338709677419355,cluster-4,1.3262797847698237e-55,3.8824569784659145e-30,1.7017054473810588e-46,8.334294500298475e-33,1.0,
data,127,4.316624510910033e-31,1.5332012083302613,-1.187654870701587,-1.2047233940962205,1.0397606797105685,1.3202128277407361,21,0.6746031746031746,cluster-4,6.38528916915331e-44,1.9965638008569372e-48,4.483164104290673e-58,5.815612467716178e-33,1.0,
data,127,2.8499390150344803e-23,1.570691355681734,-1.8479001503291093,-1.8649686737237428,0.7461497389425444,1.2960214877944958,18,0.7619047619047619,cluster-4,7.011537875259291e-42,5.045624175811095e-25,1.5235209355839693e-38,4.4680226400043834e-27,1.0,
data,127,1.6714606677157235e-42,1.5289436122810383,-1.161312673974225,-1.1783811973688583,0.9406549648975764,1.3355181941706795,19,0.626984126984127,cluster-4,2.1819228820684793e-49,6.91382859804129e-48,1.3115954457521224e-52,1.6572852288306356e-44,1.0,
data,127,2.3237512316954415e-16,1.5422557261130525,-1.9113194022591657,-1.9283879256537992,1.1088387797197958,1.274849751895474,19,0.7380952380952381,cluster-4,2.238059913461761e-25,1.0273183314933372e-43,6.943116528440906e-62,5.856375046304321e-18,1.0,
data,124,4.0420691089292514e-36,1.527660783825051,-1.448761478547127,-1.4662429500884049,1.0310752622542845,1.2737658477788703,22,0.7154471544715447,cluster-4,2.97853833368674e-56,1.582717106083537e-48,4.702810419416651e-38,1.0507731286420388e-45,1.0,
data,127,1.5744838935610318e-13,1.5718932058484159,-1.7914444330170398,-1.808512956411673,0.8769885686438852,1.3131207070984896,32,0.7301587301587301,cluster-4,2.417214664929577e-19,4.774392550837721e-15,4.259370327604661e-49,6.438445537802092e-27,1.0,
data,127,7.687207860023154e-41,1.4615125472987494,-0.995183208795983,-1.0122517321906164,1.6557485625499813,1.311937539456931,7,0.6031746031746031,cluster-4,4.748178693664164e-92,7.929818353284088e-43,5.54414463128625e-59,8.459809284189092e-52,1.0,
data,127,6.442504700714363e-50,1.457707787891371,-1.4063464788001354,-1.4234150021947687,1.2991701862004799,1.2587461264169548,12,0.5873015873015873,cluster-4,2.2067327944613436e-72,5.458022686596883e-52,1.1542909562588606e-67,7.81382189877623e-65,1.0,
data,127,2.4554377478329374e-47,1.5032062200181793,-1.141115203617126,-1.1581837270117594,1.1590037909079727,1.3061801258807173,15,0.6190476190476191,cluster-4,1.1876356788889372e-64,5.693245296888228e-53,2.1853548088688096e-49,5.229023975918738e-52,1.0,
data,127,1.8865776904684415e-07,1.5877642969638912,-1.6497367798812745,-1.6668053030846226,0.5321551946204477,1.357103011746886,29,0.7857142857142857,cluster-4,4.454180367232933e-30,7.614419722966054e-09,7.231810472054935e-29,1.8328643527247869e-09,0.999999990552709,
data,127,8.787975406516722e-36,1.5218983853938877,-1.1693133256566806,-1.186381849051314,1.0257403756689838,1.3352148831594404,12,0.6984126984126984,cluster-4,2.659990604646709e-57,4.266251038627117e-48,1.0318853609330828e-37,5.87965655962225e-55,1.0,
data,127,1.376601141443567e-43,1.4984201963658417,-1.2609984630674829,-1.2780669864621161,1.2306969109482653,1.3058337721058972,8,0.6031746031746031,cluster-4,1.319533985749082e-68,1.2299600024870315e-45,1.6768271745657865e-59,9.884547086587061e-47,1.0,
data,127,1.5302717262456466e-21,1.568454722328062,-1.4990517924151083,-1.5161203158097416,0.7629252756674458,1.3574975060378178,21,0.7380952380952381,cluster-4,8.464416793586675e-39,1.3274658967347826e-30,8.328213679780963e-43,2.9497659128320323e-23,1.0,
data,127,4.0485677576053503e-32,1.545084801344587,-1.4026837686854086,-1.4197522920800418,0.8931408979761317,1.3344338301649579,19,0.746031746031746,cluster-4,5.283731986943986e-34,1.1246728108834425e-46,5.475921689966894e-50,3.480934222118169e-42,1.0,
data,115,2.684214274466391e-28,1.5276056519961727,-1.2346431566321332,-1.253492743337511,1.2483601445737094,1.2283052815749078,14,0.6228070175438597,cluster-4,4.488166348235289e-63,4.8340978467534725e-31,3.4594573786191436e-30,1.9329305378444516e-40,1.0,
data,127,4.627205102554887e-47,1.4948307867777588,-0.9877101267416646,-1.0047786501362979,1.3155279084453433,1.3199427743986072,5,0.6587301587301587,cluster-4,2.76396824210249e-73,8.488644592781615e-52,9.884569705021524e-50,3.1355152639949414e-49,1.0,
data,127,1.7238203448240367e-30,1.5177376618220522,-1.438276756466843,-1.4553452798614765,1.0417445625845843,1.2717331324439318,15,0.6349206349206349,cluster-4,2.5906659545454653e-54,2.3672017740009962e-32,1.6816109592149233e-53,3.4846790504616734e-58,1.0,
data,127,5.607720175620876e-07,1.5936531652832382,-1.243624108982837,-1.2606926316568043,0.5189015546182949,1.416381498350622,31,0.7142857142857143,cluster-4,2.3976047775632486e-29,3.064125266022442e-08,5.5979765851429516e-21,2.996758933548026e-13,0.9999999693584418,
data,127,6.374177612026481e-24,1.4553243661286381,-1.8048560675673597,-1.8219245909619932,1.4393102690929505,1.2044275851484194,14,0.6349206349206349,cluster-4,3.5965319257988926e-79,2.116477831789282e-50,4.114030746045352e-80,1.1093071166880057e-25,1.0,
data,127,4.972655113227806e-36,1.5380413693273791,-1.264412947527067,-1.2814814709217004,1.002455583707554,1.343629432480984,13,0.7301587301587301,cluster-4,5.118728543206993e-56,5.798518362971054e-38,1.0263557766634746e-41,1.9411201820970216e-45,1.0,
data,127,4.411273319140531e-17,1.5502867058969725,-1.4622656153881644,-1.4793341387827978,1.1153112696850394,1.329286281099875,27,0.7698412698412699,cluster-4,3.051839475762361e-62,1.4050353401261028e-20,5.597296283941192e-35,1.0500702989885445e-18,1.0,
data,107,3.4988423205264144e-22,1.5366694223613055,-1.8020281925379673,-1.8222870941372051,1.0320882351599008,1.0621030150374962,24,0.7169811320754716,cluster-4,1.3645730774339317e-43,6.554356875901728e-24,1.0948783942313018e-48,1.8783791207274635e-30,1.0,
data,127,1.7061792659035115e-33,1.5419618966559527,-1.5217753733236958,-1.5388438967183293,0.9382614976777806,1.3290987838753292,17,0.6904761904761905,cluster-4,1.8542337884128742e-49,2.1315077073641384e-35,1.7775119944629216e-52,5.264487384165653e-38,1.0,
data,127,1.6136672572765104e-19,1.5826352033852937,-1.4770894688884104,-1.494157992283044,0.7223234401913141,1.3538115390248757,20,0.7222222222222222,cluster-4,4.567277680909132e-22,2.8466730643137012e-21,1.4453143128656312e-40,8.366765076459705e-23,1.0,
data,127,1.7084303053114254e-37,1.5033491771127423,-0.8841496865580402,-0.9012182099526734,1.225639102965828,1.3293987889929828,9,0.5714285714285714,cluster-4,2.508337660132101e-68,1.9163462387323836e-39,1.213686292809358e-57,1.4052833340419853e-48,1.0,
data,127,3.18973474025674e-36,1.539844365056363,-1.6020955964336245,-1.619164119828258,1.005272211990957,1.3131772227986205,14,0.6825396825396826,cluster-4,3.5793967649892265e-56,3.695617722401667e-38,1.6923665431913345e-43,4.766068016039801e-41,1.0,
data,127,6.270823732875437e-14,1.5650190956566337,-1.4149550790861836,-1.432023602480817,0.835842462975209,1.3577409431267653,17,0.7142857142857143,cluster-4,7.920913759682484e-47,3.5628850512260783e-19,1.1048985969482961e-39,1.8480093569887005e-15,1.0,
data,127,1.4911998584113274e-32,1.5237981370719598,-1.772092804195374,-1.7891613275900073,1.0559913455031986,1.2616619615716167,21,0.7380952380952381,cluster-4,5.706578360660551e-59,1.9207789526746823e-34,5.809471977039409e-55,4.9185499184731925e-45,1.0,
data,127,3.624837764613766e-32,1.5425204604345877,-1.2105614369309794,-1.2276299603256127,1.0578937680702507,1.3502775556233317,18,0.6587301587301587,cluster-4,4.481742589764193e-59,2.121157689183277e-35,1.5689081569936574e-42,4.500284965290053e-34,1.0,
data,127,6.736183700565472e-31,1.5073053652988473,-1.8480242631566806,-1.865092786551314,1.326512734721026,1.2877877506248305,18,0.7619047619047619,cluster-4,1.5319806984483759e-56,9.130693836615934e-33,6.8495268163913165e-74,1.606332281989381e-37,1.0,
data,127,2.3202158373684463e-38,1.5251865670005527,-1.1414089653435655,-1.1584774887381988,1.046856377068467,1.3463466189542292,14,0.7301587301587301,cluster-4,1.8206170934574863e-58,1.9181937045392267e-42,1.2477617663141486e-53,2.524519668889216e-40,1.0,
data,127,5.10695863875168e-35,1.5481198921332013,-1.5554739884504183,-1.5725425118450518,0.8934121920367863,1.3096532640278917,17,0.753968253968254,cluster-4,5.290465620688003e-50,3.842826575129857e-42,1.7216573401425431e-41,6.1244357171433985e-37,1.0,
data,127,3.468368864388971e-52,1.4663028290786382,-1.2600411242387426,-1.277109647633376,1.2033906471072218,1.2836166505083724,5,0.6111111111111112,cluster-4,4.925125015278725e-66,6.842197250387083e-64,4.231637559227894e-67,2.812827931478418e-54,1.0,
data,127,4.459622456980806e-50,1.4839617637302465,-1.499125923697404,-1.5161944470920374,1.1718162476547123,1.2725262708597556,9,0.6666666666666666,cluster-4,2.333496047186888e-65,3.7650031135718804e-52,2.2791473651758013e-63,1.211633614142551e-55,1.0,
data,127,7.642957992052674e-41,1.5105290301626462,-1.146551177257628,-1.1636197006522613,1.2408641905296507,1.3224182048247628,17,0.6507936507936508,cluster-4,3.6277739357357074e-69,1.084187251790315e-43,6.766658479249957e-43,6.7322552211803e-52,1.0,
data,127,1.141524648215565e-22,1.552322654924151,-1.2559508075864296,-1.2730193309810631,0.8952577846256768,1.3671846346030798,26,0.753968253968254,cluster-4,4.18503891356603e-50,2.0936519960486293e-24,1.6058123314146146e-36,7.79544249752797e-45,1.0,
data,127,2.445131397371386e-32,1.5252227379008567,-1.6471964918722317,-1.6642650152668652,1.0602189912570743,1.2828949679725135,19,0.746031746031746,cluster-4,9.556479740784812e-56,3.169971602258509e-34,3.3357868781205194e-59,1.0155909139050914e-41,1.0,
data,127,1.4920220619647433e-42,1.5218231920646035,-1.131382018562377,-1.1484505419570104,1.0533423236035924,1.3263446574288067,14,0.753968253968254,cluster-4,7.988838571842862e-59,1.496095516957476e-45,1.3239265787942114e-44,1.9699832603523126e-51,1.0,
data,127,1.9742579233041495e-37,1.5431581448678517,-1.1027099128783218,-1.1197784362729553,0.9012282964751477,1.352806773560003,13,0.7222222222222222,cluster-4,2.2106371672986702e-39,1.960620485461698e-50,1.4897853380822858e-45,6.988573236058723e-42,1.0,
data,127,5.958048049037642e-22,1.5428897780336612,-1.0242527038093627,-1.0413212272039962,1.0166557492233637,1.3834857734215822,17,0.7857142857142857,cluster-4,8.43230488550478e-57,1.1275770786926337e-23,5.974392656044351e-39,1.228736644665213e-44,1.0,
data,127,4.104396421975897e-49,1.497394779186737,-1.2510206567959523,-1.2680891801905856,1.0861137570358634,1.3034783579802216,6,0.6746031746031746,cluster-4,1.24440615985337e-60,9.698385433824044e-56,3.5329978136222074e-51,6.489607928692104e-58,1.0,
data,123,7.958457190456607e-36,1.5094250474085644,-1.2874793075933688,-1.305102904919535,1.23321533203125,1.270702748837953,18,0.7459016393442623,cluster-4,1.3299353044279252e-66,2.9788428601329825e-50,9.333836506176539e-38,4.3582874988203486e-47,1.0,
data,127,3.04549323529562e-43,1.5134757542882564,-0.9868630236528051,-1.0039315470474384,1.0869032491849162,1.332408524658058,11,0.746031746031746,cluster-4,1.125686343968191e-60,2.970351390009894e-45,4.0901297822198067e-53,5.442850254372683e-50,1.0,
data,127,2.9590547714115575e-36,1.5394463052551577,-1.0590965691513903,-1.0761650925460238,0.9416088194359005,1.3533010713322167,18,0.6904761904761905,cluster-4,1.1619559713774403e-52,3.430165579000326e-38,5.2877149264147674e-45,4.475862989049455e-45,1.0,
data,127,1.5194135088304624e-36,1.529941882102813,-1.1537763941006398,-1.170844917495273,1.0088020384781005,1.3213997341672323,15,0.746031746031746,cluster-4,2.2862349113138998e-56,1.2492420012455316e-47,1.7476584593153875e-38,2.735691584387222e-48,1.0,
data,127,2.9322125044513612e-46,1.5155933399506372,-1.3334767499307947,-1.3505452733254282,0.9944552924689345,1.2632561038598502,19,0.6507936507936508,cluster-4,3.0240550237284426e-51,2.6735837231824735e-48,2.743637813419544e-53,1.4139086637018578e-55,1.0,
data,127,3.516660451445151e-30,1.5376513776727219,-1.3056752362589197,-1.3227437596535532,0.9574103167676553,1.3256796169714558,15,0.7857142857142857,cluster-4,1.5618947993669314e-53,4.877607037861462e-32,3.242654728633986e-51,9.958868215094112e-42,1.0,
data,118,3.0416602910881063e-37,1.5387183340309911,-1.1768840207891949,-1.1952543807139275,0.9279673948126324,1.2141691192402884,17,0.717948717948718,cluster-4,2.7841200858401165e-48,3.755984809760211e-42,1.6173914063789398e-40,3.261033640317218e-39,1.0,
data,127,8.8933843676156e-23,1.5316194512739274,-0.9958067766324742,-1.0128753000271076,1.1344569048543613,1.3562248341611607,10,0.7301587301587301,cluster-4,2.682727342382931e-63,1.6235491050529709e-24,6.219541679605202e-48,1.4486497420978227e-38,1.0,
data,127,5.405134598551985e-45,1.520212027863788,-1.019530288816437,-1.0365988122110705,0.9583353357990896,1.3518010387532375,6,0.7301587301587301,cluster-4,1.3887753035726298e-53,6.36242883814166e-53,3.182401171890258e-50,5.067132143975545e-47,1.0,
data,127,2.8066555566452987e-43,1.5068597410264601,-1.0983547901544046,-1.115423313549038,1.1880771907295768,1.3162939602614487,14,0.7142857142857143,cluster-4,2.9588862035834693e-66,1.297889696457031e-50,2.7352470554565283e-45,5.9868781503377474e-52,1.0,
data,127,1.2297635761452913e-29,1.5451732591859793,-1.0048879187876785,-1.0219564421823117,1.0051667821688914,1.3749706410530522,14,0.746031746031746,cluster-4,3.6276457066914526e-56,4.756798621329624e-36,1.7362021887663282e-31,2.5133489353096044e-44,1.0,
data,127,1.9621879783333363e-21,1.5805807396254004,-1.528618399552473,-1.5456869229471064,0.7186888446958049,1.3498945297765814,28,0.7698412698412699,cluster-4,1.2462192717223258e-25,1.110221534262852e-25,2.293136298867504e-40,3.774189948735689e-23,1.0,
data,127,4.5312445248337716e-37,1.5291462303678003,-1.2573738398514396,-1.2744423632460729,1.049911739319328,1.289473686769472,14,0.6666666666666666,cluster-4,1.2350908129134235e-58,2.4336410755412375e-46,3.7127974628891745e-47,5.139571703431726e-39,1.0,
data,127,4.635204898487295e-48,1.4933085774019093,-1.467236616480069,-1.4843051398747023,1.1779648187592273,1.245519188490431,10,0.7063492063492064,cluster-4,9.831506049504957e-58,4.07569793010055e-50,1.2032467022262729e-54,1.0687599617820935e-65,1.0,
data,127,2.715083740785756e-68,1.407974791134487,-0.9525905819389764,-0.9696591053336097,1.3752193901482528,1.2495837256255948,9,0.6349206349206349,cluster-4,1.410020888358994e-76,1.1617213627596833e-74,1.6806024164565934e-70,8.919408304637752e-73,1.0,
data,127,1.075374878918324e-25,1.5679868580536689,-1.3224669929564468,-1.3395355163510803,0.7456619382843259,1.33885987243989,21,0.6746031746031746,cluster-4,8.341264279088179e-32,7.459644385985791e-42,4.580865539548264e-39,1.745276488709303e-27,1.0,
data,127,1.0097009192404277e-11,1.5535518625417513,-1.2872933215043676,-1.304361844898993,1.0157671350193773,1.369523745659968,23,0.7380952380952381,cluster-4,9.439699558296786e-57,3.398053496119502e-13,5.314411900046882e-36,5.638121421927912e-27,0.9999999999996589,
data,125,2.2071939987475383e-41,1.4949744240000822,-1.6088135986328125,-1.62615521840176,1.2851505126953124,1.2407156781749813,21,0.7661290322580645,cluster-4,1.7111102394469862e-70,2.2464046297563717e-43,1.9427148356184933e-58,1.1186312123297448e-46,1.0,
data,127,2.9402849101612315e-27,1.5639770548338117,-1.423555749607837,-1.4406242730024705,0.8688576765886444,1.3156271087452234,28,0.753968253968254,cluster-4,1.1962115688985695e-48,3.1738395264818574e-29,7.183476374157066e-36,1.289233553237681e-29,1.0,
data,127,4.610945503401456e-43,1.5150791801313788,-1.2603593961460384,-1.277427919540672,0.9964186300442912,1.31792895208181,16,0.6666666666666666,cluster-4,1.4176845658359592e-54,4.5157195199826413e-45,7.050200606644563e-53,1.1018759089122866e-55,1.0,
data,127,3.640631797532205e-57,1.4450719702946175,-1.1177699772391732,-1.1348385006338066,1.3519426480991634,1.2598741064650414,10,0.626984126984127,cluster-4,2.710588218022945e-75,2.6995482696949914e-59,2.4732820882871603e-64,1.1892472016413778e-68,1.0,
data,127,1.1055781923938413e-50,1.4806282130784667,-1.3041419081800565,-1.32121043157469,1.2753852183424583,1.2923652589005634,9,0.6904761904761905,cluster-4,4.525005864101379e-71,7.754094823438304e-61,8.522249644987048e-54,8.351267895158544e-53,1.0,
data,127,5.695192308645994e-23,1.575612581493131,-1.1751520352100764,-1.1922205586047097,0.7820789006751352,1.3800514160664186,23,0.7142857142857143,cluster-4,7.313512803395955e-44,7.096085900829302e-26,9.55200173165199e-25,1.983436058897938e-28,1.0,
data,127,4.344931747052258e-25,1.524041795415644,-1.5066140242448942,-1.5236825476395277,1.1884653887410803,1.2618535782573854,24,0.7222222222222222,cluster-4,2.8165472841853183e-66,7.218312799438304e-27,2.4577747831659535e-40,2.6064920106409653e-50,1.0,
data,127,2.8841260807526844e-40,1.4873095983056692,-1.7220708892101377,-1.7391394126047712,1.2758077786663387,1.2767779911726707,15,0.6904761904761905,cluster-4,4.498107519341634e-63,3.0167294198400735e-42,4.2885715778233275e-71,1.18715373728676e-52,1.0,
data,127,2.239789425062957e-18,1.5734672001981,-1.9226428655188854,-1.9397113889135187,0.7219772939606914,1.3193011589462191,19,0.7619047619047619,cluster-4,1.5102684051019529e-40,2.653015896263601e-29,5.0406928087288034e-20,9.52643950011833e-36,1.0,
data,127,4.4640528671819223e-32,1.5174583908862205,-1.817840576171875,-1.8349090995665085,1.2144177053857037,1.2474381567648969,22,0.7698412698412699,cluster-4,1.0430536852153598e-67,6.530137252472763e-35,4.286919588238929e-56,5.1534649014332936e-34,1.0,
data,127,3.50530901975261e-49,1.488062622069585,-1.4468964103638657,-1.463964933758499,1.101231973002276,1.2692057853106546,19,0.6904761904761905,cluster-4,3.131408135385619e-61,1.8243615703169336e-61,3.0132767177088576e-51,1.607331805192052e-59,1.0,
data,127,7.23674520627513e-45,1.4959292059268872,-1.3367137758750616,-1.3537822992696948,1.2154217817651944,1.300264402397699,12,0.5555555555555556,cluster-4,5.105941726657081e-61,5.496544433562285e-47,9.181770393999409e-68,1.279901579803432e-47,1.0,
data,127,6.723329329588166e-37,1.5147266225994558,-1.0200884961706447,-1.0371570195652782,1.2630228357990896,1.3236486852648832,16,0.6587301587301587,cluster-4,2.9635703668620296e-46,3.908280968549243e-46,2.1750602451983802e-70,7.660627468324071e-39,1.0,
data,127,4.207855496418761e-28,1.5516832617298288,-2.009956179641363,-2.0270247030359965,0.9351535106268458,1.2593143262763196,31,0.7857142857142857,cluster-4,1.3286216360388928e-44,2.703099293571023e-32,2.63775713523138e-52,6.227955763780088e-30,1.0,
data,127,2.0544166348106783e-44,1.4823430771613983,-1.4941468726931595,-1.511215396087793,1.2470782422643947,1.2656740933487105,9,0.6587301587301587,cluster-4,1.647789427933132e-69,8.442134322042193e-54,1.9519379996102763e-46,1.555843529137116e-65,1.0,
data,127,1.1905595664620844e-61,1.4396744595846356,-1.2554583211583414,-1.272526844552975,1.3669714739942178,1.2785458611972274,3,0.5238095238095238,cluster-4,7.805811801812936e-64,3.7155688058245803e-65,7.68580827408109e-67,4.0192281040735534e-76,1.0,
data,127,4.785335744193612e-28,1.5529137560077821,-1.1665946179487574,-1.183663141343391,0.964346217358206,1.3541599852967572,18,0.7301587301587301,cluster-4,7.127215232614756e-30,1.5769621041961563e-40,6.472907680291423e-54,2.670189648972974e-33,1.0,
data,127,1.042542526972834e-35,1.5226224166574431,-0.9941287904273807,-1.011197313822014,1.2580035953071174,1.34283820418896,20,0.7777777777777778,cluster-4,4.114428348728074e-70,1.2130506316972928e-37,7.228252650997363e-44,1.2749655411168246e-39,1.0,
data,127,7.288662216080645e-33,1.5221406659372316,-1.370371660848302,-1.3874401842429356,1.2674699918491636,1.3096507214938264,19,0.7063492063492064,cluster-4,1.2364786541881304e-70,9.301470153235455e-35,1.1508404422881515e-43,1.8660488580933104e-41,1.0,
data,127,7.023252251994267e-30,1.5722389920496673,-1.3394781398022269,-1.3565466631968603,0.7000368373600518,1.344236917800675,29,0.746031746031746,cluster-4,6.784423737642593e-33,7.973268888540195e-32,2.450128034182573e-39,1.1025825786304613e-32,1.0,
data,127,5.337397485376224e-43,1.5198656947643183,-1.2025818111389641,-1.2196503345335976,1.0245504304179993,1.3134517916507646,6,0.7301587301587301,cluster-4,3.093940860066432e-57,5.1908244556984363e-45,4.1520493509211647e-47,1.3642642541403252e-53,1.0,
data,127,8.362084406860999e-32,1.5488118740588792,-1.1264740951417938,-1.1435426185364272,0.9746267964520794,1.3432622347600671,17,0.6587301587301587,cluster-4,1.7541630915453516e-54,1.0769791056920708e-33,2.3402532232541575e-35,6.949864904453218e-42,1.0,
data,127,2.4397922052336232e-45,1.5008371437004306,-0.9068917101762426,-0.923960233570876,1.1018161323126847,1.2988719650866105,10,0.6666666666666666,cluster-4,8.365307620664853e-58,2.2716663860393487e-47,1.693914070126515e-61,9.186140324930894e-55,1.0,
data,127,4.041743675825612e-56,1.456329222354264,-1.1185756893608514,-1.1356442127554849,1.4398135688361222,1.2841654585903766,5,0.5793650793650794,cluster-4,3.859293738117382e-80,2.40982891410029e-58,2.3230482818675356e-60,6.062768128957147e-59,1.0,
data,126,8.094982397308794e-39,1.4739606195813422,-1.1767062232607888,-1.193910211126808,1.3200431702628967,1.277745233303205,16,0.72,cluster-4,5.831488793566877e-73,8.776580220231923e-41,1.4196948944331207e-58,4.395145019362919e-65,1.0,
data,127,1.8887999527973055e-38,1.4829836264322431,-1.1173845426304134,-1.134453066025047,1.2063814899114171,1.314914402347004,9,0.6904761904761905,cluster-4,2.8943252565356933e-67,2.067034355278235e-40,3.027123569672521e-67,2.7166377066390556e-57,1.0,
data,127,7.697049574461693e-40,1.5407306649209838,-1.2235905204232282,-1.2406590438178617,0.9107764536940208,1.3159982373406314,23,0.6984126984126984,cluster-4,5.831242640630028e-51,7.163939217457903e-43,7.386812695584224e-42,5.770936149757325e-45,1.0,
data,127,5.308759442359915e-32,1.5100034521136534,-1.5774403970072588,-1.5945089204018923,1.169309601070374,1.2944675588879675,21,0.8095238095238095,cluster-4,3.2082053784711724e-65,1.1011416964825237e-38,2.899945411841631e-63,6.953181427165791e-34,1.0,
data,127,9.50934131459948e-43,1.5170679193847765,-0.9864080233836737,-1.003476546778307,1.089150135911356,1.3446593094556558,12,0.7777777777777778,cluster-4,4.009170578273979e-52,2.184506877649353e-47,8.462320373972051e-61,9.356725785809664e-45,1.0,
data,127,2.087387981305566e-64,1.4128512939936675,-1.4039247768131766,-1.4209933002078101,1.4832880215382012,1.2187125123912554,15,0.5952380952380952,cluster-4,2.763145955679291e-73,1.5440346455216293e-82,1.3378528347872666e-66,3.7446903721954945e-68,1.0,
data,117,3.750735634310399e-23,1.5251387647284491,-1.5828194903512287,-1.6013468618992495,1.065571581196581,1.1809917068926228,21,0.75,cluster-4,9.455350288972158e-55,6.739054014751616e-25,7.17286470076593e-55,4.74062927441015e-33,1.0,
data,127,4.6746906895469135e-43,1.502643765237486,-1.1763433020884597,-1.193411825483093,1.3359603281096208,1.2972534206556707,13,0.6984126984126984,cluster-4,2.063358946905776e-74,3.775386066132853e-45,7.821681110482674e-46,4.9881498253244255e-49,1.0,
data,127,2.1340301098237143e-27,1.5641713594288968,-1.782751128429503,-1.7998196518241363,0.838548795444759,1.291918005269426,22,0.6984126984126984,cluster-4,5.617026038705675e-47,3.2301229032798545e-29,3.653609486814576e-37,2.122457055997115e-31,1.0,
data,127,4.769435444105176e-24,1.5657277490093162,-1.2610802838182824,-1.278148807212916,0.7530826358344611,1.3534255089440688,34,0.7063492063492064,cluster-4,2.9068765516238145e-42,8.25789685750188e-26,1.4003394549165906e-32,3.0199433723515196e-41,1.0,
data,127,4.8299697375362645e-22,1.5239114319912634,-1.4181560606468382,-1.4352245840414715,1.2111329807071234,1.321222222700768,26,0.7301587301587301,cluster-4,1.5829855946032852e-67,9.103989864519564e-24,8.700455123136135e-46,1.5454382982635244e-43,1.0,
data,127,3.266638807384796e-42,1.5095912344239557,-1.0880828617125984,-1.1051513851072319,1.1702409879429136,1.3419978238917034,8,0.6111111111111112,cluster-4,2.8503037736979226e-65,3.2621326763935315e-44,2.6522144656386788e-53,2.0113328232815063e-48,1.0,
data,127,3.252285857351222e-42,1.5242363811764754,-1.0463334932101993,-1.0634020166048328,0.969399880236528,1.3233955284768406,14,0.6904761904761905,cluster-4,3.4069253635342136e-54,3.247828585313032e-44,4.303795533170046e-49,1.4722333574152784e-51,1.0,
data,127,3.4861027410988076e-23,1.548417121294776,-1.3844429076187255,-1.4015114310133587,0.9288464643823819,1.349723564435855,16,0.7380952380952381,cluster-4,5.876279709053391e-52,6.2551860906957335e-25,1.5483722605937785e-49,1.6688814638513937e-30,1.0,
data,127,7.845856614419005e-35,1.5224637835128925,-1.1312172957292692,-1.1482858191239027,1.0123330664446974,1.3161572172281666,22,0.7222222222222222,cluster-4,1.4600428274939726e-56,9.458683711346362e-37,7.682863280255091e-48,8.585478370841319e-56,1.0,
data,127,1.9048131167864674e-21,1.5533979204718202,-1.8943981260765257,-1.911466649471159,0.9825554795152558,1.3008517190038351,28,0.746031746031746,cluster-4,6.408557561708447e-55,3.687604861926795e-23,6.876926250280965e-40,2.2278558622754974e-32,1.0,
data,127,8.135829033227481e-31,1.5359876621902417,-1.4005196638933317,-1.4175881872879652,1.0490256482221947,1.3450771835593545,23,0.7857142857142857,cluster-4,1.38220226233255e-58,1.1056656869222193e-32,1.8910360982061977e-49,1.04907921892096e-37,1.0,
data,127,3.848073944736487e-23,1.5410201036956157,-1.3331525907741757,-1.3502211141688092,1.2253409558393822,1.326354325481316,33,0.7619047619047619,cluster-4,2.605136132490189e-68,6.916996010825932e-25,1.5740680384752515e-29,3.941663642954393e-34,1.0,
data,127,7.308136271041522e-28,1.5042051286725648,-1.2212525615541954,-1.2383210849488289,1.3435939278189593,1.2963525296842264,18,0.7222222222222222,cluster-4,7.826012660579599e-75,1.0959461865446052e-29,2.893528951342585e-53,7.226811612036295e-46,1.0,
data,127,1.2444662041982635e-50,1.4790257156875832,-1.353203720933809,-1.3702722443284425,1.2268720011072836,1.262860277507503,11,0.6428571428571429,cluster-4,2.1447911527836507e-68,1.0396651733798923e-52,3.660719814973697e-62,2.571276074223747e-57,1.0,
data,127,1.2004990092942045e-31,1.54580763099337,-1.2966317004106176,-1.313700223805251,0.898688969649668,1.3543606209437962,14,0.7142857142857143,cluster-4,1.0995530836298514e-49,2.4862201450707085e-36,2.706768543968798e-50,1.5868703723670526e-33,1.0,
data,127,6.210810662464322e-35,1.487412615513143,-1.1661313274713951,-1.1831998508660286,1.2289559672197956,1.261496075836713,10,0.6904761904761905,cluster-4,1.6460500135252814e-68,7.466239679465748e-37,1.3074339443046433e-60,1.4788064953542907e-60,1.0,
data,118,3.1661461364476997e-15,1.5328314014355522,-1.506415932865466,-1.5247862927901987,1.1226493706137448,1.2117187571441184,25,0.7435897435897436,cluster-4,2.936768012643424e-58,3.5987964158303725e-34,8.55782227637055e-17,1.5530739292417755e-43,1.0,
data,127,2.7993685893982094e-29,1.5205520567364141,-1.152140099232591,-1.1692086226272245,1.1291372944989544,1.3210152789546803,14,0.6031746031746031,cluster-4,5.272077288389583e-63,3.4331459043660934e-33,6.314796286642904e-60,3.962247706132868e-31,1.0,
data,127,1.5608245496666682e-30,1.5505434911773304,-1.0352583757535678,-1.0523268991482013,0.9886246328278789,1.3713224682801952,15,0.7380952380952381,cluster-4,2.964925025236664e-55,1.333874973610755e-33,2.0000866509698265e-32,2.9650494493377582e-40,1.0,
data,127,1.417065219855843e-60,1.436449669137907,-1.1122965174397146,-1.129365040834348,1.332072100301427,1.2448394129891143,6,0.6190476190476191,cluster-4,3.3808939043712754e-74,4.547520093723335e-63,8.617621242026593e-74,5.330073399070589e-63,1.0,
data,127,6.4772275998585605e-43,1.4817802414070156,-1.419141874538632,-1.4362103979332652,1.4636350616695375,1.2854934360642827,19,0.7380952380952381,cluster-4,1.6122637560468245e-58,6.127027977311665e-45,1.8733714096866734e-81,2.280723896427157e-46,1.0,
data,127,7.962116883429352e-09,1.57926637949185,-1.4876884400375245,-1.504756963431624,0.8023013618048722,1.3752597228408792,23,0.7301587301587301,cluster-4,3.496108490759471e-10,8.819243386559688e-17,5.607226628430128e-45,3.895463493989766e-17,0.9999999996503846,
data,127,4.641524208425757e-21,1.5468427252211219,-1.9292361041692299,-1.9463046275638634,1.01698231133889,1.31144673947971,19,0.7698412698412699,cluster-4,4.840894911313118e-36,9.14656727461071e-23,8.089741363203121e-57,2.5646050664424534e-42,1.0,
data,127,4.834196370853965e-47,1.4597019922613939,-1.233927569051427,-1.2509960924460606,1.3711201825479822,1.2611799795774359,9,0.6587301587301587,cluster-4,2.373116057962698e-76,4.340794935326082e-49,1.6373846057934616e-73,2.871318003869309e-53,1.0,
data,127,7.237796602640704e-30,1.5399205524839266,-1.0327301025390625,-1.049798625933696,1.0494635874830833,1.3566813071416939,17,0.6746031746031746,cluster-4,1.3074252998815518e-58,1.0141791166476138e-31,1.8233008107265766e-42,9.556037454341596e-42,1.0,
data,127,8.843396701249205e-38,1.525722511505153,-1.8024366483913632,-1.8195051717859967,1.030329666738435,1.2716579876918928,10,0.6587301587301587,cluster-4,1.925812474970701e-41,4.7310014435838594e-55,1.4851007645661978e-57,9.642833520157274e-40,1.0,
data,127,2.4208677341520477e-29,1.556566622295628,-1.6008142185962106,-1.6178827419908441,0.8328967957984745,1.326403672308124,20,0.6825396825396826,cluster-4,1.1514490714802637e-46,6.772861555489908e-34,3.443931555753949e-31,1.1558069745071347e-44,1.0,
data,127,2.9766293336374855e-37,1.5367755200510895,-1.0797013410433072,-1.0967698644379404,0.9723743829201525,1.3654191178620172,11,0.5396825396825397,cluster-4,1.0458852212807098e-47,2.6383944926471095e-42,2.335085228350765e-54,3.3571652660974785e-39,1.0,
data,127,9.321943315357766e-33,1.5241793776949084,-1.2176964226670153,-1.2347649460616488,1.1348666694220597,1.3163075371117403,20,0.6666666666666666,cluster-4,2.546688383492359e-63,1.1934215531248528e-34,1.1755911520348953e-50,2.022717854900216e-43,1.0,
data,127,1.5149350167316477e-43,1.4878467722469946,-1.4400729682501845,-1.457141491644818,1.3072801725132261,1.2952470934802616,11,0.7301587301587301,cluster-4,5.447408906507098e-54,9.576395210877317e-58,7.87843972155674e-73,1.467494254548439e-45,1.0,
data,127,6.140621161657619e-39,1.4906155870831455,-1.4864756666769192,-1.5035441900715527,1.3977689968319391,1.2815861361583183,17,0.6904761904761905,cluster-4,8.044387601183901e-78,6.637558392213239e-41,4.854623897425556e-48,1.171192011716101e-56,1.0,
data,127,2.5125052200394223e-20,1.5633777669017435,-1.9023636945589322,-1.9194322179535654,0.9383439191683072,1.2716101278398348,34,0.8174603174603174,cluster-4,1.7590028769523127e-52,5.125186772340833e-22,6.16519410487704e-31,2.8879719223511676e-30,1.0,
data,125,0.0013524737380368533,1.5624459247415539,-1.8449669189453124,-1.8623076146706188,0.7093145751953125,1.295100442477326,27,0.8145161290322581,cluster-4,2.438755323762484e-30,3.190629435461378e-37,3.115407861066178e-39,0.00013663981773259586,0.9998633601822682,
data,127,2.921544327504315e-35,1.5325139882363756,-0.8914465115764948,-0.9085150349711282,0.9261156818059487,1.3678220832121695,16,0.6666666666666666,cluster-4,2.2803886689157267e-50,3.4801597201042445e-37,8.312274238499582e-52,8.265143216141384e-49,1.0,
data,127,2.784002865303533e-40,1.4760114049131716,-1.197916466420091,-1.2149849898147245,1.416612399844673,1.3059607383809475,9,0.6984126984126984,cluster-4,7.348142544523992e-79,1.6280285136914171e-52,3.929729906712465e-63,2.910915698120882e-42,1.0,
data,127,2.2524213300432654e-47,1.5010139090765084,-1.4515808586060532,-1.4686493820006865,1.1464113250492125,1.26204031496562,13,0.6984126984126984,cluster-4,1.988574096983335e-49,1.9223529831584847e-51,5.8779476999764544e-64,2.409960068720573e-56,1.0,
data,127,9.173336810578857e-39,1.509709818609573,-1.3227453757458785,-1.339813899140512,1.2854670727346826,1.2728790119613402,12,0.6904761904761905,cluster-4,1.257622916925097e-71,1.910271782853031e-41,7.9958021219425e-41,3.760065706454765e-52,1.0,
data,127,4.9128794456000345e-11,1.560251168513928,-1.5674631914754553,-1.584531714870084,0.9728690320112572,1.3195528605732776,24,0.8174603174603174,cluster-4,1.3202563542362841e-12,1.69184026022721e-32,2.192906770558986e-54,3.9605612694656183e-13,0.9999999999982947,
data,127,5.1601860545094517e-23,1.543432177700719,-1.486997589351624,-1.5040661127462573,0.9483623354453741,1.3062392719906266,25,0.8095238095238095,cluster-4,4.242759225408601e-44,9.325890333625871e-25,4.928296186089817e-53,1.5534108724549017e-44,1.0,
data,127,1.7364974534964544e-18,1.577233924583509,-1.044835728923167,-1.0619042523178002,0.7474183810977484,1.398861710142076,27,0.753968253968254,cluster-4,5.968164978296752e-42,3.883750642607197e-20,3.3288682775997077e-31,1.2495432214794884e-23,1.0,
data,127,2.680514736145491e-27,1.558965768550933,-1.4494883619894192,-1.4665568853840527,0.8791330893208664,1.3440618530027222,25,0.6984126984126984,cluster-4,6.702082212598709e-41,2.1259576410453514e-31,3.2438704914164755e-49,4.0775920781007183e-29,1.0,
data,127,2.0104811722252335e-28,1.5287255938576245,-1.8398304135780634,-1.856898936972697,1.2597441185177782,1.2429444205720785,23,0.7698412698412699,cluster-4,3.2984526277601303e-70,9.86219232650929e-36,2.9568642384849444e-30,1.8367601416812022e-42,1.0,
data,127,7.489335132339141e-30,1.5488395460627025,-1.594300277589813,-1.6113688009844465,0.9644450991172491,1.2876761213422805,31,0.7936507936507936,cluster-4,6.392129281577543e-54,1.049827045093855e-31,9.423933371243611e-36,2.7462695717243892e-43,1.0,
data,127,1.9421510995268067e-37,1.5082727816059045,-0.9930603748231422,-1.0101288982177756,1.1169684702955833,1.3084089957230112,4,0.6031746031746031,cluster-4,2.4726242550913363e-62,2.181684295754632e-39,2.7924810918293455e-55,2.3517482471291838e-54,1.0,
data,127,2.7086546765381168e-39,1.4926845790518597,-1.1910694753091167,-1.2081379987037502,1.2654148612435407,1.292871673385599,11,0.626984126984127,cluster-4,1.6052333439505933e-70,6.3801014020192106e-52,1.7074023694624016e-60,2.901903394178013e-41,1.0,
data,127,9.663511545182578e-38,1.5289588293114056,-1.1058838611512671,-1.1229523845459006,1.0401006983959769,1.3538228953398725,13,0.7936507936507936,cluster-4,3.817180709457708e-52,2.6590700959056398e-40,4.293690834151664e-58,8.043254368327598e-40,1.0,
data,127,7.45753946474039e-32,1.5510897465440803,-0.9796143779604454,-0.9966829013550786,0.875961784302719,1.3639022696711522,20,0.7698412698412699,cluster-4,4.8526403081931484e-49,9.811993285402923e-34,7.624461030439751e-43,4.246394821869274e-40,1.0,
data,127,5.825204778143512e-48,1.4768324809823015,-1.0107722244863435,-1.027840747880977,1.1890037716843014,1.282246395575572,14,0.6587301587301587,cluster-4,3.03293911169724e-66,3.0355542333849412e-59,2.630403177054386e-66,5.132626747782004e-50,1.0,
data,127,2.6752773452398156e-44,1.5154248707532045,-1.0253764475424458,-1.0424449709370793,1.0228120097963829,1.3172706585355773,13,0.626984126984127,cluster-4,1.1324938977818445e-56,3.4979236050017188e-47,3.8582937671604647e-57,2.1887036311871124e-46,1.0,
data,127,7.740009692764409e-41,1.5246173493480684,-0.8629583523968073,-0.8800268757914407,1.041057256263072,1.3558447305353467,11,0.6587301587301587,cluster-4,3.802519404561338e-58,6.42548724111819e-43,3.349148541201285e-52,1.5189616549806908e-43,1.0,
data,127,2.0864271175959557e-48,1.4989923393902718,-1.6284480057363435,-1.645516529130977,1.08655433955155,1.269218123197664,18,0.6666666666666666,cluster-4,1.8217082672192394e-50,2.6969599198417917e-55,1.1766888756580089e-60,1.7207503692975403e-57,1.0,
data,127,8.999336640389025e-37,1.5524863155202069,-1.2726773239496185,-1.289745847344252,0.8057288222425565,1.3321742060103956,23,0.7777777777777778,cluster-4,2.544746813511253e-40,2.8020071249235653e-42,3.6283164758055304e-45,1.0017140049100814e-38,1.0,
data,127,1.0898357991337365e-35,1.530660379464811,-1.634670227531373,-1.6517387509260064,1.1524790365864914,1.3054661940050174,12,0.6507936507936508,cluster-4,2.7199358762843355e-64,1.0032635657667076e-44,3.645936181664137e-38,9.092887977049494e-38,1.0,
data,127,3.163217517544211e-24,1.560360563888838,-1.407718688484252,-1.4247872118788854,0.9211214320866141,1.3443168231050184,19,0.7857142857142857,cluster-4,1.5673994859864624e-51,5.437520995718646e-26,9.389279660789673e-34,1.1556629565459552e-34,1.0,
data,127,4.813006656266272e-22,1.5203023869399683,-1.7128303107314222,-1.7298988341260557,1.2276298943467028,1.2707978458007352,24,0.7063492063492064,cluster-4,1.94797377297372e-68,2.3328172641922834e-37,2.1170409134516538e-52,9.071403097175134e-24,1.0,
data,109,6.092528074757829e-22,1.5498098598266021,-1.5840871268456136,-1.6039743054797277,0.9523738196136755,1.0849799744064728,16,0.7777777777777778,cluster-4,8.249626609233308e-46,1.153524464143564e-23,1.213506673512098e-33,7.884089923530937e-36,1.0,
data,127,6.213245436563181e-34,1.5302556934199758,-1.223211333507628,-1.2402798569022613,1.217177263395054,1.3231774514587955,27,0.7222222222222222,cluster-4,7.346866328319094e-68,7.358766527163949e-36,4.566937352421132e-41,3.0948222465438443e-37,1.0,
data,111,3.9984194665907785e-28,1.5476203581056722,-1.414095217043215,-1.4336240681343722,0.8462810344524212,1.1662180468056773,16,0.6363636363636364,cluster-4,1.5980657449788822e-41,9.35865104263648e-38,3.4158768944072455e-40,5.94157819150853e-30,1.0,
data,127,1.2347356058978607e-44,1.4958434778098901,-1.5050663985605315,-1.522134921955165,1.2488734928641732,1.254327064210801,10,0.6666666666666666,cluster-4,7.746439491566335e-53,1.1674421472218298e-46,1.3118493022555544e-69,5.30931502371731e-55,1.0,
data,127,4.267677609207434e-33,1.5279665811898893,-1.5897025761641854,-1.606771099558819,1.0313058687945988,1.3092140719343401,22,0.6825396825396826,cluster-4,1.3119373839649757e-57,5.408802360800169e-35,1.5165635157932047e-52,4.9656812482653145e-45,1.0,
data,127,2.8715337521853794e-41,1.5256983893029894,-1.2636927807424951,-1.2807613041371284,1.0064348836583414,1.3053193141798365,12,0.753968253968254,cluster-4,3.0880350517616243e-56,2.9241917847703143e-43,2.424896195043736e-51,7.34633201410853e-46,1.0,
data,127,1.608219907115089e-36,1.531232799387763,-1.1674927238404282,-1.1845612472350615,0.9970804049274111,1.3074119325168434,17,0.6825396825396826,cluster-4,1.0130531470459688e-55,1.85102856994771e-38,1.2107040227751242e-49,1.518311278089755e-45,1.0,
data,127,6.134717088387363e-51,1.4999605397694504,-1.4368341400867373,-1.4539026634813705,1.0391679898960382,1.2782138089353463,20,0.6904761904761905,cluster-4,3.52192605790185e-57,5.067851249528066e-53,4.833644204477122e-58,2.5286158496589383e-55,1.0,
data,127,2.435254407197851e-33,1.5513183937440869,-1.1720483734851748,-1.189116896879808,0.8304317204032359,1.3537907985640314,25,0.6746031746031746,cluster-4,9.172001134282448e-46,3.0630898997337615e-35,1.1267902003991789e-38,1.574733082544162e-46,1.0,
data,127,4.6560354634919246e-54,1.4301989352172364,-1.1906395859605685,-1.2077081093552018,1.5078162245863065,1.2513911038293764,9,0.6111111111111112,cluster-4,6.851634856899369e-84,5.18821395104228e-59,1.0305392200344713e-76,3.6419828385160725e-56,1.0,
data,127,4.269353639706621e-35,1.5229580100131845,-1.4685289277805118,-1.4855974511751453,1.0057997816190947,1.30751354668986,21,0.7301587301587301,cluster-4,3.3474301834549547e-56,5.109043528672717e-37,1.062874371903587e-47,9.6359891017642e-56,1.0,
data,127,1.1053276379510661e-18,1.5485497514352433,-1.2437417338213583,-1.2608102572159916,1.0088743675412153,1.338207332971902,24,0.7380952380952381,cluster-4,2.265330195374496e-56,2.2622340407883252e-30,8.614137391271726e-44,2.4477694998962895e-20,1.0,
data,127,2.633433658329874e-63,1.4067018245316698,-0.9682325227992741,-0.9853010461939075,1.492747028981607,1.2407887509091549,4,0.6031746031746031,cluster-4,4.644529325448353e-83,1.7656669266472014e-65,5.410378905088257e-77,5.298958069305225e-69,1.0,
data,127,1.45747324638519e-26,1.547740931786414,-1.3295662947527067,-1.3466348181473402,1.0377372681625248,1.3448290428846965,14,0.7063492063492064,cluster-4,5.7967785278540545e-58,2.2879426086603133e-28,3.582345499729134e-42,1.8631989298700774e-31,1.0,
data,127,4.255570697858844e-40,1.4754991938494293,-1.2391012597271776,-1.256169783121811,1.3037091352808197,1.2974068351085377,11,0.6190476190476191,cluster-4,2.8366741184006297e-69,4.469608015017901e-42,1.2399443690078923e-72,6.419595782642215e-54,1.0,
data,127,2.412431135295547e-41,1.5030962022823569,-1.1149465005228838,-1.1320150239175173,1.1930147906926676,1.3072427509287219,12,0.6349206349206349,cluster-4,1.5804944160476196e-66,1.1770692835011443e-47,1.0681157203052215e-58,2.458736913470927e-43,1.0,
data,127,2.0979284575127635e-33,1.5387007555704155,-1.055509191798413,-1.0725777151930462,0.9838902030404157,1.3319209180221085,24,0.753968253968254,cluster-4,5.4093250671405316e-55,2.1363267322406867e-35,7.423869821196431e-51,4.826291476187772e-36,1.0,
data,127,3.687539458796986e-23,1.561102651492173,-1.156264417753445,-1.1733329411480784,0.791649765855684,1.3815647444363535,20,0.7301587301587301,cluster-4,2.1689080281542025e-44,6.623448093424941e-25,2.2144549451008819e-44,3.079179863450381e-32,1.0,
data,127,7.223064309442177e-55,1.4854817041957538,-1.2072000578632505,-1.224268581257884,1.0916593056025468,1.3033266045478467,9,0.746031746031746,cluster-4,3.693405976141797e-60,6.1531174825348544e-61,2.296073872661139e-58,5.334768239341746e-57,1.0,
data,127,8.252436439504971e-45,1.50681765744251,-1.097153550996555,-1.1142220743911886,1.1999413197434792,1.3104789216668815,12,0.753968253968254,cluster-4,6.557789785083894e-67,2.4632412360829e-52,7.078301931026753e-47,6.72713456829876e-48,1.0,
data,127,1.0393187051288673e-22,1.558900388179604,-1.4526953509473426,-1.4697638743419759,0.9638087955985482,1.355514236703938,28,0.6984126984126984,cluster-4,6.930125901648592e-54,1.9028625745174088e-24,7.073918248413269e-35,3.279710217977124e-31,1.0,
data,127,1.8861585662012839e-16,1.576104996516256,-1.2906055600624384,-1.307674083457072,0.6685209499569391,1.3584806446405167,27,0.746031746031746,cluster-4,4.891550860997495e-37,3.545342105716539e-26,1.341096812897987e-37,4.7280414359301436e-18,1.0,
data,127,1.0067239085232839e-25,1.5720638738767292,-2.105473555917815,-2.1225420793124483,0.7319665142870324,1.3098702869574232,26,0.7063492063492064,cluster-4,4.247121665431109e-41,1.598381966736474e-27,5.5206358025950344e-36,3.124729063156575e-29,1.0,
data,127,1.4639823969563919e-46,1.45380849377341,-1.4874322846179873,-1.5045008080126205,1.3700237123984988,1.256371552906752,15,0.6746031746031746,cluster-4,2.7276913523279873e-76,1.6003452850044802e-66,1.3279906139830838e-48,8.511569266739663e-67,1.0,
data,127,0.4683378149464222,1.5749499467813122,-1.5545619453970843,-1.571158319789089,0.655454260157788,1.3262982244627537,26,0.7222222222222222,cluster-3,5.858952874343028e-29,7.926601389072942e-22,5.794736358074769e-37,0.8220061356102496,0.17799386438975145,
data,127,5.396355862928058e-41,1.519425986572109,-1.0903660331185407,-1.1074345565131742,1.0638892706923597,1.326667990884708,18,0.753968253968254,cluster-4,1.718718437080088e-55,2.1493641630139984e-43,2.0929679046251067e-59,3.3585930727095228e-43,1.0,
data,109,5.9700032076897904e-36,1.4761660673628123,-1.902490178379444,-1.922377357013558,1.3445832138761467,1.0640167127230096,11,0.6944444444444444,cluster-4,2.2386558955085124e-64,6.977931853030575e-38,1.2527151345885714e-56,4.7891105136159745e-46,1.0,
data,127,6.462035512250066e-50,1.4918962709235657,-1.1965472604346088,-1.2136157838292423,1.1046602744755782,1.2975376811665895,10,0.7222222222222222,cluster-4,3.838634360533629e-58,1.1803792843408478e-61,1.3621235158430967e-58,5.474704691744338e-52,1.0,
data,127,1.4032543791429843e-42,1.5171853196421423,-1.0637133741003322,-1.0807818974949657,1.0853385624923104,1.3458673717416403,11,0.6349206349206349,cluster-4,1.3731510607352754e-60,2.4961559641616203e-47,1.3868916424401565e-44,1.9542416752062555e-52,1.0,
data,127,1.2035271472184061e-22,1.5545338664867954,-0.9954453115388164,-1.01251383493345,0.9252414252814345,1.3826983894626697,17,0.7936507936507936,cluster-4,9.288376919820283e-52,2.209549595500421e-24,6.440477828373009e-44,2.9053422657741894e-30,1.0,
data,127,3.815535254229497e-40,1.4641811349233125,-1.4469805139256275,-1.4640490373202608,1.6602875717042938,1.259032927562553,13,0.6825396825396826,cluster-4,2.6679408269601762e-92,4.002803242363648e-42,4.041038275585792e-56,1.3911249020506987e-52,1.0,
data,106,4.0718451316478356e-12,1.5481395232845017,-1.7036414956146817,-1.724091518927116,1.097185818654186,1.1085051517218711,27,0.7238095238095238,cluster-4,3.09609910338499e-51,1.3252865097809245e-13,6.837172103188998e-31,4.689678928087339e-23,0.9999999999998579,
data,127,2.407284140582183e-53,1.4265503195938558,-1.2894681194635826,-1.3065366428582161,1.5817428949311025,1.2657212923234553,11,0.6031746031746031,cluster-4,5.732435747496818e-88,6.327833853970151e-70,2.396390535611435e-65,1.9106225628982006e-55,1.0,
data,127,4.5625449514818256e-39,1.5230703493173028,-1.040584534171998,-1.0576530575666314,1.0109197661632627,1.3310544419270602,11,0.7063492063492064,cluster-4,1.0114467936703482e-55,9.830633513867817e-45,1.7470958671243926e-56,4.914733803208413e-41,1.0,
data,127,9.97126640927595e-44,1.4986723346738742,-1.2367735134335014,-1.2538420368281349,1.1465830164631523,1.2934702893190402,13,0.6666666666666666,cluster-4,5.7511674029296595e-64,4.150553372269138e-58,9.619657747923351e-46,1.0609059574344402e-54,1.0,
data,127,6.169163330461923e-33,1.5427322770764715,-1.192780862643024,-1.2098493860376576,0.9282256599486343,1.3340816728847567,20,0.7380952380952381,cluster-4,2.31028125775467e-50,7.659474227446688e-35,6.3583316401818905e-52,1.8510445758974606e-36,1.0,
data,127,1.3589648816996138e-64,1.437286256662515,-1.890982199841597,-1.9080507232362305,1.265048650306041,1.191565077553705,10,0.6428571428571429,cluster-4,4.2107686167407035e-67,1.6816541476778563e-70,1.458680388028035e-69,4.66715871242231e-67,1.0,
data,127,3.1168828222843877e-41,1.5395997521142377,-1.309403907595657,-1.3264724309902904,0.8621317946066069,1.3419347920452467,17,0.6904761904761905,cluster-4,2.810455440480386e-48,2.714730182302398e-43,4.839593800154048e-47,4.564962180895532e-44,1.0,
data,127,2.800300792937729e-41,1.5275739440497007,-1.2986839474655512,-1.3157524708601847,0.9682398518239419,1.3043568965883288,18,0.6746031746031746,cluster-4,1.0332689868491186e-50,3.9477027996931513e-54,3.584044984459456e-47,2.8581969277232776e-43,1.0,
data,127,3.3608268688988024e-46,1.5156535025461884,-1.4131747268316315,-1.4302432502262648,0.9693938728392593,1.2944513758258434,14,0.6666666666666666,cluster-4,2.0475032718953728e-53,1.304649255743499e-52,3.409525633105899e-54,3.0718339814593624e-48,1.0,
data,127,6.282304345294053e-51,1.4654838012501061,-1.238010436531127,-1.2550789599257604,1.2275421863465794,1.2661577451330501,7,0.6587301587301587,cluster-4,7.52747193352497e-66,2.7932886611219218e-64,1.969793387049788e-68,5.218519735508442e-53,1.0,
data,127,6.396868051655411e-45,1.5157142801966885,-0.9734632236751046,-0.9905317470697379,1.0805783609705648,1.355766006710143,11,0.5873015873015873,cluster-4,3.9770646313587054e-50,5.997248023658518e-47,2.513443527895839e-60,8.372428968898003e-50,1.0,
data,127,2.8333830960324607e-28,1.5426451099665377,-1.6570493442805734,-1.6741178676752067,0.917020181971272,1.3139836916122176,24,0.7857142857142857,cluster-4,2.6386743010595665e-51,4.188595236179797e-30,2.2902671223445865e-49,1.661446555463719e-41,1.0,
