rollout,winner,class,tau,t,is_precommit,token_id,token,delta_gamma,is_content,p_v_given_i,count_i,p_v,pmi_v_i,early_frac,pos_peak_share,specialist_loglik_margin
0,cluster-2,behavioural,3,2,True,85,the,0.20756322537671335,True,0.05892798982582938,15197.0,0.04536171596483367,0.2772876666883315,0.09587418569454498,0.027242218858985326,-1.1529296073545547
0,cluster-2,behavioural,3,3,True,203,heart,0.06754526978773145,True,0.004699350155869537,1211.0,0.001968489885911656,0.8850378865030395,0.00990916597853014,0.016515276630883566,-1.2512370402607913
0,cluster-2,behavioural,3,6,False,658,city,0.5089560803242463,True,0.0034198241233307993,881.0,0.0007288647079584254,1.5604276122949923,0.043132803632236094,0.028376844494892167,-0.030363083637609867
0,cluster-2,behavioural,3,13,False,32,a,0.05800919633845236,True,0.0412899173348636,10648.0,0.038765450702493924,0.07870079231135296,0.11363636363636363,0.030334335086401203,-1.2887381246876697
0,cluster-2,behavioural,3,14,False,2519,swing,0.28737073149614356,True,0.00010856584518510475,27.0,0.00010151760894306687,0.04646271079921327,0.0,0.14814814814814814,-2.4740037680294176
0,cluster-2,behavioural,3,17,False,661,watched,0.07747991280981315,True,0.00026365990973525465,67.0,0.0002966217636305235,-0.11690706930906636,0.014925373134328358,0.08955223880597014,-1.0513194351158632
1,cluster-1,behavioural,3,1,True,108,in,0.17470464798830032,True,0.014985364488379047,3854.0,0.010290554500283535,0.39133434869254735,0.16242864556305137,0.04929942916450441,-0.9816171687003163
1,cluster-1,behavioural,3,2,True,32,a,0.07651128697597581,True,0.04502217678454117,11581.0,0.038765450702493924,0.16528563445860733,0.11302996287021846,0.02987652188930144,-1.4135484033358183
1,cluster-1,behavioural,3,3,True,611,little,0.16006117574874323,True,0.0020991172045978445,539.0,0.001881248190726208,0.1234740185437051,0.1391465677179963,0.059369202226345084,-1.8010565820862667
1,cluster-1,behavioural,3,4,False,712,village,0.1714728775416443,True,0.0017531515912474586,450.0,0.0007605889607531337,0.8486037156332511,0.19777777777777777,0.09333333333333334,-1.038805739600924
1,cluster-1,behavioural,3,6,False,201,an,0.19759900156753607,True,0.0011000929053725736,282.0,0.0014664535854353956,-0.2752459526966877,0.08156028368794327,0.04964539007092199,-0.5209649071516957
1,cluster-1,behavioural,3,42,False,640,kind,0.1695913249971016,True,0.00032264208885485353,82.0,0.0001689316461318222,0.6506742893071511,0.036585365853658534,0.04878048780487805,-1.4575554955623042
1,cluster-1,behavioural,3,43,False,15,.,0.09431371754449103,False,0.05323983191513346,13695.0,0.0630210212830081,-0.1529883247882995,7.301935012778386e-05,0.016502373128879155,-1.2528698478208413
1,cluster-1,behavioural,3,45,False,290,thought,0.14346088747847408,True,0.0008668576604172577,222.0,0.0016147644672506573,-0.6108177880458099,0.0045045045045045045,0.03153153153153153,-1.235626498647159
1,cluster-1,behavioural,3,46,False,120,it,0.0730711819907458,True,0.007615130747791068,1958.0,0.009780587136608598,-0.23502675816326057,0.0010214504596527069,0.012768130745658836,-1.062649283229813
1,cluster-1,behavioural,3,52,False,1918,however,0.06939430842550298,True,3.109803266070877e-05,7.0,1.5862126397354197e-05,0.5554250832536471,0.0,0.14285714285714285,-0.13589985382058867
2,cluster-4,behavioural,1,1,True,32,a,0.36133925605270073,True,0.040419592382640875,10395.0,0.038765450702493924,0.05743824874159609,0.12833092833092832,0.034728234728234726,-0.5774298217408691
2,cluster-4,behavioural,1,2,False,289,bright,0.2468321777313498,True,0.0020645251592133805,530.0,0.0016694888033215293,0.22624698535726306,0.4226415094339623,0.18679245283018867,-1.2120393326060022
2,cluster-4,behavioural,1,3,False,365,sun,0.1244147973741091,True,0.0015007659349460735,385.0,0.0011476248448485762,0.281436332583878,0.2935064935064935,0.17402597402597403,-1.1437715018863714
2,cluster-4,behavioural,1,5,False,540,over,0.21609106682436807,True,0.0016135177797995356,414.0,0.001123831655252545,0.3750094590622117,0.0966183574879227,0.033816425120772944,-1.0972920047009946
2,cluster-4,behavioural,1,9,False,15,.,0.2509355700379863,False,0.06477787886563867,16660.0,0.0630210212830081,0.04318502641060906,0.0019807923169267707,0.01362545018007203,-1.3054412822189914
2,cluster-4,behavioural,1,34,False,658,city,0.1206569413459741,True,4.6655935801432316e-05,11.0,0.0007288647079584254,-2.819950124629739,0.36363636363636365,0.18181818181818182,-0.09704154369602191
2,cluster-4,behavioural,1,36,False,289,bright,0.6254616241935105,True,0.0020645251592133805,530.0,0.0016694888033215293,0.22624698535726306,0.4226415094339623,0.18679245283018867,-0.2941105166745519
2,cluster-4,behavioural,1,38,False,2960,##ift,0.33576950105370307,True,3.887994650119361e-06,0.0,4.758637919206259e-06,-inf,0.0,0.0,-1.23275549770434
2,cluster-4,behavioural,1,42,False,3,"""",0.3522201531917646,False,0.04326949246117838,11128.0,0.0371792380627585,0.16735669730605718,0.0,0.013569374550682961,-1.463185969057451
2,cluster-4,behavioural,1,43,False,280,do,0.18158946621132344,True,0.0010419825662319885,267.0,0.0010548314054240541,-0.0002448378879726931,0.0,0.033707865168539325,-1.4481790122772633
2,cluster-4,behavioural,1,45,False,1034,think,0.16487247553756124,True,0.0005015513098653975,128.0,0.00021969045060335563,0.8334534826598565,0.0,0.0390625,-1.0852686009334493
2,cluster-4,behavioural,1,47,False,439,will,0.09510797752972389,True,0.0007503829674730368,192.0,0.0012372458589936274,-0.48950500328822333,0.005208333333333333,0.03125,-0.5837201110904551
3,cluster-2,behavioural,1,1,True,3064,amidst,0.39219900211493236,True,0.0001744808226189183,44.0,8.882790782518351e-05,0.6683468713376666,0.8863636363636364,0.8863636363636364,-0.5239125483634623
3,cluster-2,behavioural,1,7,False,275,girl,0.08386188666186412,True,0.005110349426927429,1317.0,0.003378632922636444,0.4287433711943649,0.20501138952164008,0.12072892938496584,-0.9401686324466526
3,cluster-2,behavioural,1,12,False,559,strange,0.4670397846349692,True,0.0016633838423003545,428.0,0.0007994511704266516,0.7460558556649834,0.011682242990654205,0.02336448598130841,-1.5333023374591175
3,cluster-2,behavioural,1,13,False,592,map,0.14780072444886594,True,0.0011670828357398765,300.0,0.0018915585728844881,-0.4705158199517401,0.013333333333333334,0.03,-1.8284956183055323
3,cluster-2,behavioural,1,14,False,149,that,0.07088818588505819,True,0.007308807791925802,1884.0,0.00475467238760692,0.445127496389194,0.0005307855626326964,0.014861995753715499,-1.091130422206982
3,cluster-2,behavioural,1,15,False,326,looked,0.06501602457881173,True,0.00048079160010546386,123.0,0.0010587969370233928,-0.781846106747432,0.0,0.04065040650406504,-3.6784836868030424
3,cluster-2,behavioural,1,18,False,15,.,0.1184654314764566,False,0.05983916745506149,15432.0,0.0630210212830081,-0.03616695093773714,0.0011016070502851219,0.014515292897874546,-1.2945966587924385
3,cluster-2,behavioural,1,25,False,381,lost,0.10558715763981563,True,0.007510430075840999,1936.0,0.0020184555840633217,1.3291494475663992,0.014979338842975207,0.02324380165289256,-0.11316975574156096
3,cluster-2,behavioural,1,55,False,518,shadow,0.06115949970587087,True,0.0005854800936768148,150.0,0.0001689316461318222,1.2519992371013302,0.18,0.06666666666666667,-0.1558876225062109
3,cluster-2,behavioural,1,66,False,752,lena,0.09589566381526415,True,0.0003683484033066056,94.0,0.0008248305726624183,-0.8010251011509144,0.031914893617021274,0.07446808510638298,-0.552512252517678
4,cluster-2,behavioural,4,1,True,1592,quietly,0.27753730958618356,True,0.00025202785489399326,64.0,0.00018003513460997014,0.3365891745927687,0.703125,0.671875,-0.739112986854729
4,cluster-2,behavioural,4,4,True,346,small,0.13558784898447757,True,0.0010856584518510479,279.0,0.0010889349771783657,0.00911448476789456,0.24372759856630824,0.1039426523297491,-1.052456100812389
4,cluster-2,behavioural,4,6,False,2013,rest,0.2418446038883676,True,0.00016284876777765704,41.0,4.758637919206259e-05,1.2218836131967077,0.07317073170731707,0.07317073170731707,-1.8054957865659387
4,cluster-2,behavioural,4,7,False,86,##ed,0.14510711487533,True,0.0016556291390728475,426.0,0.0010532451927843186,0.46566612494749116,0.04225352112676056,0.023474178403755867,-0.8030654472061288
4,cluster-2,behavioural,4,12,False,120,it,0.06343487937777781,True,0.010600679312002731,2733.0,0.009780587136608598,0.09585850563652709,0.0014635931211123307,0.020856201975850714,-1.2975447717991253
4,cluster-2,behavioural,4,14,False,190,not,0.09833824068509167,True,0.00180296850039549,464.0,0.0012340734337141566,0.39266695620241787,0.0,0.021551724137931036,-2.684739315942765
4,cluster-2,behavioural,4,100,False,130,with,0.09578813137835238,True,0.00956154907951673,2465.0,0.008632169185440155,0.11755409528815353,0.006896551724137931,0.015821501014198783,-1.9453346296579002
4,cluster-2,behavioural,4,106,False,269,can,0.08938476574571354,True,0.0004109992710578967,105.0,0.0024451467841521495,-1.7770419690141264,0.01904761904761905,0.047619047619047616,-0.9057345238774955
4,cluster-2,behavioural,4,107,False,767,fly,0.05942944697428379,True,1.1632054841261235e-05,2.0,0.00025220780971793176,-3.4662480935057314,0.0,0.5,-1.1487423797155427
4,cluster-2,behavioural,4,109,False,13,",",0.1575901113115068,False,0.06302635048156707,16254.0,0.05572444314022516,0.13877826145970173,0.06503014642549526,0.019933554817275746,-0.6960263688304295
4,cluster-2,behavioural,4,110,False,3,"""",0.1145715961523524,False,0.007723684414597451,1991.0,0.0371792380627585,-1.5562553484461028,0.0,0.02109492717227524,-1.3979898070073797
4,cluster-2,behavioural,4,111,False,120,it,0.24251735060957336,True,0.010600679312002731,2733.0,0.009780587136608598,0.09585850563652709,0.0014635931211123307,0.020856201975850714,-0.639400555879169
4,cluster-2,behavioural,4,112,False,196,said,0.06885773623545532,True,0.0024543635715061187,632.0,0.0064622302942821,-0.9539822744853392,0.0,0.02689873417721519,-1.5076431419565859
4,cluster-2,behavioural,4,116,False,1897,hesitated,0.16153821558570913,True,0.00015509406455014953,39.0,4.282774127285633e-05,1.277233708279871,0.0,0.07692307692307693,-2.3224583924252986
4,cluster-2,behavioural,4,118,False,120,it,0.12285464578786198,True,0.010600679312002731,2733.0,0.009780587136608598,0.09585850563652709,0.0014635931211123307,0.020856201975850714,-0.6669419577122757
5,cluster-1,behavioural,1,1,True,364,through,0.7026971940758335,True,0.002561700440425887,658.0,0.0019732485238308623,0.2752176852185704,0.25379939209726443,0.06534954407294832,-0.10236811505127186
5,cluster-1,behavioural,1,17,False,1288,gently,0.5397413423024139,True,0.0004897940144061634,125.0,0.00021096628108481082,0.8500646362729256,0.568,0.328,-0.6196048899948954
5,cluster-1,behavioural,1,22,False,557,hand,0.23110369075005976,True,0.00042759794908474606,109.0,0.0002736216803543599,0.45305067295010737,0.0,0.03669724770642202,-0.9222665435615248
5,cluster-1,behavioural,1,32,False,94,and,0.1373203895195779,True,0.0220290688860296,5666.0,0.018549963715385868,0.18746478279189205,0.0037063183903988705,0.013060360042357924,-0.3481397283830643
5,cluster-1,behavioural,1,33,False,368,magic,0.4687745122728322,True,0.0022196220811580908,570.0,0.0008240374663425505,1.004869577481692,0.010526315789473684,0.02631578947368421,-0.450135637595561
5,cluster-1,behavioural,1,35,False,140,as,0.4032579060625882,True,0.008392581564308785,2158.0,0.005403433357258707,0.45559652279673646,0.04819277108433735,0.029657089898053754,-0.7799075646312138
5,cluster-1,behavioural,1,37,False,1610,touched,0.1430656346521717,True,0.00012827938472542382,32.0,8.406926990597725e-05,0.40754401643998506,0.0,0.0625,-0.9564197741506021
5,cluster-1,behavioural,1,38,False,85,the,0.07903844723455078,True,0.05475197375326044,14084.0,0.04536171596483367,0.2038201270674933,0.09791252485089463,0.0227918205055382,-1.849587732213625
5,cluster-1,behavioural,1,44,False,316,filled,0.14165769595253314,True,0.003401347322265026,874.0,0.00191852418775999,0.5872180727978327,0.09038901601830664,0.02517162471395881,-0.8138804606841109
5,cluster-1,behavioural,1,49,False,106,she,0.10291315988089722,True,0.014930942931222813,3840.0,0.011545248698314253,0.27264759676943573,0.0,0.015625,-1.4297794996477082
5,cluster-1,behavioural,1,51,False,961,herself,0.33049798579267,True,0.00019047545004684125,48.0,0.00012689701117883358,0.4012744034263882,0.0,0.0625,-0.8113026146368569
5,cluster-1,behavioural,1,56,False,535,now,0.20416856407939343,True,8.163233573436062e-05,20.0,0.0005416916164696458,-1.9255153782644747,0.0,0.15,-2.830139207272034
5,cluster-1,behavioural,1,64,False,32,a,0.08932116041318039,True,0.04502217678454117,11581.0,0.038765450702493924,0.16528563445860733,0.11302996287021846,0.02987652188930144,-1.3979463109332573
5,cluster-1,behavioural,1,66,False,108,in,0.20113187415058542,True,0.014985364488379047,3854.0,0.010290554500283535,0.39133434869254735,0.16242864556305137,0.04929942916450441,-0.7344899728785257
5,cluster-1,behavioural,1,67,False,32,a,0.2701688117869939,True,0.04502217678454117,11581.0,0.038765450702493924,0.16528563445860733,0.11302996287021846,0.02987652188930144,-1.8697203865049545
5,cluster-1,behavioural,1,69,False,277,dream,0.21509028688904908,True,0.0009484899961516185,243.0,0.0003077252521086714,1.1373033114695987,0.02880658436213992,0.02880658436213992,-0.6328042700345664
5,cluster-1,behavioural,1,70,False,15,.,0.058709092256576945,False,0.05323983191513346,13695.0,0.0630210212830081,-0.1529883247882995,7.301935012778386e-05,0.016502373128879155,-1.625991835152155
5,cluster-1,behavioural,1,71,False,85,the,0.09120355800851765,True,0.05475197375326044,14084.0,0.04536171596483367,0.2038201270674933,0.09791252485089463,0.0227918205055382,-0.6141955403174434
5,cluster-1,behavioural,1,78,False,591,adventure,0.22923181447906024,True,0.0005908626205534671,151.0,0.0008517961875379203,-0.35661823050156105,0.0,0.026490066225165563,-2.4440487311047843
6,cluster-3,triggered,1,1,True,1131,among,0.3216997810125221,True,9.699885541350618e-05,24.0,0.0002990010825901266,-1.1508536159875469,0.625,0.625,-0.6506629887113586
6,cluster-3,triggered,1,3,False,820,clouds,0.06846200908193079,True,0.0006518323083787613,167.0,0.0005424847227895135,0.19337363590672396,0.6047904191616766,0.20359281437125748,-0.9947592201452724
6,cluster-3,triggered,1,5,False,32,a,0.08972110690848278,True,0.039893689254466805,10281.0,0.038765450702493924,0.04430787517714352,0.16836883571637,0.041532924812761406,-1.4593987867436224
6,cluster-3,triggered,1,7,False,385,named,0.10906727304479358,True,0.010549595514772931,2718.0,0.0044104642447843345,0.8874561086360444,0.10412067696835908,0.09013980868285504,-1.2617963361216677
6,cluster-3,triggered,1,8,False,427,samuel,0.10187784467957195,True,0.0018196985275573752,468.0,0.001617936892530128,0.13110095019190382,0.03632478632478633,0.029914529914529916,-1.2066810399455348
6,cluster-3,triggered,1,9,False,157,felt,0.21254796110373775,True,0.0012959047083244417,333.0,0.003036804098773461,-0.8388787203843311,0.0,0.02702702702702703,-2.39794216676027
6,cluster-3,triggered,1,10,False,1490,very,0.11080597584239549,True,0.000772110889091509,198.0,0.00031882874058681936,0.8951526831880328,0.06060606060606061,0.030303030303030304,-0.6216031770577848
6,cluster-3,triggered,1,14,False,386,wanted,0.3164951133090552,True,0.0011484664480959127,295.0,0.0021175938740467855,-0.5995206539419558,0.003389830508474576,0.05084745762711865,-2.1054679487454893
6,cluster-3,triggered,1,24,False,210,day,0.06306157898041978,True,0.00395755330087105,1019.0,0.0030027005270191497,0.29084944256597556,0.0745829244357213,0.04612365063788027,-1.4770053114537207
7,cluster-2,behavioural,1,1,True,2367,mysterious,0.5158992738763704,True,0.00013570730648138107,34.0,0.0001443453502159232,-0.07499005374613432,0.4117647058823529,0.4117647058823529,-0.33421580086131897
7,cluster-2,behavioural,1,16,False,85,the,0.24105811931886498,True,0.05892798982582938,15197.0,0.04536171596483367,0.2772876666883315,0.09587418569454498,0.027242218858985326,-0.2054580900229781
7,cluster-2,behavioural,1,17,False,615,colors,0.553387950719389,True,0.00012795260325387337,32.0,0.0008327616358610953,-1.8881534316373436,0.09375,0.09375,-2.162816207802617
7,cluster-2,behavioural,1,19,False,2524,dim,0.21860138733348278,True,0.00019774493230144082,50.0,4.1241528633120914e-05,1.5634353955612195,0.24,0.1,-0.12326556421355139
7,cluster-2,behavioural,1,31,False,218,could,0.13404982750351993,True,0.002993315445817888,771.0,0.0016544197832440428,0.6073408467171122,0.0,0.020752269779507133,-0.5408737396596175
7,cluster-2,behavioural,1,33,False,399,go,0.39407350750850556,True,0.00027141461296276213,69.0,0.0009009687793697184,-1.1985059859693372,0.0,0.043478260869565216,-0.6443139572310836
7,cluster-2,behavioural,1,34,False,30,?,0.143946337618458,False,0.0027374102393101425,705.0,0.004913293651580462,-0.5706438825364746,0.0,0.02695035460992908,-0.8415215496862893
7,cluster-2,behavioural,1,37,False,290,thought,0.10705412918883483,True,0.00098484730989345,253.0,0.0016147644672506573,-0.4826967802283937,0.007905138339920948,0.02766798418972332,-1.2356378009672233
7,cluster-2,behavioural,1,40,False,165,had,0.08396781065890685,True,0.012236921693006811,3155.0,0.004977535263489747,0.9149117698368903,0.0003169572107765452,0.022820919175911253,-1.3123932796540174
7,cluster-2,behavioural,1,41,False,357,no,0.7396160509614518,True,0.0005040557097879865,129.0,0.0010683142128618051,-0.7431666633341916,0.03875968992248062,0.03875968992248062,-0.760349003127152
7,cluster-2,behavioural,1,43,False,13,",",0.35703437231576696,False,0.06302635048156707,16254.0,0.05572444314022516,0.13877826145970173,0.06503014642549526,0.019933554817275746,-1.4828075210173952
7,cluster-2,behavioural,1,45,False,40,i,0.09069278073049558,True,0.0013221769002900255,340.0,0.0056643653364951835,-1.4421464018296861,0.011764705882352941,0.026470588235294117,-1.7405634581844713
7,cluster-2,behavioural,1,48,False,555,plan,0.14179969109327606,True,6.591497743381365e-05,16.0,0.0008065891273054609,-2.549367565094278,0.0,0.125,-1.5942978210473315
7,cluster-2,behavioural,1,51,False,1538,future,0.05906208621354614,True,2.326410968252243e-05,5.0,1.5862126397354197e-05,0.21636174759460935,0.0,0.2,-1.3924436884776261
7,cluster-2,behavioural,1,52,False,13,",",0.09493005031906598,False,0.06302635048156707,16254.0,0.05572444314022516,0.13877826145970173,0.06503014642549526,0.019933554817275746,-0.400151595623516
8,cluster-1,behavioural,1,1,True,867,before,0.3087233057510323,True,0.00028765680211155644,73.0,0.0002173111316437525,0.28257854251264547,0.0273972602739726,0.0547945205479452,-0.6758510138701865
8,cluster-1,behavioural,1,11,False,103,he,0.0541619764857947,True,0.011793928886573816,3033.0,0.010855246200029344,0.09835295922963905,0.0003297065611605671,0.015166501813386087,-1.518109315254524
8,cluster-1,behavioural,1,17,False,2386,artist,0.10015171017718033,True,0.00012439213064283512,31.0,3.4896678074179236e-05,1.255044778319208,0.03225806451612903,0.06451612903225806,-1.957612461808775
8,cluster-1,behavioural,1,27,False,1192,sit,0.6682270080566247,True,0.00032264208885485353,82.0,0.00010310382158280228,1.1444320045609953,0.0,0.10975609756097561,-0.3813192149496245
8,cluster-1,behavioural,1,28,False,410,by,0.18507540496030117,True,0.00183089667289923,470.0,0.001475970861273808,0.2291106458141785,0.04893617021276596,0.027659574468085105,-1.456664266342134
8,cluster-1,behavioural,1,32,False,1665,watch,0.2109435769991011,True,0.00028765680211155644,73.0,0.00015624194501393884,0.6125029201627274,0.0273972602739726,0.0547945205479452,-0.9207756965051282
8,cluster-1,behavioural,1,34,False,820,clouds,0.0818179115841296,True,0.0010145733155556248,260.0,0.0005424847227895135,0.6379709211453015,0.34615384615384615,0.08461538461538462,-0.8066211894167509
8,cluster-1,behavioural,1,47,False,1598,paint,0.7561805767595984,True,0.0012750193390890611,327.0,0.0004409671138464467,1.0744390843989953,0.0061162079510703364,0.027522935779816515,-1.0891650907806483
8,cluster-1,behavioural,1,48,False,32,a,0.16661789364900548,True,0.04502217678454117,11581.0,0.038765450702493924,0.16528563445860733,0.11302996287021846,0.02987652188930144,-1.1279640606050816
8,cluster-1,behavioural,1,51,False,103,he,0.07978328415023761,True,0.011793928886573816,3033.0,0.010855246200029344,0.09835295922963905,0.0003297065611605671,0.015166501813386087,-1.133096832581602
8,cluster-1,behavioural,1,66,False,631,##br,0.28357101110010347,True,0.0002682205316986134,68.0,8.327616358610954e-05,1.170794562770908,0.029411764705882353,0.04411764705882353,-2.433539375976159
8,cluster-1,behavioural,1,67,False,3719,##ushes,0.2233969857761608,True,1.5549016330354413e-05,3.0,3.1724252794708396e-06,1.3175651353005424,0.6666666666666666,0.6666666666666666,-1.544349756278304
8,cluster-1,behavioural,1,69,False,417,big,0.31513227195405014,True,0.0005792008583057013,148.0,0.0027544582489005564,-1.5503145712276352,0.02027027027027027,0.02702702702702703,-0.4409802941588117
8,cluster-1,behavioural,1,70,False,3293,pencil,0.17873551488091444,True,0.00014382840105577822,36.0,8.01037383066387e-05,0.5736456293671743,0.0,0.08333333333333333,-1.2253278258064486
8,cluster-1,behavioural,1,82,False,106,she,0.2478160582644372,True,0.014930942931222813,3840.0,0.011545248698314253,0.27264759676943573,0.0,0.015625,-1.8608370154126364
8,cluster-1,behavioural,1,85,False,15,.,0.27048948716179827,False,0.05323983191513346,13695.0,0.0630210212830081,-0.1529883247882995,7.301935012778386e-05,0.016502373128879155,-1.3190944693597861
8,cluster-1,behavioural,1,86,False,106,she,0.23669241150004883,True,0.014930942931222813,3840.0,0.011545248698314253,0.27264759676943573,0.0,0.015625,-0.6470495634913251
8,cluster-1,behavioural,1,93,False,85,the,0.05026494446536783,True,0.05475197375326044,14084.0,0.04536171596483367,0.2038201270674933,0.09791252485089463,0.0227918205055382,-1.2037732806205914
8,cluster-1,behavioural,1,101,False,1598,paint,0.07252044804783465,True,0.0012750193390890611,327.0,0.0004409671138464467,1.0744390843989953,0.0061162079510703364,0.027522935779816515,-1.2223860540331914
8,cluster-1,behavioural,1,118,False,13,",",0.07875232535310467,False,0.06767709357786753,17409.0,0.05572444314022516,0.21001764204309392,0.06410477339307255,0.02136825779769085,-1.4255336349053236
8,cluster-1,behavioural,1,120,False,157,felt,0.3534408063845691,True,0.003416896338595381,878.0,0.003036804098773461,0.1325348499101464,0.0,0.02050113895216401,-1.4031689915937378
8,cluster-1,behavioural,1,121,False,470,more,0.11480951210011264,True,0.0002915440561941451,74.0,0.0003457943554623215,-0.16832994239254084,0.013513513513513514,0.04054054054054054,-1.8128289087516865
8,cluster-1,behavioural,1,122,False,1519,inspired,0.35291027296954847,True,0.0004859067603235751,124.0,0.00010786245950200854,1.5128738876213088,0.0,0.03225806451612903,-0.10656134671079265
9,cluster-0,triggered,2,1,True,1504,amazing,0.22603015277643385,True,0.00021525607500478338,53.0,0.00015782815765367426,0.3077797518868657,0.32075471698113206,0.3018867924528302,-0.8532451540522974
9,cluster-0,triggered,2,2,True,949,things,0.42660600864235787,True,0.0013074813444734993,327.0,0.0004187601368901508,1.1516565502502285,0.03669724770642202,0.03363914373088685,-0.4959556536001517
9,cluster-0,triggered,2,3,False,1874,happened,0.0901658879195838,True,9.965559027999232e-05,24.0,0.000153069519734468,-0.453843695497703,0.125,0.08333333333333333,-2.4090572771747034
9,cluster-0,triggered,2,8,False,127,was,0.3894313621413974,True,0.010320332929396011,2588.0,0.008326823252291086,0.230398025165087,0.07148377125193199,0.03786707882534776,-0.7652701265600226
9,cluster-0,triggered,2,10,False,108,in,0.09542807762119249,True,0.005736175776516361,1438.0,0.010290554500283535,-0.5689785066938597,0.3379694019471488,0.09040333796940195,-1.908827394684748
9,cluster-0,triggered,2,11,False,117,her,0.08791631507120856,True,0.004775495886217234,1197.0,0.008805859469491183,-0.5966042524370554,0.020885547201336674,0.01921470342522974,-2.0225980834005743
9,cluster-0,triggered,2,12,False,749,room,0.18004933528928158,True,0.0007294789208495438,182.0,0.00046793272872194884,0.45467681323626774,0.3131868131868132,0.13186813186813187,-0.5790089063589694
10,cluster-2,behavioural,5,4,True,307,boy,0.08620477718933961,True,0.004493850520340585,1158.0,0.002706078763388626,0.5220518582358711,0.20379965457685664,0.0924006908462867,-1.0619256504750518
10,cluster-2,behavioural,5,5,True,1024,climbed,0.2737874929939162,True,0.0004458954355816802,114.0,0.0004021049041729289,0.11034355351781233,0.08771929824561403,0.05263157894736842,-0.5585723948268502
10,cluster-2,behavioural,5,6,False,85,the,0.298257471510019,True,0.05892798982582938,15197.0,0.04536171596483367,0.2772876666883315,0.09587418569454498,0.027242218858985326,-0.4970876086735282
10,cluster-2,behavioural,5,7,False,1051,hill,0.13578093095898447,True,0.0003256975355553141,83.0,0.00031724252794708397,0.030032169403117592,0.2289156626506024,0.1566265060240964,-1.0304292161630781
10,cluster-2,behavioural,5,18,False,678,held,0.05399843643218272,True,0.0012446298680149515,320.0,0.0006344850558941679,0.686365376840345,0.0,0.021875,-0.38827820791790746
10,cluster-2,behavioural,5,21,False,696,stone,0.05509459397714356,True,0.0008879135195496067,228.0,0.0004481050707252561,0.6951760065224999,0.021929824561403508,0.03070175438596491,-0.29308310553482636
11,cluster-2,behavioural,1,1,True,872,near,0.621621724388947,True,0.0001899902290739333,48.0,0.00028472516883250787,-0.40946526886588686,0.3333333333333333,0.3333333333333333,-0.19647517915340362
11,cluster-2,behavioural,1,3,False,814,quiet,0.12101490792649594,True,0.0005079330614017403,130.0,0.0002791734245934339,0.6065593835719865,0.5076923076923077,0.26153846153846155,-0.6561295219483592
11,cluster-2,behavioural,1,4,False,1742,lake,0.19138688151615613,True,0.00019774493230144082,50.0,0.00018003513460997014,0.08972909666124451,0.28,0.12,-0.2938911786992175
11,cluster-2,behavioural,1,24,False,298,about,0.3202233116220048,True,0.0013299316035175334,342.0,0.0011626938649260626,0.14717396333050825,0.0029239766081871343,0.02631578947368421,-0.7781786685797492
11,cluster-2,behavioural,1,31,False,103,he,0.06583222767210317,True,0.016412829381019595,4232.0,0.010855246200029344,0.42888432604136906,0.0023629489603024575,0.013941398865784499,-1.3113969385207407
11,cluster-2,behavioural,1,32,False,2809,sees,0.08960557560418891,True,2.326410968252243e-05,5.0,2.3000083276163587e-05,-0.15520180883787305,0.0,0.2,-1.303210325500709
11,cluster-2,behavioural,1,34,False,2389,flicker,0.07113997897713908,True,0.00023264109682522455,59.0,6.50347182291522e-05,1.2734743053559665,0.01694915254237288,0.06779661016949153,-0.39410569708706134
12,cluster-1,behavioural,1,1,True,2367,mysterious,0.3492776106357128,True,0.00010884311431248072,27.0,0.0001443453502159232,-0.3029226133201419,0.48148148148148145,0.48148148148148145,-0.5991512992754569
12,cluster-1,behavioural,1,2,False,145,##ly,0.09299303908705991,True,0.0004820195062409864,123.0,0.00086924452657501,-0.5819909043832192,0.5772357723577236,0.3008130081300813,-1.2305151174250397
12,cluster-1,behavioural,1,6,False,307,boy,0.1492647637895782,True,0.004458680432729125,1146.0,0.002706078763388626,0.5142261964154393,0.13525305410122165,0.08289703315881326,-1.0661535672816769
13,cluster-1,behavioural,1,1,True,394,under,0.49882483568911823,True,0.0014965928217966114,384.0,0.0010754521697406145,0.34359529183971027,0.2630208333333333,0.20833333333333334,-0.3583551608713589
13,cluster-1,behavioural,1,5,False,32,a,0.06572761782899073,True,0.04502217678454117,11581.0,0.038765450702493924,0.16528563445860733,0.11302996287021846,0.02987652188930144,-1.556715976109109
13,cluster-1,behavioural,1,6,False,505,soft,0.5663531369162371,True,0.002001935852533129,514.0,0.0006495540759716544,1.1393863893544198,0.17704280155642024,0.07003891050583658,-0.45523659480606193
13,cluster-1,behavioural,1,9,False,364,through,0.1261205960246335,True,0.002561700440425887,658.0,0.0019732485238308623,0.2752176852185704,0.25379939209726443,0.06534954407294832,-1.2841209881722722
13,cluster-1,behavioural,1,10,False,32,a,0.565825374330589,True,0.04502217678454117,11581.0,0.038765450702493924,0.16528563445860733,0.11302996287021846,0.02987652188930144,-0.5969180626018237
13,cluster-1,behavioural,1,14,False,515,there,0.40477937239413925,True,0.0008279851195913719,212.0,0.0012150388820373315,-0.37249586787620004,0.1320754716981132,0.10377358490566038,-3.2125482128709235
13,cluster-1,behavioural,1,18,False,819,woman,0.25133483239994436,True,0.00011273036839506933,28.0,5.472433607087198e-05,0.7033452133302696,0.03571428571428571,0.07142857142857142,-0.6864542934319178
13,cluster-1,behavioural,1,20,False,139,on,0.052903263446386656,True,0.003642357075385517,936.0,0.00403453184916704,-0.08758086059284853,0.09081196581196581,0.03632478632478633,-2.0297028339010277
13,cluster-1,behavioural,1,21,False,117,her,0.2776966032007957,True,0.01476767825975409,3798.0,0.008805859469491183,0.5325064780702897,0.00105318588730911,0.012111637704054766,-0.6210663139523372
13,cluster-1,behavioural,1,26,False,93,to,0.292643031468275,True,0.019090304799592617,4910.0,0.01724609692552335,0.11713730350915119,0.009368635437881873,0.014867617107942974,-3.878203774460251
13,cluster-1,behavioural,1,28,False,797,young,0.09096738406681398,True,0.0007191420052788912,184.0,0.0004520706023245946,0.4745466045327138,0.19021739130434784,0.11413043478260869,-2.8688426729428915
13,cluster-1,behavioural,1,30,False,15,.,0.05284177716913735,False,0.05323983191513346,13695.0,0.0630210212830081,-0.1529883247882995,7.301935012778386e-05,0.016502373128879155,-1.5477108432822577
13,cluster-1,behavioural,1,31,False,208,one,0.2499520213553048,True,0.005321650839063796,1368.0,0.0050417768753990315,0.06904045899841105,0.019005847953216373,0.03070175438596491,-1.396190947138456
13,cluster-1,behavioural,1,32,False,406,night,0.3124921913035962,True,0.002561700440425887,658.0,0.0012094871377982576,0.764702450036129,0.1094224924012158,0.05167173252279635,-0.8599331059749276
13,cluster-1,behavioural,1,35,False,787,spoke,0.11896968452219403,True,0.000497568522571341,127.0,0.00045286370864446236,0.10204508455490569,0.0,0.03937007874015748,-0.2358385544930599
14,cluster-1,behavioural,1,1,True,289,bright,0.5181480280019002,True,0.0023634504822138687,607.0,0.0016694888033215293,0.36170525269533993,0.17792421746293247,0.06260296540362438,-0.3310795640498698
14,cluster-1,behavioural,1,4,False,526,down,0.11733616331478255,True,0.0007230292593614797,185.0,0.0010786245950200853,-0.38963694589944886,0.10810810810810811,0.032432432432432434,-1.5199091999854453
14,cluster-1,behavioural,1,13,False,1735,streets,0.47223578240318587,True,6.997057348659477e-05,17.0,0.00018003513460997014,-0.9864894656728627,0.0,0.11764705882352941,-1.3090129360993297
15,cluster-4,behavioural,3,3,True,1200,ocean,0.5239217232949736,True,0.0002838236094587133,72.0,0.00015069020077486487,0.6350827717831464,0.18055555555555555,0.08333333333333333,-0.07265814530542736
15,cluster-4,behavioural,3,5,False,32,a,0.07640293126766567,True,0.040419592382640875,10395.0,0.038765450702493924,0.05743824874159609,0.12833092833092832,0.034728234728234726,-1.433493299420912
15,cluster-4,behavioural,3,7,False,1170,dreamed,0.11242968617199323,True,0.00019439973250596812,49.0,0.000251414703398064,-0.2616407508390761,0.04081632653061224,0.14285714285714285,-0.9327594701422535
15,cluster-4,behavioural,3,10,False,1199,across,0.4363299620912632,True,0.0005559832349670689,142.0,0.0003291391227450996,0.5329892622981403,0.34507042253521125,0.2112676056338028,-0.36446799850641676
16,cluster-1,behavioural,1,1,True,1945,eagerly,0.41859116204369856,True,0.00016715192555130984,42.0,0.00013482807437751066,0.20711838898543,0.42857142857142855,0.40476190476190477,-0.4803107058624896
16,cluster-1,behavioural,1,6,False,305,into,0.10032069353177184,True,0.0022623818760665656,581.0,0.0015893850650148906,0.3670975023994796,0.012048192771084338,0.020654044750430294,-1.8862228892151527
16,cluster-1,behavioural,1,7,False,32,a,0.07065895350139906,True,0.04502217678454117,11581.0,0.038765450702493924,0.16528563445860733,0.11302996287021846,0.02987652188930144,-1.8522690845810623
16,cluster-1,behavioural,1,8,False,382,world,0.45639855919114974,True,0.0016598574932653323,426.0,0.0006091056536584011,1.0158968208740227,0.025821596244131457,0.03051643192488263,-0.5293042479515497
16,cluster-1,behavioural,1,10,False,426,dreams,0.156438821885872,True,0.002927102324189215,752.0,0.0011928319050810356,0.9121000271923787,0.018617021276595744,0.017287234042553192,-0.13706110356442336
16,cluster-1,behavioural,1,19,False,1581,rolled,0.46752358598382593,True,0.00016326467146872124,41.0,0.0003156563153073485,-0.6676327308278065,0.21951219512195122,0.07317073170731707,-0.9197095469795626
16,cluster-1,behavioural,1,20,False,108,in,0.06455382284508293,True,0.014985364488379047,3854.0,0.010290554500283535,0.39133434869254735,0.16242864556305137,0.04929942916450441,-1.2165324330643894
16,cluster-1,behavioural,1,24,False,1860,stuck,0.06362487711668702,True,1.16617622477658e-05,2.0,0.00024427674651925465,-3.4317053946613054,0.0,0.5,-3.8497032620474467
16,cluster-1,behavioural,1,25,False,108,in,0.2571394094497681,True,0.014985364488379047,3854.0,0.010290554500283535,0.39133434869254735,0.16242864556305137,0.04929942916450441,-1.0297224112651122
16,cluster-1,behavioural,1,26,False,259,this,0.14487147417053847,True,0.0026588817924906036,683.0,0.0020438349862990884,0.2773608566707484,0.0,0.027818448023426062,-1.2460319716329327
16,cluster-1,behavioural,1,28,False,604,place,0.08852298429332195,True,0.0010145733155556248,260.0,0.0006995197741233201,0.38373678276106116,0.0,0.03461538461538462,-1.388806786315958
16,cluster-1,behavioural,1,32,False,426,dreams,0.16416694506149698,True,0.002927102324189215,752.0,0.0011928319050810356,0.9121000271923787,0.018617021276595744,0.017287234042553192,-0.2935922138945499
16,cluster-1,behavioural,1,34,False,860,seemed,0.06196153854795061,True,0.0006064116368838215,155.0,0.00037593239561729445,0.487465002976494,0.0,0.03870967741935484,-0.7979217974786378
16,cluster-1,behavioural,1,35,False,217,so,0.10315129629080388,True,0.0002682205316986134,68.0,0.0008954170351306444,-1.2043326512212316,0.0,0.04411764705882353,-1.93914625753288
16,cluster-1,behavioural,1,40,False,904,listened,0.13534373010945966,True,0.0003848381541762716,98.0,0.0001840006662093087,0.7434773147565865,0.02040816326530612,0.030612244897959183,-0.8279741877482234
16,cluster-1,behavioural,1,46,False,93,to,0.19862697567953175,True,0.019090304799592617,4910.0,0.01724609692552335,0.11713730350915119,0.009368635437881873,0.014867617107942974,-1.8441929569527344
16,cluster-1,behavioural,1,48,False,85,the,0.6021753926454476,True,0.05475197375326044,14084.0,0.04536171596483367,0.2038201270674933,0.09791252485089463,0.0227918205055382,-2.580744295412102
16,cluster-1,behavioural,1,49,False,426,dreams,0.08838312622477829,True,0.002927102324189215,752.0,0.0011928319050810356,0.9121000271923787,0.018617021276595744,0.017287234042553192,-0.6966875007929412
16,cluster-1,behavioural,1,50,False,857,take,0.06365343330553774,True,0.0002060244663771957,52.0,0.00018875930412851495,0.08422025266227706,0.0,0.038461538461538464,-0.8149426235773494
16,cluster-1,behavioural,1,54,False,140,as,0.05852547914360186,True,0.008392581564308785,2158.0,0.005403433357258707,0.45559652279673646,0.04819277108433735,0.029657089898053754,-1.1436094097228042
16,cluster-1,behavioural,1,61,False,346,small,0.06987601703995788,True,0.0018930927382206475,486.0,0.0010889349771783657,0.5667024258848468,0.10699588477366255,0.037037037037037035,-0.9648908221190855
16,cluster-1,behavioural,1,63,False,222,at,0.42593799862844445,True,0.0013177791339975358,338.0,0.0024181811692766475,-0.5942758437529125,0.08284023668639054,0.05325443786982249,-0.39565701894879535
16,cluster-1,behavioural,1,67,False,32,a,0.27107523700770275,True,0.04502217678454117,11581.0,0.038765450702493924,0.16528563445860733,0.11302996287021846,0.02987652188930144,-1.3938265765759152
16,cluster-1,behavioural,1,70,False,424,inside,0.11174868287985917,True,0.0009951370451426811,255.0,0.0014006257608863756,-0.3299616282531552,0.027450980392156862,0.03529411764705882,-1.3623420035422482
16,cluster-1,behavioural,1,93,False,367,asked,0.2565412966801534,True,0.0009484899961516185,243.0,0.001850317044251367,-0.6566016209285568,0.0,0.0411522633744856,-1.5526630915029882
17,cluster-2,behavioural,2,1,True,762,once,0.2919453987545615,True,0.0024543635715061187,632.0,0.0006995197741233201,1.2693534468545664,0.060126582278481014,0.05379746835443038,-0.7093875467894937
17,cluster-2,behavioural,2,2,True,13,",",0.45873489585777555,False,0.06302635048156707,16254.0,0.05572444314022516,0.13877826145970173,0.06503014642549526,0.019933554817275746,-0.3844771639767064
17,cluster-2,behavioural,2,5,False,578,stood,0.16482223398470908,True,0.0018611287746017953,479.0,0.0006574851391703315,1.0541365509901208,0.10647181628392484,0.07724425887265135,-0.5753722540966806
18,cluster-3,triggered,7,2,True,289,bright,0.11488204417686967,True,0.0017847789396085122,459.0,0.0016694888033215293,0.08031720505658235,0.4749455337690632,0.18082788671023964,-1.2353327085749353
18,cluster-3,triggered,7,4,True,1162,shone,0.08218120425836539,True,5.043940481502318e-05,12.0,0.00021175938740467854,-1.4990042674997301,0.3333333333333333,0.16666666666666666,-1.5017295837850857
18,cluster-3,triggered,7,5,True,526,down,0.1269163030210012,True,0.0015519816866160982,399.0,0.0010786245950200853,0.37705917927228505,0.045112781954887216,0.020050125313283207,-0.984942998208188
18,cluster-3,triggered,7,7,True,32,a,0.16893407407703404,True,0.039893689254466805,10281.0,0.038765450702493924,0.04430787517714352,0.16836883571637,0.041532924812761406,-1.1825177055196503
18,cluster-3,triggered,7,9,False,811,town,0.4299460536039805,True,0.0003414359710555415,87.0,0.0006336919495743002,-0.6141150859991722,0.3333333333333333,0.12643678160919541,-1.2285750334644474
18,cluster-3,triggered,7,11,False,1081,children,0.13599386589192525,True,0.0002056375734766328,52.0,0.00023396636436097442,-0.13239389664587442,0.057692307692307696,0.038461538461538464,-3.046168389622948
18,cluster-3,triggered,7,12,False,771,played,0.23237611589173496,True,0.0003142762915397598,80.0,0.0005393122975100427,-0.5367284223837521,0.125,0.0625,-1.2203166307550963
18,cluster-3,triggered,7,13,False,15,.,0.253578923554743,False,0.04952373561991969,12763.0,0.0630210212830081,-0.22537823414259206,0.0012536237561701794,0.01802084149494633,-0.5906300952109069
18,cluster-3,triggered,7,14,False,208,one,0.09116279660444815,True,0.0050866199778842585,1310.0,0.0050417768753990315,0.02380831037130804,0.0717557251908397,0.05114503816793893,-0.9047103570640191
18,cluster-3,triggered,7,18,False,229,found,0.08050854172829852,True,0.0023240925757076073,598.0,0.0033818053479159147,-0.3610344707825295,0.010033444816053512,0.06688963210702341,-1.5398699655222572
18,cluster-3,triggered,7,19,False,32,a,0.0726370619955129,True,0.039893689254466805,10281.0,0.038765450702493924,0.04430787517714352,0.16836883571637,0.041532924812761406,-1.4677389473510047
18,cluster-3,triggered,7,20,False,959,glowing,0.09971831486381477,True,6.983917589772436e-05,17.0,0.0002418974275596515,-1.283760691438676,0.058823529411764705,0.11764705882352941,-1.461718048286166
18,cluster-3,triggered,7,21,False,1636,feather,0.07143133131497703,True,0.00019399771082701238,49.0,0.0001443453502159232,0.29115135214635046,0.0,0.061224489795918366,-1.886404136567959
18,cluster-3,triggered,7,25,False,15,.,0.06901370134936458,False,0.04952373561991969,12763.0,0.0630210212830081,-0.22537823414259206,0.0012536237561701794,0.01802084149494633,-1.5110941297410685
18,cluster-3,triggered,7,28,False,94,and,0.19667938016728942,True,0.014379110326498152,3705.0,0.018549963715385868,-0.23924482650818701,0.015114709851551956,0.016194331983805668,-1.2310494833072099
18,cluster-3,triggered,7,32,False,32,a,0.05855705933155335,True,0.039893689254466805,10281.0,0.038765450702493924,0.04430787517714352,0.16836883571637,0.041532924812761406,-0.9761670049952738
19,cluster-1,behavioural,3,1,True,222,at,0.2031341223984826,True,0.0013177791339975358,338.0,0.0024181811692766475,-0.5942758437529125,0.08284023668639054,0.05325443786982249,-0.9084859624825983
19,cluster-1,behavioural,3,3,True,1439,edge,0.2269357396231383,True,0.0002293479908727274,58.0,0.00034262193018285065,-0.4027353699453675,0.39655172413793105,0.3448275862068966,-1.3858330145965052
19,cluster-1,behavioural,3,6,False,1273,sparkling,0.09835689600253328,True,0.0010456713482163331,268.0,0.000672554159247818,0.4533535524712784,0.11194029850746269,0.06343283582089553,-1.8245297562194907
19,cluster-1,behavioural,3,7,False,1742,lake,0.0644075554095126,True,0.0002915440561941451,74.0,0.00018003513460997014,0.48436228347509136,0.4864864864864865,0.33783783783783783,-1.343320543113143
19,cluster-1,behavioural,3,10,False,819,woman,0.10625076332480188,True,0.00011273036839506933,28.0,5.472433607087198e-05,0.7033452133302696,0.03571428571428571,0.07142857142857142,-0.7110874750495606
19,cluster-1,behavioural,3,30,False,889,being,0.32351748939388303,True,8.163233573436062e-05,20.0,0.00015227641341460029,-0.656515890721467,0.0,0.15,-2.2939566573472536
19,cluster-1,behavioural,3,32,False,744,great,0.287797183028095,True,0.0003381911051852081,86.0,0.00043858779488684357,-0.2557634975165026,0.05813953488372093,0.03488372093023256,-0.6682800226268774
19,cluster-1,behavioural,3,36,False,208,one,0.18872136274933593,True,0.005321650839063796,1368.0,0.0050417768753990315,0.06904045899841105,0.019005847953216373,0.03070175438596491,-0.9244595125753227
19,cluster-1,behavioural,3,37,False,1373,evening,0.1652257627800507,True,0.0006802694644530051,174.0,0.00022127666324309105,1.133090725145487,0.09770114942528736,0.04597701149425287,-0.4998587599683497
19,cluster-1,behavioural,3,43,False,3922,gracefully,0.347861965335848,True,5.053430307365181e-05,12.0,1.2689701117883358e-05,1.3175651353005424,0.3333333333333333,0.3333333333333333,-0.29107224697797895
19,cluster-1,behavioural,3,49,False,446,love,0.053615063573678505,True,0.0015393526167050853,395.0,0.0005052087257557312,1.127363317081283,0.0,0.027848101265822784,-1.6783159034042754
19,cluster-1,behavioural,3,51,False,15,.,0.1583399236376706,False,0.05323983191513346,13695.0,0.0630210212830081,-0.1529883247882995,7.301935012778386e-05,0.016502373128879155,-1.4674192673627537
19,cluster-1,behavioural,3,55,False,94,and,0.05637567667623466,True,0.0220290688860296,5666.0,0.018549963715385868,0.18746478279189205,0.0037063183903988705,0.013060360042357924,-0.9189883060596689
19,cluster-1,behavioural,3,59,False,1538,future,0.06210010025865395,True,5.053430307365181e-05,12.0,1.5862126397354197e-05,1.0944215839863336,0.0,0.16666666666666666,-0.1535289992557978
19,cluster-1,behavioural,3,62,False,85,the,0.16768399435339268,True,0.05475197375326044,14084.0,0.04536171596483367,0.2038201270674933,0.09791252485089463,0.0227918205055382,-1.3054600169700454
19,cluster-1,behavioural,3,63,False,800,days,0.43048277765018483,True,0.0003926126623414486,100.0,0.00017527649669076388,0.8122546922226634,0.03,0.04,-0.4009448912886888
19,cluster-1,behavioural,3,66,False,707,maria,0.05365415375170257,True,0.00035374012151556276,90.0,0.000820071934743212,-0.8361331769857845,0.011111111111111112,0.044444444444444446,-1.2963447785794577
19,cluster-1,behavioural,3,71,False,85,the,0.09852577253239497,True,0.05475197375326044,14084.0,0.04536171596483367,0.2038201270674933,0.09791252485089463,0.0227918205055382,-0.9866526351113236
19,cluster-1,behavioural,3,74,False,208,one,0.24847498537300577,True,0.005321650839063796,1368.0,0.0050417768753990315,0.06904045899841105,0.019005847953216373,0.03070175438596491,-0.19866881752991006
19,cluster-1,behavioural,3,75,False,1373,evening,0.11572745782083543,True,0.0006802694644530051,174.0,0.00022127666324309105,1.133090725145487,0.09770114942528736,0.04597701149425287,-0.7643829254517295
19,cluster-1,behavioural,3,78,False,127,was,0.1889886454889042,True,0.006631655464896152,1705.0,0.008326823252291086,-0.2124676960450005,0.013489736070381233,0.02287390029325513,-3.4382813459762946
19,cluster-1,behavioural,3,83,False,94,and,0.15013836280647708,True,0.0220290688860296,5666.0,0.018549963715385868,0.18746478279189205,0.0037063183903988705,0.013060360042357924,-1.7121798669025672
19,cluster-1,behavioural,3,85,False,365,sun,0.10770051610413306,True,0.0027599503986379063,709.0,0.0011476248448485762,0.8918550076529685,0.1777150916784203,0.07475317348377997,-3.0578254800142384
19,cluster-1,behavioural,3,87,False,991,shining,0.27825433753410184,True,0.0004159361868369803,106.0,0.000306139039468936,0.31284893239956,0.009433962264150943,0.03773584905660377,-1.8022177132107249
19,cluster-1,behavioural,3,88,False,1119,brighter,0.3838165443493923,True,0.0003109803266070881,79.0,0.00011024177846161168,1.0402211270886532,0.0,0.0379746835443038,-0.8926946168883823
19,cluster-1,behavioural,3,91,False,1133,closed,0.0644009751446809,True,0.000524779301149461,134.0,0.00015227641341460029,1.2455916356754537,0.0,0.03731343283582089,-0.49560016701861276
19,cluster-1,behavioural,3,106,False,93,to,0.6872860839475377,True,0.019090304799592617,4910.0,0.01724609692552335,0.11713730350915119,0.009368635437881873,0.014867617107942974,-1.4676495596521848
20,cluster-2,behavioural,1,1,True,1207,quickly,0.38601586115919756,True,4.6528219365044866e-05,11.0,0.00019589726100732434,-1.5088369551151057,0.45454545454545453,0.45454545454545453,-0.5344084229468553
20,cluster-2,behavioural,1,4,False,307,boy,0.18244514928278055,True,0.004493850520340585,1158.0,0.002706078763388626,0.5220518582358711,0.20379965457685664,0.0924006908462867,-1.0619256504750518
21,cluster-1,behavioural,1,1,True,1227,beneath,0.6408908986902313,True,0.0008124361032610172,208.0,0.00044572575176565294,0.6112834375599512,0.25961538461538464,0.2403846153846154,-0.17329335549805025
21,cluster-1,behavioural,1,3,False,505,soft,0.18587633009867677,True,0.002001935852533129,514.0,0.0006495540759716544,1.1393863893544198,0.17704280155642024,0.07003891050583658,-0.12025975679423362
21,cluster-1,behavioural,1,23,False,32,a,0.3315378055896952,True,0.04502217678454117,11581.0,0.038765450702493924,0.16528563445860733,0.11302996287021846,0.02987652188930144,-0.6151406940933132
21,cluster-1,behavioural,1,25,False,511,where,0.050572616891148225,True,0.0033780237977694932,868.0,0.0018106617282579816,0.6381932758828786,0.07834101382488479,0.03571428571428571,-1.349466076705393
21,cluster-1,behavioural,1,26,False,615,colors,0.14211007421119315,True,0.002744401382307553,705.0,0.0008327616358610953,1.2068995674130232,0.062411347517730496,0.02695035460992908,-1.4461786025845385
21,cluster-1,behavioural,1,27,False,525,danced,0.11041546234810506,True,0.0029970728976758117,770.0,0.0013990395482466403,0.7762984860333173,0.17922077922077922,0.053246753246753244,-1.3198784732898732
21,cluster-1,behavioural,1,32,False,1011,sweet,0.19336331448853084,True,0.0017337153208345155,445.0,0.000502829406796128,1.2512725354813385,0.024719101123595506,0.033707865168539325,-0.48556752384313007
21,cluster-1,behavioural,1,35,False,2610,tonight,0.053273865319861405,True,0.00017881368779907572,45.0,5.155191079140114e-05,1.2375224276270078,0.0,0.06666666666666667,-0.3613335836145768
22,cluster-1,behavioural,1,1,True,1131,among,0.3677527699185516,True,0.000765789054269954,196.0,0.0002990010825901266,0.95111667953483,0.14795918367346939,0.1377551020408163,-0.5660692192438583
22,cluster-1,behavioural,1,3,False,820,clouds,0.13842775005121077,True,0.0010145733155556248,260.0,0.0005424847227895135,0.6379709211453015,0.34615384615384615,0.08461538461538462,-0.8736778679113857
22,cluster-1,behavioural,1,7,False,342,old,0.16671755250586434,True,0.0017648133534952247,453.0,0.0022119735261110426,-0.2122990543921306,0.024282560706401765,0.03532008830022075,-0.9620084504748112
22,cluster-1,behavioural,1,8,False,819,woman,0.36120351812606466,True,0.00011273036839506933,28.0,5.472433607087198e-05,0.7033452133302696,0.03571428571428571,0.07142857142857142,-1.2014520812497373
23,cluster-2,behavioural,1,1,True,108,in,0.4940242942802678,True,0.012492826899514559,3221.0,0.010290554500283535,0.20932355001160996,0.1561626823967712,0.04594846321018317,-0.3652483129205013
23,cluster-2,behavioural,1,2,False,85,the,0.1277910131784743,True,0.05892798982582938,15197.0,0.04536171596483367,0.2772876666883315,0.09587418569454498,0.027242218858985326,-1.1529296073545547
23,cluster-2,behavioural,1,3,False,814,quiet,0.12979075636402782,True,0.0005079330614017403,130.0,0.0002791734245934339,0.6065593835719865,0.5076923076923077,0.26153846153846155,-0.5693669240690786
23,cluster-2,behavioural,1,12,False,342,old,0.18137004851065647,True,0.004598539013911938,1185.0,0.0022119735261110426,0.7467157746562432,0.18059071729957807,0.06160337552742616,-0.3728744619691695
23,cluster-2,behavioural,1,13,False,267,friends,0.5780706108702718,True,0.0006746591807931508,173.0,0.0028321826682475917,-1.4246532443821698,0.0,0.028901734104046242,-1.0946836775215734
23,cluster-2,behavioural,1,14,False,572,sat,0.09444663560692401,True,0.000845262651798316,217.0,0.0006463816506921835,0.27936534901409704,0.12903225806451613,0.11059907834101383,-0.5973821260329673
23,cluster-2,behavioural,1,17,False,85,the,0.1031403396755538,True,0.05892798982582938,15197.0,0.04536171596483367,0.2772876666883315,0.09587418569454498,0.027242218858985326,-0.32651240059498876
23,cluster-2,behavioural,1,22,False,32,a,0.05203231534977548,True,0.0412899173348636,10648.0,0.038765450702493924,0.07870079231135296,0.11363636363636363,0.030334335086401203,-0.7725715241919797
23,cluster-2,behavioural,1,23,False,1379,thick,0.21589394698116338,True,0.0015044124261364515,387.0,0.00035531163130073405,1.4562875693292963,0.041343669250646,0.023255813953488372,-0.1877018924775642
23,cluster-2,behavioural,1,32,False,2399,louder,0.09478014518620792,True,2.326410968252243e-05,5.0,2.1413870636428166e-05,-0.08374284485572936,0.0,0.2,-0.5068485725643566
23,cluster-2,behavioural,1,36,False,13,",",0.07002138982322204,False,0.06302635048156707,16254.0,0.05572444314022516,0.13877826145970173,0.06503014642549526,0.019933554817275746,-1.563825741170846
23,cluster-2,behavioural,1,45,False,547,sad,0.5985613033434515,True,0.000283046667804023,72.0,0.0005599330618266032,-0.6802930097626874,0.013888888888888888,0.05555555555555555,-0.6922500650185395
23,cluster-2,behavioural,1,47,False,85,the,0.06993670380059003,True,0.05892798982582938,15197.0,0.04536171596483367,0.2772876666883315,0.09587418569454498,0.027242218858985326,-0.9544631493184902
23,cluster-2,behavioural,1,49,False,572,sat,0.11555090917127375,True,0.000845262651798316,217.0,0.0006463816506921835,0.27936534901409704,0.12903225806451613,0.11059907834101383,-1.7639695594537126
23,cluster-2,behavioural,1,50,False,526,down,0.2112159441428737,True,0.0013105448454487642,337.0,0.0010786245950200853,0.20749906033676435,0.02967359050445104,0.026706231454005934,-2.2144029846977378
23,cluster-2,behavioural,1,56,False,1724,times,0.05345760390661847,True,3.8773516137537444e-05,9.0,2.8551827515237555e-05,0.21636174759460935,0.0,0.1111111111111111,-2.9598423929675914
23,cluster-2,behavioural,1,58,False,208,one,0.06525629100155905,True,0.003454720287854584,890.0,0.0050417768753990315,-0.3634342754957238,0.012359550561797753,0.02247191011235955,-0.6621369611946516
23,cluster-2,behavioural,1,70,False,251,what,0.051166926273156665,True,0.0023535524295485205,606.0,0.0033120119917675562,-0.32757303477866007,0.0,0.024752475247524754,-1.025421272282746
23,cluster-2,behavioural,1,74,False,32,a,0.16806572863300645,True,0.0412899173348636,10648.0,0.038765450702493924,0.07870079231135296,0.11363636363636363,0.030334335086401203,-1.5393007615994012
24,cluster-1,behavioural,1,1,True,3054,tend,0.7285303618703227,True,0.00027599503986379056,70.0,6.186229294968137e-05,1.4970336231120918,0.42857142857142855,0.4142857142857143,-0.07415219880981994
24,cluster-1,behavioural,1,3,False,1294,whispers,0.05386463277060505,True,0.0004237106950021576,108.0,0.0005401054038299104,-0.23618387127296891,0.3611111111111111,0.1111111111111111,-0.3351683256345046
24,cluster-1,behavioural,1,93,False,676,beautiful,0.7390655683371719,True,0.001430509502392605,367.0,0.0005258294900722917,1.0138340656210314,0.010899182561307902,0.02997275204359673,-0.20504526552014757
24,cluster-1,behavioural,1,94,False,3241,blend,0.13834070552173783,True,8.551958981694927e-05,21.0,2.3000083276163587e-05,1.2824738154892739,0.0,0.14285714285714285,-1.2323044266703462
25,cluster-1,behavioural,1,1,True,443,suddenly,0.3350279970330277,True,0.000979588028812327,251.0,0.0012832460255459545,-0.2582459507343291,0.12749003984063745,0.12350597609561753,-0.6254362025524891
26,cluster-2,behavioural,1,1,True,108,in,0.42868775639060414,True,0.012492826899514559,3221.0,0.010290554500283535,0.20932355001160996,0.1561626823967712,0.04594846321018317,-0.4641205582688279
26,cluster-2,behavioural,1,2,False,85,the,0.15352533713993588,True,0.05892798982582938,15197.0,0.04536171596483367,0.2772876666883315,0.09587418569454498,0.027242218858985326,-1.1529296073545547
26,cluster-2,behavioural,1,3,False,655,shadows,0.21428323964883111,True,0.0040014268653938605,1031.0,0.0009160377994472049,1.4890849697755657,0.1542192046556741,0.0504364694471387,-0.04337787780052205
27,cluster-3,triggered,3,3,True,32,a,0.4192675903649363,True,0.039893689254466805,10281.0,0.038765450702493924,0.04430787517714352,0.16836883571637,0.041532924812761406,-0.5577314353651098
27,cluster-3,triggered,3,6,False,108,in,0.1892138501391593,True,0.007845267425844373,2021.0,0.010290554500283535,-0.25609424951794857,0.30578921326076197,0.09450766947055914,-1.275553391235645
27,cluster-3,triggered,3,10,False,15,.,0.09920438360899943,False,0.04952373561991969,12763.0,0.0630210212830081,-0.22537823414259206,0.0012536237561701794,0.01802084149494633,-2.17819992944085
27,cluster-3,triggered,3,16,False,676,beautiful,0.36080204058548665,True,0.0002793567035908975,71.0,0.0005258294900722917,-0.6307573720320274,0.014084507042253521,0.04225352112676056,-0.8485562807769389
27,cluster-3,triggered,3,17,False,2696,coral,0.49894705016189783,True,4.655945059848294e-05,11.0,1.9827657996692748e-05,0.7823571890426884,0.0,0.09090909090909091,-0.5572930408732075
27,cluster-3,triggered,3,25,False,30,?,0.1452979084086755,False,0.011135468601470503,2869.0,0.004913293651580462,0.8335587630306414,0.0,0.01603346113628442,-1.0817104446463937
27,cluster-3,triggered,3,29,False,15,.,0.16670512046502145,False,0.04952373561991969,12763.0,0.0630210212830081,-0.22537823414259206,0.0012536237561701794,0.01802084149494633,-1.0407533125915904
27,cluster-3,triggered,3,36,False,111,they,0.28184755392288197,True,0.004834422953809147,1245.0,0.016552128895639104,-1.215839450059919,0.001606425702811245,0.021686746987951807,-2.608916138930735
27,cluster-3,triggered,3,39,False,954,dance,0.48918218469707875,True,0.0009777484625681412,251.0,0.0007256922826789546,0.3098666149687821,0.01195219123505976,0.027888446215139442,-1.9590348518778613
27,cluster-3,triggered,3,44,False,907,why,0.41450851935159233,True,0.0019710167420024438,507.0,0.0006392436938133741,1.1397650021970742,0.0,0.03353057199211045,-1.1892458589524875
27,cluster-3,triggered,3,46,False,164,you,0.1667205375794344,True,0.009959842473858805,2566.0,0.0031890805121880614,1.1541553793908266,0.0003897116134060795,0.0171473109898675,-1.3925919538953841
27,cluster-3,triggered,3,47,False,660,alone,0.1878477659070279,True,0.0002133974819097134,54.0,0.0004798293235199645,-0.8129066703540477,0.0,0.07407407407407407,-3.349281019814563
27,cluster-3,triggered,3,51,False,981,wondered,0.07571897442798925,True,0.0006712320794614623,172.0,0.0005226570647928208,0.26010868342346516,0.0,0.05813953488372093,-0.9470298626687459
27,cluster-3,triggered,3,54,False,93,to,0.2370166588408335,True,0.012512852348342283,3224.0,0.01724609692552335,-0.3054232802927004,0.015818858560794045,0.021712158808933003,-1.1185331068479687
27,cluster-3,triggered,3,55,False,730,join,0.12230108317985922,True,0.0002444371156420353,62.0,0.0004052773294523997,-0.5058974640460923,0.0,0.06451612903225806,-1.5163973060403066
27,cluster-3,triggered,3,60,False,32,a,0.37136458982212045,True,0.039893689254466805,10281.0,0.038765450702493924,0.04430787517714352,0.16836883571637,0.041532924812761406,-0.6039990846994772
27,cluster-3,triggered,3,62,False,616,came,0.2658359072679326,True,0.00036471569635478313,93.0,0.0004845879614391707,-0.27915972490581975,0.0,0.053763440860215055,-1.8264173334096452
27,cluster-3,triggered,3,66,False,15,.,0.32150064423432867,False,0.04952373561991969,12763.0,0.0630210212830081,-0.22537823414259206,0.0012536237561701794,0.01802084149494633,-1.2139431963711007
27,cluster-3,triggered,3,67,False,32,a,0.08083274529648377,True,0.039893689254466805,10281.0,0.038765450702493924,0.04430787517714352,0.16836883571637,0.041532924812761406,-1.8253350379182192
27,cluster-3,triggered,3,78,False,826,us,0.16106880737304452,True,0.00018623780239393177,47.0,0.0002173111316437525,-0.15964276356549156,0.02127659574468085,0.0851063829787234,-1.471540432356417
27,cluster-3,triggered,3,82,False,196,said,0.1625842218670912,True,0.007647389760800824,1970.0,0.0064622302942821,0.1835987854978569,0.0,0.018274111675126905,-1.2025578350763917
27,cluster-3,triggered,3,85,False,417,big,0.13184979120456952,True,0.0036937164141463133,951.0,0.0027544582489005564,0.30807775091383505,0.054679284963196635,0.026288117770767613,-1.1559658475272672
27,cluster-3,triggered,3,94,False,3,"""",0.09458232730780752,False,0.06646361572933439,17129.0,0.0371792380627585,0.5965621923857052,0.0,0.012259910093992644,-1.125850695813473
27,cluster-3,triggered,3,95,False,164,you,0.308650154420617,True,0.009959842473858805,2566.0,0.0031890805121880614,1.1541553793908266,0.0003897116134060795,0.0171473109898675,-0.8316453208562296
27,cluster-3,triggered,3,97,False,1478,cool,0.23146277202849758,True,4.2679496381942713e-05,10.0,0.00020858696212520768,-1.6662311980711983,0.0,0.1,-3.463772544387051
27,cluster-3,triggered,3,105,False,355,smiled,0.2273179488881427,True,0.0012881447998913612,331.0,0.0007320371332378962,0.5778268819867298,0.0,0.030211480362537766,-2.534138004823803
27,cluster-3,triggered,3,108,False,40,i,0.2511952794872735,True,0.015562496362542921,4010.0,0.0056643653364951835,1.026136133258741,0.0,0.012967581047381545,-1.6381979550367503
27,cluster-3,triggered,3,111,False,898,here,0.08777112697795422,True,0.0004578345975517488,117.0,0.0003949669472941195,0.15491159888562223,0.0,0.05128205128205128,-2.290031707962379
27,cluster-3,triggered,3,114,False,141,but,0.12454727505753556,True,0.008186703396899916,2109.0,0.006942852724121932,0.18004090384045313,0.001422475106685633,0.013750592697961118,-1.0070958697427421
27,cluster-3,triggered,3,115,False,488,then,0.26162393165366105,True,0.002304692804624905,593.0,0.0011730042470843428,0.6894106773994455,0.0,0.023608768971332208,-0.9594677639810747
27,cluster-3,triggered,3,116,False,13,",",0.06938588734235673,False,0.053434729470192247,13771.0,0.05572444314022516,-0.02631420672830309,0.08953598141020987,0.030135792607653766,-1.4583446257101367
27,cluster-3,triggered,3,117,False,106,she,0.05700351360705369,True,0.010371117620812078,2672.0,0.011545248698314253,-0.09190698079560455,0.0,0.021706586826347306,-1.1353716655368926
27,cluster-3,triggered,3,118,False,723,heard,0.22914706365464244,True,0.0005237938192329328,134.0,0.0011444524195691054,-0.7733020177104395,0.0,0.029850746268656716,-2.1413595224438797
27,cluster-3,triggered,3,120,False,417,big,0.1767757288716738,True,0.0036937164141463133,951.0,0.0027544582489005564,0.30807775091383505,0.054679284963196635,0.026288117770767613,-1.099225629684884
28,cluster-2,behavioural,1,1,True,108,in,0.44402593512466265,True,0.012492826899514559,3221.0,0.010290554500283535,0.20932355001160996,0.1561626823967712,0.04594846321018317,-0.44001628175596963
28,cluster-2,behavioural,1,3,False,346,small,0.15888670187150478,True,0.0010856584518510479,279.0,0.0010889349771783657,0.00911448476789456,0.24372759856630824,0.1039426523297491,-1.1390601660124624
28,cluster-2,behavioural,1,6,False,32,a,0.09658655841558583,True,0.0412899173348636,10648.0,0.038765450702493924,0.07870079231135296,0.11363636363636363,0.030334335086401203,-1.500003531124161
28,cluster-2,behavioural,1,8,False,572,sat,0.20079893534138638,True,0.000845262651798316,217.0,0.0006463816506921835,0.27936534901409704,0.12903225806451613,0.11059907834101383,-0.20468983638321525
28,cluster-2,behavioural,1,24,False,514,fa,0.07496073910684037,True,4.6528219365044866e-05,11.0,5.313812343113656e-05,-0.20414123787809402,0.18181818181818182,0.18181818181818182,-1.0131248259463295
29,cluster-2,behavioural,2,1,True,1592,quietly,0.2994254696449884,True,0.00025202785489399326,64.0,0.00018003513460997014,0.3365891745927687,0.703125,0.671875,-0.6942969019463794
29,cluster-2,behavioural,2,4,False,275,girl,0.12555758003471995,True,0.005110349426927429,1317.0,0.003378632922636444,0.4287433711943649,0.20501138952164008,0.12072892938496584,-1.2074126695172858
29,cluster-2,behavioural,2,7,False,572,sat,0.39443525182252015,True,0.000845262651798316,217.0,0.0006463816506921835,0.27936534901409704,0.12903225806451613,0.11059907834101383,-0.5232336259476688
29,cluster-2,behavioural,2,10,False,1339,window,0.06599723722133433,True,0.0001318299548676273,33.0,0.00019669036732719204,-0.41426507598400164,0.06060606060606061,0.12121212121212122,-1.4913699241028926
29,cluster-2,behavioural,2,12,False,344,feeling,0.05066854269944843,True,0.0013415636583587946,345.0,0.0010270726842286843,0.2799345516122216,0.0,0.02318840579710145,-2.442186003627755
29,cluster-2,behavioural,2,15,False,106,she,0.08214655043769464,True,0.017975402081362342,4635.0,0.011545248698314253,0.45822033014979446,0.001725997842502697,0.013807982740021575,-1.7541471695389979
29,cluster-2,behavioural,2,16,False,165,had,0.1972317372646044,True,0.012236921693006811,3155.0,0.004977535263489747,0.9149117698368903,0.0003169572107765452,0.022820919175911253,-0.7249489078262926
29,cluster-2,behavioural,2,18,False,93,to,0.05210618452330021,True,0.016509763171363438,4257.0,0.01724609692552335,-0.02816305048908685,0.004698144233027954,0.015973690392295042,-1.443803863041696
29,cluster-2,behavioural,2,19,False,656,share,0.06449558518742873,True,0.00011632054841261226,29.0,0.00045286370864446236,-1.3774372709550367,0.0,0.06896551724137931,-1.1615890609573887
29,cluster-2,behavioural,2,23,False,32,a,0.3079142180284916,True,0.0412899173348636,10648.0,0.038765450702493924,0.07870079231135296,0.11363636363636363,0.030334335086401203,-0.5101530586921543
29,cluster-2,behavioural,2,24,False,2973,faraway,0.34929744819516517,True,1.5509406455014963e-05,3.0,7.613820670730014e-05,-1.8630797940852268,0.0,0.3333333333333333,-0.739307557714393
29,cluster-2,behavioural,2,49,False,203,heart,0.16501100913094094,True,0.004699350155869537,1211.0,0.001968489885911656,0.8850378865030395,0.00990916597853014,0.016515276630883566,-0.24158565158115464
29,cluster-2,behavioural,2,51,False,533,hope,0.4302165562013589,True,0.0007405741582269643,190.0,0.00031407010266761313,0.8682659696205066,0.0,0.042105263157894736,-0.3545136518635721
29,cluster-2,behavioural,2,59,False,294,were,0.08201444219003712,True,0.002369061836003536,610.0,0.002610906005004501,-0.08313549591510316,0.006557377049180328,0.018032786885245903,-1.043400149557192
29,cluster-2,behavioural,2,61,False,130,with,0.08433506015949005,True,0.00956154907951673,2465.0,0.008632169185440155,0.11755409528815353,0.006896551724137931,0.015821501014198783,-0.485838115274841
29,cluster-2,behavioural,2,62,False,177,their,0.49865355356526736,True,0.0025784388231462375,664.0,0.0035142541033338225,-0.2954423130085555,0.0030120481927710845,0.02108433734939759,-1.1794496827664023
29,cluster-2,behavioural,2,64,False,2090,##ience,0.5238888378842046,True,3.87735161375374e-06,0.0,6.42416119092845e-05,-inf,0.0,0.0,-1.2116026568464826
29,cluster-2,behavioural,2,65,False,976,fair,0.09090411932059883,True,3.8773516137537444e-05,9.0,0.00017924202829010244,-1.6206543132215678,0.1111111111111111,0.2222222222222222,-7.166940511405047
29,cluster-2,behavioural,2,66,False,60,##s,0.18061274665090632,True,0.0025939482296012534,668.0,0.0040583250387630715,-0.43337932655394606,0.08233532934131736,0.03592814371257485,-1.4343609085428675
29,cluster-2,behavioural,2,69,False,1295,built,0.06106947336560864,True,6.203762582005987e-05,15.0,0.00021255249372454624,-1.2802806706941467,0.0,0.06666666666666667,-1.0708290934431621
29,cluster-2,behavioural,2,70,False,1245,walls,0.05543650241758846,True,0.0014617615583851602,376.0,0.0003783117145768976,1.3647287612160532,0.0797872340425532,0.02925531914893617,-0.520681473151849
29,cluster-2,behavioural,2,94,False,295,up,0.0986034115074453,True,0.0004769142484917103,122.0,0.001921696613039461,-1.3860845673687692,0.02459016393442623,0.03278688524590164,-1.4942437908649682
29,cluster-2,behavioural,2,95,False,13,",",0.2177758487747955,False,0.06302635048156707,16254.0,0.05572444314022516,0.13877826145970173,0.06503014642549526,0.019933554817275746,-1.895779242765295
29,cluster-2,behavioural,2,99,False,267,friends,0.1799473028686072,True,0.0006746591807931508,173.0,0.0028321826682475917,-1.4246532443821698,0.0,0.028901734104046242,-0.6547932951023614
29,cluster-2,behavioural,2,101,False,141,but,0.3590015543356316,True,0.009569303782744235,2467.0,0.006942852724121932,0.3361482074930153,0.00040535062829347385,0.019862180786380218,-0.8515463197012075
29,cluster-2,behavioural,2,103,False,13,",",0.23841479481455424,False,0.06302635048156707,16254.0,0.05572444314022516,0.13877826145970173,0.06503014642549526,0.019933554817275746,-1.4757251723870604
29,cluster-2,behavioural,2,104,False,85,the,0.1776900971331341,True,0.05892798982582938,15197.0,0.04536171596483367,0.2772876666883315,0.09587418569454498,0.027242218858985326,-0.7104701150912828
29,cluster-2,behavioural,2,106,False,407,began,0.14465059373728495,True,0.0002908013710315304,74.0,0.0006376574811736387,-0.7828780672602962,0.013513513513513514,0.06756756756756757,-1.4094914580635198
29,cluster-2,behavioural,2,110,False,85,the,0.16163929824680656,True,0.05892798982582938,15197.0,0.04536171596483367,0.2772876666883315,0.09587418569454498,0.027242218858985326,-1.4231188493581777
29,cluster-2,behavioural,2,115,False,471,than,0.17217644564162707,True,0.00016284876777765704,41.0,0.00022444908852256189,-0.3292187222244305,0.0,0.04878048780487805,-0.9418981130038833
29,cluster-2,behavioural,2,117,False,914,mind,0.6591224326808942,True,0.0006979232904756733,179.0,0.00019193172940798578,1.3011041883985675,0.00558659217877095,0.03910614525139665,-1.3957959063482113
29,cluster-2,behavioural,2,120,False,157,felt,0.17529114709078497,True,0.008006731082401478,2064.0,0.003036804098773461,0.9846982838386591,0.0009689922480620155,0.016472868217054265,-0.9494688775039128
29,cluster-2,behavioural,2,121,False,117,her,0.29974889057851994,True,0.014063154303084819,3626.0,0.008805859469491183,0.4835708789750308,0.0013789299503585218,0.01461665747380033,-0.746054776119804
29,cluster-2,behavioural,2,123,False,1996,break,0.23617595132177327,True,6.203762582005987e-05,15.0,5.234501711126885e-05,0.1210515677902837,0.0,0.06666666666666667,-0.15241306484801198
30,cluster-4,behavioural,3,1,True,139,on,0.24100501954931097,True,0.007426069781727981,1909.0,0.00403453184916704,0.6253320038305601,0.08328968046097433,0.025144054478784705,-0.8186990214020837
30,cluster-4,behavioural,3,3,True,1440,sunny,0.05947336277696624,True,0.0008436948390759015,216.0,0.000782002831389562,0.08706277800910645,0.44907407407407407,0.14814814814814814,-1.3903537070130638
30,cluster-4,behavioural,3,8,False,578,stood,0.180522404351795,True,0.0005248792777661138,134.0,0.0006574851391703315,-0.21693963025680585,0.1865671641791045,0.11194029850746269,-2.628457906173798
30,cluster-4,behavioural,3,34,False,354,saw,0.1016982359558997,True,0.002297804838220543,590.0,0.0012721425370678067,0.6053074734008828,0.013559322033898305,0.022033898305084745,-2.573641573442533
31,cluster-0,triggered,2,1,True,867,before,0.29163392258287063,True,0.00017140761528158696,42.0,0.0002173111316437525,-0.2446658250454643,0.09523809523809523,0.09523809523809523,-0.7100208992306154
31,cluster-0,triggered,2,2,True,85,the,0.05286521594511795,True,0.035353817207730086,8868.0,0.04536171596483367,-0.23322452716433428,0.15539016689219667,0.03912945421741092,-1.5041490652468983
31,cluster-0,triggered,2,5,False,13,",",0.05619988970418316,False,0.04051597678423368,10163.0,0.05572444314022516,-0.3026705423709446,0.10951490701564498,0.03680015743382859,-1.3761358527466816
31,cluster-0,triggered,2,6,False,372,alex,0.3930739522171416,True,0.003818802219529307,957.0,0.002004179670305703,0.6598079471239968,0.04911180773249739,0.017763845350052248,-0.40566309561173064
31,cluster-0,triggered,2,10,False,2036,cookies,0.13366228359674603,True,0.0010523630333567192,263.0,0.0003299322290649673,1.1722614349757379,0.03802281368821293,0.026615969581749048,-0.5986538126033318
31,cluster-0,triggered,2,48,False,1721,missed,0.07213552541434376,True,0.00021525607500478338,53.0,7.296578142782931e-05,1.0792959995623175,0.0,0.07547169811320754,-1.7754568713628553
31,cluster-0,triggered,2,74,False,475,how,0.053288589415914855,True,0.0010204732444671217,255.0,0.000653519607570993,0.45788567830819193,0.0,0.027450980392156862,-1.9463242204329543
31,cluster-0,triggered,2,79,False,177,their,0.40055343453232206,True,0.00349990433063333,877.0,0.0035142541033338225,0.010919084231931109,0.012542759407069556,0.019384264538198404,-1.8860694219553804
31,cluster-0,triggered,2,89,False,1824,okay,0.1487226874930524,True,0.0005939473180687547,148.0,0.0002093800684450754,1.052055833677036,0.0,0.0472972972972973,-0.3220017863419433
31,cluster-0,triggered,2,92,False,439,will,0.10931318306247906,True,0.0023518719306078193,589.0,0.0012372458589936274,0.6567777464672417,0.001697792869269949,0.025466893039049237,-1.2913960952138372
31,cluster-0,triggered,2,100,False,156,his,0.28059663476313146,True,0.0031969513361821533,801.0,0.004697568732576446,-0.36994474614936834,0.0149812734082397,0.02247191011235955,-0.5555675660983267
31,cluster-0,triggered,2,105,False,158,for,0.21034158057670113,True,0.0044127495375980595,1106.0,0.0039853592573352425,0.11711711221424093,0.07866184448462929,0.05334538878842676,-0.4716607345609474
31,cluster-0,triggered,2,117,False,111,they,0.059419291723576635,True,0.02759662606033548,6922.0,0.016552128895639104,0.527184687183281,0.0013002022536839064,0.013290956370991043,-0.36033123685009083
32,cluster-4,behavioural,1,1,True,32,a,0.4763783125269497,True,0.040419592382640875,10395.0,0.038765450702493924,0.05743824874159609,0.12833092833092832,0.034728234728234726,-0.39100272556022725
32,cluster-4,behavioural,1,3,False,115,of,0.2956756876314974,True,0.008849075823671667,2275.0,0.01210359554750112,-0.2978797771782462,0.09010989010989011,0.046153846153846156,-1.1279479635137761
32,cluster-4,behavioural,1,5,False,316,filled,0.4970358773270107,True,0.0013957900793928502,358.0,0.00191852418775999,-0.30513579928174916,0.16201117318435754,0.06424581005586592,-0.9145343330174849
33,cluster-2,behavioural,1,1,True,1592,quietly,0.4258885147615607,True,0.00025202785489399326,64.0,0.00018003513460997014,0.3365891745927687,0.703125,0.671875,-0.4685830151774084
33,cluster-2,behavioural,1,4,False,655,shadows,0.44143802386868214,True,0.0040014268653938605,1031.0,0.0009160377994472049,1.4890849697755657,0.1542192046556741,0.0504364694471387,-0.080410844139021
34,cluster-4,behavioural,4,2,True,2109,dawn,0.3196111273286125,True,2.7215962550835532e-05,6.0,3.1724252794708394e-05,-0.291679259958304,0.5,0.3333333333333333,-0.47184971366025374
35,cluster-4,behavioural,7,1,True,872,near,0.19698815078586984,True,0.0006298551333193368,161.0,0.00028472516883250787,0.8035227014237618,0.18012422360248448,0.18012422360248448,-0.9238488456273517
35,cluster-4,behavioural,7,3,True,346,small,0.19800809039045053,True,0.0014424460151942827,370.0,0.0010889349771783657,0.2941903247978761,0.043243243243243246,0.02702702702702703,-1.0162519319663126
35,cluster-4,behavioural,7,4,True,1536,pond,0.05398887124166668,True,0.00014774379670453572,37.0,0.00013800049965698153,0.05730333835727208,0.05405405405405406,0.05405405405405406,-2.2961315233613564
35,cluster-4,behavioural,7,7,True,1688,explorer,0.6180426995707166,True,0.001236382298737957,317.0,0.000256966447637138,1.5835989830125285,0.1608832807570978,0.13249211356466878,-0.006328080154354987
35,cluster-4,behavioural,7,10,False,139,on,0.24402951243298798,True,0.007426069781727981,1909.0,0.00403453184916704,0.6253320038305601,0.08328968046097433,0.025144054478784705,-0.9503581305093431
35,cluster-4,behavioural,7,13,False,15,.,0.12396167504637912,False,0.06477787886563867,16660.0,0.0630210212830081,0.04318502641060906,0.0019807923169267707,0.01362545018007203,-1.5268952732233076
35,cluster-4,behavioural,7,20,False,432,its,0.21670951492861915,True,0.00024105566830740063,61.0,0.0008375202737803016,-1.245928875165319,0.0,0.04918032786885246,-0.6417149327834242
36,cluster-3,triggered,1,1,True,289,bright,0.4808212886045224,True,0.0017847789396085122,459.0,0.0016694888033215293,0.08031720505658235,0.4749455337690632,0.18082788671023964,-0.38445543222872747
36,cluster-3,triggered,1,2,False,541,flowers,0.18435001309413745,True,0.0010747473179816473,276.0,0.001385556740808889,-0.24191670330438697,0.10144927536231885,0.036231884057971016,-0.8505375070265297
36,cluster-3,triggered,1,3,False,2587,swayed,0.10059112290316852,True,6.595922168118413e-05,16.0,6.582782454901991e-05,-0.042914144444297975,0.5,0.1875,-0.4221245726499254
37,cluster-4,behavioural,5,3,True,32,a,0.09838461012618685,True,0.040419592382640875,10395.0,0.038765450702493924,0.05743824874159609,0.12833092833092832,0.034728234728234726,-1.4073118274049923
37,cluster-4,behavioural,5,5,True,326,looked,0.5462593232835691,True,0.0015629738493479833,401.0,0.0010587969370233928,0.40271558139979646,0.012468827930174564,0.02743142144638404,-0.23957813475878265
37,cluster-4,behavioural,5,11,False,127,was,0.06640956174908695,True,0.007188902108070698,1848.0,0.008326823252291086,-0.13173531638573444,0.032467532467532464,0.022727272727272728,-1.5533126813499227
37,cluster-4,behavioural,5,14,False,417,big,0.11030158266624714,True,0.004801673392897413,1234.0,0.0027544582489005564,0.5706828766488359,0.04943273905996758,0.01539708265802269,-0.7061174795190357
37,cluster-4,behavioural,5,15,False,13,",",0.07795489896105164,False,0.049241452243761696,12664.0,0.05572444314022516,-0.10801283207952306,0.09696778269109287,0.0317435249526216,-1.4660397551986795
37,cluster-4,behavioural,5,27,False,1081,children,0.16025560213720047,True,3.499195185107427e-05,8.0,0.00023396636436097442,-2.0020930897324067,0.25,0.125,-3.532451256440331
38,cluster-3,triggered,4,3,True,703,tall,0.2956887389210282,True,0.0006906318505441638,177.0,0.0008383133801001694,-0.18370251218388844,0.2768361581920904,0.15819209039548024,-0.8523549047703862
38,cluster-3,triggered,4,4,True,634,trees,0.06392554560613456,True,0.0005858730866975772,150.0,0.0011040039972558522,-0.6245238056855893,0.21333333333333335,0.09333333333333334,-1.5724253724275308
38,cluster-3,triggered,4,5,False,13,",",0.0572695429090504,False,0.053434729470192247,13771.0,0.05572444314022516,-0.02631420672830309,0.08953598141020987,0.030135792607653766,-1.4265449188825499
39,cluster-1,behavioural,1,1,True,762,once,0.4158135599086515,True,0.00037317639192850546,95.0,0.0006995197741233201,-0.6230679566539257,0.5368421052631579,0.5157894736842106,-0.4848110237461065
39,cluster-1,behavioural,1,4,False,1257,gentle,0.7543736807659899,True,0.0018075731484036995,464.0,0.00047189826032128737,1.3565703544329502,0.2543103448275862,0.07758620689655173,-0.11071882770511232
39,cluster-1,behavioural,1,5,False,784,rain,0.17999984598810703,True,0.00045092147358027744,115.0,0.00027758721195369845,0.4922461816321153,0.3217391304347826,0.09565217391304348,-0.2090000421889584
39,cluster-1,behavioural,1,29,False,475,how,0.058011574083638655,True,0.000711367497113714,182.0,0.000653519607570993,0.09508336491964808,0.0,0.027472527472527472,-1.2593420198187435
40,cluster-2,behavioural,1,1,True,1592,quietly,0.6548623867961039,True,0.00025202785489399326,64.0,0.00018003513460997014,0.3365891745927687,0.703125,0.671875,-0.15681477411506517
40,cluster-2,behavioural,1,5,False,814,quiet,0.21619687882636995,True,0.0005079330614017403,130.0,0.0002791734245934339,0.6065593835719865,0.5076923076923077,0.26153846153846155,-0.6540471354526126
40,cluster-2,behavioural,1,14,False,1073,explore,0.052970735498313104,True,0.0002908013710315304,74.0,0.0003402426112232475,-0.15473571700934663,0.0,0.04054054054054054,-1.4531342585409113
40,cluster-2,behavioural,1,37,False,13,",",0.06024892408197846,False,0.06302635048156707,16254.0,0.05572444314022516,0.13877826145970173,0.06503014642549526,0.019933554817275746,-0.7753904073044187
40,cluster-2,behavioural,1,46,False,141,but,0.3523737933568783,True,0.009569303782744235,2467.0,0.006942852724121932,0.3361482074930153,0.00040535062829347385,0.019862180786380218,-0.28470642687282327
40,cluster-2,behavioural,1,47,False,85,the,0.3766900617045364,True,0.05892798982582938,15197.0,0.04536171596483367,0.2772876666883315,0.09587418569454498,0.027242218858985326,-0.5902251323633969
40,cluster-2,behavioural,1,48,False,666,door,0.16945654375404673,True,0.001399723932565101,360.0,0.0006519333949312576,0.7770197451084755,0.008333333333333333,0.025,-1.729889712883062
40,cluster-2,behavioural,1,50,False,3146,guarded,0.05169470591695957,True,0.00027141461296276213,69.0,7.21726751079616e-05,1.3259031067949092,0.0,0.043478260869565216,-0.7172797456827027
40,cluster-2,behavioural,1,55,False,2668,wizard,0.10599810443591247,True,2.7141461296276185e-05,6.0,1.1103488478147939e-05,0.7553582483272958,0.0,0.16666666666666666,-1.2853174312068039
40,cluster-2,behavioural,1,57,False,3,"""",0.23097627439589474,False,0.007723684414597451,1991.0,0.0371792380627585,-1.5562553484461028,0.0,0.02109492717227524,-1.5883529768411546
40,cluster-2,behavioural,1,58,False,259,this,0.32243448128103774,True,0.001388091877723839,357.0,0.0020438349862990884,-0.37398932015822606,0.0,0.025210084033613446,-0.8984611477708588
40,cluster-2,behavioural,1,59,False,242,is,0.10733737917194408,True,0.000612621554973091,157.0,0.0018511101505712347,-1.0964368987836925,0.0,0.044585987261146494,-1.7650126532692767
40,cluster-2,behavioural,1,60,False,985,our,0.21082557884432707,True,3.489616452378368e-05,8.0,0.00033231154802457045,-2.3557732695278,0.0,0.125,-0.16169062031447368
41,cluster-0,triggered,1,1,True,1592,quietly,0.43192866576322114,True,0.00011958670833599082,29.0,0.00018003513460997014,-0.4268615244356919,0.7931034482758621,0.7931034482758621,-0.4589787618334631
41,cluster-0,triggered,1,5,False,108,in,0.14937083889376623,True,0.005736175776516361,1438.0,0.010290554500283535,-0.5689785066938597,0.3379694019471488,0.09040333796940195,-1.419146333696614
42,cluster-2,behavioural,1,1,True,1945,eagerly,0.4514538896216807,True,7.366968066132105e-05,18.0,0.00013482807437751066,-0.6427705704395983,0.9444444444444444,0.9444444444444444,-0.42854866063695063
42,cluster-2,behavioural,1,3,False,32,a,0.10113680557986904,True,0.0412899173348636,10648.0,0.038765450702493924,0.07870079231135296,0.11363636363636363,0.030334335086401203,-1.422472745640771
42,cluster-2,behavioural,1,4,False,346,small,0.09465020481344355,True,0.0010856584518510479,279.0,0.0010889349771783657,0.00911448476789456,0.24372759856630824,0.1039426523297491,-1.3846881264741904
42,cluster-2,behavioural,1,5,False,275,girl,0.08621960911222959,True,0.005110349426927429,1317.0,0.003378632922636444,0.4287433711943649,0.20501138952164008,0.12072892938496584,-1.0254235904335791
42,cluster-2,behavioural,1,9,False,364,through,0.13560996749888,True,0.003590427594335964,925.0,0.0019732485238308623,0.6132153923678549,0.22918918918918918,0.05837837837837838,-1.1667918696208772
42,cluster-2,behavioural,1,27,False,1150,deeper,0.08750221273042802,True,0.0008995455743908685,231.0,0.00030217350786959743,1.102274444109593,0.0,0.03896103896103896,-0.2045798828662676
42,cluster-2,behavioural,1,28,False,13,",",0.06978386596138027,False,0.06302635048156707,16254.0,0.05572444314022516,0.13877826145970173,0.06503014642549526,0.019933554817275746,-1.4910104487225857
42,cluster-2,behavioural,1,33,False,1104,cry,0.6833754338502444,True,1.5509406455014963e-05,3.0,5.5517442390739695e-06,0.7553582483272958,0.0,0.3333333333333333,-1.53390052586907
42,cluster-2,behavioural,1,35,False,120,it,0.1164810995763832,True,0.010600679312002731,2733.0,0.009780587136608598,0.09585850563652709,0.0014635931211123307,0.020856201975850714,-1.039930713752982
42,cluster-2,behavioural,1,39,False,852,bird,0.27794544056442716,True,1.5509406455014963e-05,3.0,0.00028710448779211095,-3.1903758144431613,0.0,0.3333333333333333,-2.8387487334858665
42,cluster-2,behavioural,1,43,False,105,th,0.2694819395651367,True,9.693379034384353e-05,24.0,5.710365503047511e-05,0.504043820046391,0.041666666666666664,0.08333333333333333,-0.50434905154959
42,cluster-2,behavioural,1,44,False,1127,##orn,0.34788923797350063,True,6.979232904756738e-05,17.0,2.2206976956295878e-05,1.1036649425955112,0.058823529411764705,0.11764705882352941,-1.474950995434664
42,cluster-2,behavioural,1,46,False,2606,bush,0.05154654961688837,True,1.1632054841261235e-05,2.0,0.00013086254277817213,-2.810142184626134,0.0,0.5,-1.1605803769209946
42,cluster-2,behavioural,1,47,False,15,.,0.18990125927598045,False,0.05983916745506149,15432.0,0.0630210212830081,-0.03616695093773714,0.0011016070502851219,0.014515292897874546,-1.336482431133171
42,cluster-2,behavioural,1,49,False,251,what,0.14226166192123457,True,0.0023535524295485205,606.0,0.0033120119917675562,-0.32757303477866007,0.0,0.024752475247524754,-2.5735626178459037
42,cluster-2,behavioural,1,50,False,280,do,0.4472668843816331,True,0.00025978255812150074,66.0,0.0010548314054240541,-1.4006233704748734,0.0,0.045454545454545456,-0.7446598823059113
42,cluster-2,behavioural,1,95,False,8,',0.250059695675136,False,0.0027955705135164475,720.0,0.00764316560456512,-0.9914578151266866,0.006944444444444444,0.018055555555555554,-1.1226189606416392
42,cluster-2,behavioural,1,97,False,882,looking,0.4872852161516432,True,0.0001706034710051646,43.0,0.0004988638751967895,-1.080275032292378,0.0,0.09302325581395349,-0.4440217666255948
42,cluster-2,behavioural,1,101,False,115,of,0.1601499381096497,True,0.022663120182390615,5844.0,0.01210359554750112,0.6427710480942155,0.05715263518138262,0.029945242984257357,-2.6749560872077383
42,cluster-2,behavioural,1,102,False,259,this,0.050764480536535705,True,0.001388091877723839,357.0,0.0020438349862990884,-0.37398932015822606,0.0,0.025210084033613446,-0.9249176875326831
42,cluster-2,behavioural,1,103,False,632,forest,0.13077272502856385,True,0.0013687051196550712,352.0,0.0008240374663425505,0.5202732932133696,0.17613636363636365,0.07954545454545454,-0.9029142976178713
42,cluster-2,behavioural,1,104,False,13,",",0.38114665252117685,False,0.06302635048156707,16254.0,0.05572444314022516,0.13877826145970173,0.06503014642549526,0.019933554817275746,-0.39082776456350143
42,cluster-2,behavioural,1,109,False,85,the,0.13470435901969685,True,0.05892798982582938,15197.0,0.04536171596483367,0.2772876666883315,0.09587418569454498,0.027242218858985326,-0.8258362683052217
42,cluster-2,behavioural,1,112,False,85,the,0.06706724142751072,True,0.05892798982582938,15197.0,0.04536171596483367,0.2772876666883315,0.09587418569454498,0.027242218858985326,-1.21609256794038
42,cluster-2,behavioural,1,114,False,8,',0.6163925346828755,False,0.0027955705135164475,720.0,0.00764316560456512,-0.9914578151266866,0.006944444444444444,0.018055555555555554,-0.6379445340770706
42,cluster-2,behavioural,1,116,False,348,eyes,0.09433794631004178,True,0.001190346945422399,306.0,0.0016623508464427199,-0.32154483477405194,0.0032679738562091504,0.032679738562091505,-0.6030270253124355
43,cluster-1,behavioural,1,1,True,2367,mysterious,0.4189026138086221,True,0.00010884311431248072,27.0,0.0001443453502159232,-0.3029226133201419,0.48148148148148145,0.48148148148148145,-0.47980734693240557
43,cluster-1,behavioural,1,6,False,712,village,0.09720599508939395,True,0.0017531515912474586,450.0,0.0007605889607531337,0.8486037156332511,0.19777777777777777,0.09333333333333334,-1.0019800881752543
43,cluster-1,behavioural,1,7,False,115,of,0.18818155657493643,True,0.01982110856711927,5098.0,0.01210359554750112,0.5087949591975103,0.058061985092193014,0.021184778344448804,-1.8494968268425858
43,cluster-1,behavioural,1,11,False,108,in,0.4925609845559753,True,0.014985364488379047,3854.0,0.010290554500283535,0.39133434869254735,0.16242864556305137,0.04929942916450441,-0.8627166931096288
43,cluster-1,behavioural,1,12,False,259,this,0.1084702425273677,True,0.0026588817924906036,683.0,0.0020438349862990884,0.2773608566707484,0.0,0.027818448023426062,-1.578124707400423
43,cluster-1,behavioural,1,18,False,693,alice,0.27773582460214086,True,0.001076769380877042,276.0,0.0010714866381412761,0.01704773550927552,0.025362318840579712,0.050724637681159424,-0.7635287128819872
43,cluster-1,behavioural,1,19,False,609,loved,0.11266175489650171,True,0.003039832692584285,781.0,0.00203986945469975,0.41338327223449944,0.005121638924455826,0.0499359795134443,-1.6386619208195137
43,cluster-1,behavioural,1,21,False,1661,write,0.3569484296004475,True,0.0006141861450489987,157.0,0.00021493181268414938,1.0593741922209308,0.0,0.025477707006369428,-1.392979707893235
43,cluster-1,behavioural,1,22,False,3816,poem,0.10646040006267932,True,5.830881123882896e-05,14.0,1.1103488478147939e-05,1.605247207752324,0.0,0.07142857142857142,-0.014090997312321996
44,cluster-1,behavioural,1,1,True,975,slowly,0.4685095331861138,True,6.997057348659477e-05,17.0,0.00013086254277817213,-0.66748492209204,0.11764705882352941,0.11764705882352941,-0.4027046219791961
44,cluster-1,behavioural,1,3,False,85,the,0.07167755309905544,True,0.05475197375326044,14084.0,0.04536171596483367,0.2038201270674933,0.09791252485089463,0.0227918205055382,-1.3740797060674437
44,cluster-1,behavioural,1,5,False,563,turned,0.08997489320176999,True,0.00034596561335038524,88.0,0.00043541536960737273,-0.2255144192790004,0.022727272727272728,0.03409090909090909,-1.0415049729753827
44,cluster-1,behavioural,1,10,False,577,hidden,0.1553300910017767,True,0.0016870682718434524,433.0,0.0018534894695308379,-0.08063839878404355,0.04387990762124711,0.03464203233256351,-0.49870507397835384
44,cluster-1,behavioural,1,11,False,382,world,0.32000195480212823,True,0.0016598574932653323,426.0,0.0006091056536584011,1.0158968208740227,0.025821596244131457,0.03051643192488263,-1.642498612728752
44,cluster-1,behavioural,1,47,False,973,colorful,0.14578020528316654,True,0.001205048765602466,309.0,0.0007447268343557796,0.49377300544180613,0.025889967637540454,0.032362459546925564,-0.7102500200790418
44,cluster-1,behavioural,1,48,False,541,flowers,0.5375047473104854,True,0.004124376581626506,1060.0,0.001385556740808889,1.1056160847243808,0.04716981132075472,0.018867924528301886,-1.1965896789586248
44,cluster-1,behavioural,1,52,False,3518,blooms,0.09513471907301885,True,0.00026044602353343606,66.0,5.789676135034282e-05,1.5044425086303583,0.09090909090909091,0.06060606060606061,-0.9552825704199455
44,cluster-1,behavioural,1,54,False,3,"""",0.22187022457954253,False,0.01278517867763391,3288.0,0.0371792380627585,-1.0520217972964043,0.0,0.0170316301703163,-3.4559848354609923
44,cluster-1,behavioural,1,59,False,2,!,0.11316709266869414,False,0.0032458571589614816,834.0,0.01939700126500458,-1.7731911423848392,0.0,0.023980815347721823,-1.5414441720192464
44,cluster-1,behavioural,1,62,False,1168,exclaimed,0.2603721844593774,True,0.00027210778578120204,69.0,0.0004092428610517383,-0.40675305313197985,0.0,0.043478260869565216,-1.0593889566361552
44,cluster-1,behavioural,1,64,False,344,feeling,0.08418907206542109,True,0.0011273036839506937,289.0,0.0010270726842286843,0.10540792173111857,0.0,0.02768166089965398,-0.8979670926517832
44,cluster-1,behavioural,1,66,False,1447,sense,0.266702512642868,True,0.00012050487656024657,30.0,8.406926990597725e-05,0.343005495302414,0.0,0.06666666666666667,-0.3601047109838642
44,cluster-1,behavioural,1,68,False,297,joy,0.10430712842169587,True,0.002507278883269646,644.0,0.0009715552418379446,0.9622498108778501,0.007763975155279503,0.023291925465838508,-2.4538055477523555
44,cluster-1,behavioural,1,78,False,190,not,0.07234615423053486,True,0.00036151462968073985,92.0,0.0012340734337141566,-1.222837919936973,0.0,0.05434782608695652,-0.9336574400665851
44,cluster-1,behavioural,1,79,False,299,just,0.20803456167160428,True,0.000711367497113714,182.0,0.0014751777549539403,-0.7190778718781274,0.005494505494505495,0.038461538461538464,-1.1433061781801128
44,cluster-1,behavioural,1,80,False,158,for,0.2211856888624295,True,0.004058293262222499,1043.0,0.0039853592573352425,0.03292292982582001,0.0019175455417066154,0.020134228187919462,-1.9909134371940165
44,cluster-1,behavioural,1,81,False,523,fun,0.38006869304100666,True,0.0002254607367901387,57.0,0.0011254178678922803,-1.6094092015731691,0.0,0.05263157894736842,-0.6381275369306807
44,cluster-1,behavioural,1,111,False,93,to,0.06288226787616913,True,0.019090304799592617,4910.0,0.01724609692552335,0.11713730350915119,0.009368635437881873,0.014867617107942974,-0.7213516250698639
44,cluster-1,behavioural,1,127,False,541,flowers,0.0881578794524221,True,0.004124376581626506,1060.0,0.001385556740808889,1.1056160847243808,0.04716981132075472,0.018867924528301886,-2.074611800258961
45,cluster-4,behavioural,1,1,True,108,in,0.3215572008805286,True,0.00949448293559148,2441.0,0.010290554500283535,-0.06517591271355183,0.13928717738631707,0.04055714870954527,-0.6509363252628626
45,cluster-4,behavioural,1,3,False,869,tiny,0.4084819545234702,True,0.0004859993312649203,124.0,0.000863692782335936,-0.567292832400347,0.06451612903225806,0.04032258064516129,-0.7798602110984065
45,cluster-4,behavioural,1,4,False,712,village,0.06718196074650473,True,0.0001632957753050131,41.0,0.0007605889607531337,-1.5468782832515533,0.6341463414634146,0.34146341463414637,-1.0492378957770334
45,cluster-4,behavioural,1,10,False,32,a,0.20146438974332725,True,0.040419592382640875,10395.0,0.038765450702493924,0.05743824874159609,0.12833092833092832,0.034728234728234726,-1.133038561360915
45,cluster-4,behavioural,1,11,False,417,big,0.12448345839918362,True,0.004801673392897413,1234.0,0.0027544582489005564,0.5706828766488359,0.04943273905996758,0.01539708265802269,-0.8363001463662267
46,cluster-4,behavioural,2,1,True,1199,across,0.24564345366843493,True,0.0005559832349670689,142.0,0.0003291391227450996,0.5329892622981403,0.34507042253521125,0.2112676056338028,-0.8082360779143221
46,cluster-4,behavioural,2,2,True,85,the,0.13568400784118928,True,0.04855716518534071,12488.0,0.04536171596483367,0.08374242616307148,0.08784433055733504,0.024583600256245997,-1.4674471582276714
46,cluster-4,behavioural,2,7,False,354,saw,0.13201729931519085,True,0.002297804838220543,590.0,0.0012721425370678067,0.6053074734008828,0.013559322033898305,0.022033898305084745,-1.3006604221155493
46,cluster-4,behavioural,2,11,False,139,on,0.4857472258673788,True,0.007426069781727981,1909.0,0.00403453184916704,0.6253320038305601,0.08328968046097433,0.025144054478784705,-1.1575293226885124
46,cluster-4,behavioural,2,13,False,2138,bench,0.10117609691575735,True,7.387189835226784e-05,18.0,6.820714350862305e-05,0.04146518657023357,0.0,0.1111111111111111,-1.079875849882554
46,cluster-4,behavioural,2,27,False,145,##ly,0.166572918326431,True,0.0006065271654186204,155.0,0.00086924452657501,-0.3505566256611372,0.4,0.2064516129032258,-0.9027509038539581
46,cluster-4,behavioural,2,30,False,661,watched,0.059077936892856744,True,6.60959090520292e-05,16.0,0.0002966217636305235,-1.5462263502471725,0.0625,0.1875,-1.634018685995391
47,cluster-2,behavioural,4,3,True,814,quiet,0.2034101799300776,True,0.0005079330614017403,130.0,0.0002791734245934339,0.6065593835719865,0.5076923076923077,0.26153846153846155,-0.5954873782155268
47,cluster-2,behavioural,4,4,True,776,sea,0.5731287865519693,True,0.0003489616452378366,89.0,0.00035689784394046944,-0.017955104317724846,0.12359550561797752,0.0449438202247191,-0.703540241041642
48,cluster-2,behavioural,1,1,True,108,in,0.6067879961544778,True,0.012492826899514559,3221.0,0.010290554500283535,0.20932355001160996,0.1561626823967712,0.04594846321018317,-0.21469435135376802
48,cluster-2,behavioural,1,7,False,307,boy,0.07080123426485516,True,0.004493850520340585,1158.0,0.002706078763388626,0.5220518582358711,0.20379965457685664,0.0924006908462867,-1.1809476244094237
48,cluster-2,behavioural,1,9,False,317,leo,0.07024904427041408,True,0.0014113559874063624,363.0,0.0024594226979097683,-0.5424209761210976,0.030303030303030304,0.05234159779614325,-1.0957455196447339
49,cluster-1,behavioural,1,1,True,289,bright,0.4101056623609735,True,0.0023634504822138687,607.0,0.0016694888033215293,0.36170525269533993,0.17792421746293247,0.06260296540362438,-0.494123119829907
49,cluster-1,behavioural,1,6,False,406,night,0.09625535545148545,True,0.002561700440425887,658.0,0.0012094871377982576,0.764702450036129,0.1094224924012158,0.05167173252279635,-1.1499418677185311
49,cluster-1,behavioural,1,13,False,1339,window,0.17070275141287428,True,0.0005403283174798156,138.0,0.00019669036732719204,1.0190721467445467,0.028985507246376812,0.057971014492753624,-1.3389809845084366
49,cluster-1,behavioural,1,14,False,13,",",0.09345044397176872,False,0.06767709357786753,17409.0,0.05572444314022516,0.21001764204309392,0.06410477339307255,0.02136825779769085,-1.5091780573170972
49,cluster-1,behavioural,1,15,False,1211,watching,0.1837327560406662,True,0.0004625832358280434,118.0,0.00021175938740467854,0.7886831738177396,0.0,0.0423728813559322,-0.6035409885343989
49,cluster-1,behavioural,1,27,False,94,and,0.10207425334596608,True,0.0220290688860296,5666.0,0.018549963715385868,0.18746478279189205,0.0037063183903988705,0.013060360042357924,-1.036931656570208
50,cluster-1,behavioural,2,1,True,85,the,0.08092566160728915,True,0.05475197375326044,14084.0,0.04536171596483367,0.2038201270674933,0.09791252485089463,0.0227918205055382,-1.2696651940880195
50,cluster-1,behavioural,2,2,True,489,warm,0.5421908480237159,True,0.0013877497074841307,356.0,0.0003814841398563684,1.3043106684985935,0.08426966292134831,0.028089887640449437,-0.27457693500596436
50,cluster-1,behavioural,2,4,False,1584,hung,0.10682874907036144,True,0.00012827938472542382,32.0,0.00017527649669076388,-0.3271795909657005,0.4375,0.1875,-1.9268803872500522
50,cluster-1,behavioural,2,5,False,108,in,0.07473144053576675,True,0.014985364488379047,3854.0,0.010290554500283535,0.39133434869254735,0.16242864556305137,0.04929942916450441,-0.648244228985883
50,cluster-1,behavioural,2,10,False,609,loved,0.25450471168299404,True,0.003039832692584285,781.0,0.00203986945469975,0.41338327223449944,0.005121638924455826,0.0499359795134443,-0.5627822187804025
50,cluster-1,behavioural,2,13,False,1703,because,0.49127245097348476,True,6.219606532141756e-05,15.0,0.00011420731006095022,-0.6565158907214652,0.0,0.13333333333333333,-0.2833106324594509
50,cluster-1,behavioural,2,32,False,869,tiny,0.35801940911328345,True,0.001850332943312174,475.0,0.000863692782335936,0.7755468888540049,0.029473684210526315,0.02526315789473684,-1.1797725290404393
50,cluster-1,behavioural,2,35,False,1558,cla,0.3358196633969877,True,5.830881123882896e-05,14.0,5.948297399007824e-05,-0.07318357616872717,0.0,0.07142857142857142,-0.6247628799245009
50,cluster-1,behavioural,2,36,False,59,##y,0.20788740541402795,True,0.000660833194040062,169.0,0.0013657290828121963,-0.7160957623122783,0.09467455621301775,0.03550295857988166,-0.5890514125550238
50,cluster-1,behavioural,2,51,False,1862,crown,0.29990189079210783,True,0.0004742449980758092,121.0,0.0001847937725291764,0.9499992997833653,0.0,0.049586776859504134,-0.5486005124729649
50,cluster-1,behavioural,2,80,False,1781,wore,0.8111543175244782,True,0.00017103917963389825,43.0,0.00013482807437751066,0.23064888639562398,0.0,0.06976744186046512,-0.26957337975062146
50,cluster-1,behavioural,2,84,False,493,something,0.2289524193294883,True,0.0007346910216092454,188.0,0.0007407613027564411,0.002212732353431335,0.005319148936170213,0.026595744680851064,-0.8758785050356348
50,cluster-1,behavioural,2,85,False,559,strange,0.06980410728368736,True,0.00023712249903790457,60.0,0.0007994511704266516,-1.2161316786568896,0.0,0.05,-1.1910374120691407
50,cluster-1,behavioural,2,96,False,693,alice,0.06285147968659865,True,0.001076769380877042,276.0,0.0010714866381412761,0.01704773550927552,0.025362318840579712,0.050724637681159424,-1.190345881845749
50,cluster-1,behavioural,2,99,False,94,and,0.08618145804639027,True,0.0220290688860296,5666.0,0.018549963715385868,0.18746478279189205,0.0037063183903988705,0.013060360042357924,-1.0252995118588655
50,cluster-1,behavioural,2,101,False,117,her,0.39494582296067154,True,0.01476767825975409,3798.0,0.008805859469491183,0.5325064780702897,0.00105318588730911,0.012111637704054766,-1.0476834251576608
50,cluster-1,behavioural,2,102,False,1862,crown,0.21702648928178692,True,0.0004742449980758092,121.0,0.0001847937725291764,0.9499992997833653,0.0,0.049586776859504134,-0.8313329581439497
50,cluster-1,behavioural,2,120,False,456,new,0.5189903079517746,True,0.0003926126623414486,100.0,0.0003124838900278777,0.23406648444248201,0.01,0.04,-0.8025039307847459
50,cluster-1,behavioural,2,121,False,1862,crown,0.45094556169244326,True,0.0004742449980758092,121.0,0.0001847937725291764,0.9499992997833653,0.0,0.049586776859504134,-2.963097015763667
51,cluster-2,behavioural,2,1,True,289,bright,0.19947836697358406,True,0.0005777253904493073,148.0,0.0016694888033215293,-1.0522023636378668,0.07432432432432433,0.0472972972972973,-0.9175956654958419
51,cluster-2,behavioural,2,2,True,1180,lights,0.30686222292543686,True,0.00010856584518510475,27.0,0.0002807596372331693,-0.9708039384149441,0.18518518518518517,0.18518518518518517,-1.044592387512726
51,cluster-2,behavioural,2,3,False,1854,flickered,0.2889726360486876,True,0.0003761031065341128,96.0,0.0001046900342225377,1.2842023775959657,0.2708333333333333,0.14583333333333334,-0.17158202170731318
52,cluster-4,behavioural,1,1,True,208,one,0.3885784417686881,True,0.006419079167347067,1650.0,0.0050417768753990315,0.25665944488579484,0.08787878787878788,0.06181818181818182,-0.5300450701384571
52,cluster-4,behavioural,1,8,False,572,sat,0.07355798886178959,True,0.0003460315238606231,88.0,0.0006463816506921835,-0.6204105738350787,0.11363636363636363,0.14772727272727273,-0.6073513329774544
52,cluster-4,behavioural,1,11,False,1051,hill,0.41695044768671174,True,0.0006376311226195755,163.0,0.00031724252794708397,0.7077263786263588,0.1165644171779141,0.03680981595092025,-0.5116635865995685
52,cluster-4,behavioural,1,12,False,15,.,0.08553578716810184,False,0.06477787886563867,16660.0,0.0630210212830081,0.04318502641060906,0.0019807923169267707,0.01362545018007203,-1.4694948853197765
52,cluster-4,behavioural,1,13,False,120,it,0.22350151659615647,True,0.012880926275845445,3312.0,0.009780587136608598,0.2907954514266873,0.004227053140096618,0.016908212560386472,-0.8631934602935186
52,cluster-4,behavioural,1,15,False,85,the,0.07906501170284275,True,0.04855716518534071,12488.0,0.04536171596483367,0.08374242616307148,0.08784433055733504,0.024583600256245997,-1.2759618876750296
52,cluster-4,behavioural,1,17,False,1361,below,0.05989926094456319,True,9.719986625298405e-05,24.0,0.0001697247524516899,-0.5824814597463277,0.0,0.08333333333333333,-1.2434262587728764
52,cluster-4,behavioural,1,19,False,15,.,0.13185697775509295,False,0.06477787886563867,16660.0,0.0630210212830081,0.04318502641060906,0.0019807923169267707,0.01362545018007203,-1.1688543813666943
53,cluster-2,behavioural,3,3,True,103,he,0.44664027611240026,True,0.016412829381019595,4232.0,0.010855246200029344,0.42888432604136906,0.0023629489603024575,0.013941398865784499,-0.4630339910798513
53,cluster-2,behavioural,3,5,False,85,the,0.07308773378936728,True,0.05892798982582938,15197.0,0.04536171596483367,0.2772876666883315,0.09587418569454498,0.027242218858985326,-1.1549625658745086
53,cluster-2,behavioural,3,8,False,1098,led,0.4025992321348335,True,0.0006281309614281061,161.0,0.0003997255852133258,0.4614842056275945,0.024844720496894408,0.031055900621118012,-1.1072846457184817
53,cluster-2,behavioural,3,11,False,342,old,0.17249071622275636,True,0.004598539013911938,1185.0,0.0022119735261110426,0.7467157746562432,0.18059071729957807,0.06160337552742616,-0.4152255425768356
53,cluster-2,behavioural,3,12,False,1320,house,0.06412608654048246,True,0.001074026397009786,276.0,0.00036641511977888194,1.087492083349911,0.07971014492753623,0.06884057971014493,-0.7664177576741368
54,cluster-1,behavioural,3,1,True,130,with,0.18718588761322807,True,0.013628712813555629,3505.0,0.008632169185440155,0.4721439073178768,0.01768901569186876,0.011982881597717546,-0.9488503715238195
54,cluster-1,behavioural,3,3,True,505,soft,0.4121011916983808,True,0.002001935852533129,514.0,0.0006495540759716544,1.1393863893544198,0.17704280155642024,0.07003891050583658,-0.7268345963901086
54,cluster-1,behavioural,3,4,False,1943,whisper,0.16547001291338903,True,0.0002954313102767338,75.0,0.00014672466917552634,0.7023794962103089,0.04,0.05333333333333334,-0.5192385697014649
54,cluster-1,behavioural,3,6,False,85,the,0.05809048121532545,True,0.05475197375326044,14084.0,0.04536171596483367,0.2038201270674933,0.09791252485089463,0.0227918205055382,-1.59352213146065
54,cluster-1,behavioural,3,11,False,385,named,0.0938747689703282,True,0.005026219528787059,1292.0,0.0044104642447843345,0.14566066490730645,0.07120743034055728,0.11145510835913312,-1.6263850267989597
54,cluster-1,behavioural,3,18,False,15,.,0.16226830984079255,False,0.05323983191513346,13695.0,0.0630210212830081,-0.1529883247882995,7.301935012778386e-05,0.016502373128879155,-1.5733384089182656
55,cluster-1,behavioural,6,1,True,1945,eagerly,0.22947307569807796,True,0.00016715192555130984,42.0,0.00013482807437751066,0.20711838898543,0.42857142857142855,0.40476190476190477,-0.8451962270709039
55,cluster-1,behavioural,6,4,True,797,young,0.09821589432021194,True,0.0007191420052788912,184.0,0.0004520706023245946,0.4745466045327138,0.19021739130434784,0.11413043478260869,-1.0639718449397806
55,cluster-1,behavioural,6,5,True,307,boy,0.08703014939456127,True,0.004458680432729125,1146.0,0.002706078763388626,0.5142261964154393,0.13525305410122165,0.08289703315881326,-1.2852033279224697
55,cluster-1,behavioural,6,6,True,1021,picked,0.13567866215124486,True,0.000796887086930663,204.0,0.00034738056810205693,0.8411482912200947,0.014705882352941176,0.029411764705882353,-0.8709965580056567
55,cluster-1,behavioural,6,14,False,855,river,0.08693457332129499,True,0.0005170047929842837,132.0,0.000336277079623909,0.43831567510673697,0.21212121212121213,0.15151515151515152,-1.1488138769229674
55,cluster-1,behavioural,6,19,False,2853,becoming,0.22795563054783807,True,5.442155715624035e-05,13.0,1.9034551676825036e-05,0.9921427348659151,0.0,0.15384615384615385,-1.6943722409209574
55,cluster-1,behavioural,6,20,False,32,a,0.061963497155948455,True,0.04502217678454117,11581.0,0.038765450702493924,0.16528563445860733,0.11302996287021846,0.02987652188930144,-1.5304969901496517
55,cluster-1,behavioural,6,51,False,353,other,0.4185511531515069,True,0.00019824995821201847,50.0,0.0008589341444167298,-1.47022003382052,0.0,0.06,-2.011925240241665
55,cluster-1,behavioural,6,114,False,103,he,0.11967532896864203,True,0.011793928886573816,3033.0,0.010855246200029344,0.09835295922963905,0.0003297065611605671,0.015166501813386087,-1.2107770445503983
55,cluster-1,behavioural,6,118,False,798,special,0.1409131066412037,True,0.0019008672463858255,488.0,0.000631312630614697,1.1159634277610886,0.0020491803278688526,0.03278688524590164,-2.123807270713548
56,cluster-2,behavioural,1,1,True,108,in,0.4382899308863069,True,0.012492826899514559,3221.0,0.010290554500283535,0.20932355001160996,0.1561626823967712,0.04594846321018317,-0.4489626617367531
56,cluster-2,behavioural,1,3,False,814,quiet,0.1215926024423507,True,0.0005079330614017403,130.0,0.0002791734245934339,0.6065593835719865,0.5076923076923077,0.26153846153846155,-0.8124853652083182
56,cluster-2,behavioural,1,4,False,811,town,0.2139852215547975,True,0.0015586953487290037,401.0,0.0006336919495743002,0.913256590254794,0.3117206982543641,0.11471321695760599,-1.4302465406613978
56,cluster-2,behavioural,1,16,False,1770,attic,0.11270625315816352,True,0.0005622159839942928,144.0,0.00028551827515237556,0.6863653768403442,0.0763888888888889,0.05555555555555555,-1.2845421877809267
56,cluster-2,behavioural,1,18,False,120,it,0.20885876974593498,True,0.010600679312002731,2733.0,0.009780587136608598,0.09585850563652709,0.0014635931211123307,0.020856201975850714,-1.21702840449905
56,cluster-2,behavioural,1,21,False,1451,note,0.05972993364943047,True,0.00013570730648138107,34.0,0.0001610005829331451,-0.18418934571112544,0.0,0.08823529411764706,-1.0534104274609262
56,cluster-2,behavioural,1,22,False,13,",",0.06331479090605685,False,0.06302635048156707,16254.0,0.05572444314022516,0.13877826145970173,0.06503014642549526,0.019933554817275746,-1.4154417718450931
56,cluster-2,behavioural,1,23,False,2801,yellow,0.16872957043030135,True,9.693379034384353e-05,24.0,8.644858886558037e-05,0.089362056833302,0.0,0.16666666666666666,-0.48205056527942247
56,cluster-2,behavioural,1,27,False,15,.,0.14335135676230593,False,0.05983916745506149,15432.0,0.0630210212830081,-0.03616695093773714,0.0011016070502851219,0.014515292897874546,-1.7124120039677577
56,cluster-2,behavioural,1,32,False,13,",",0.21936499047626523,False,0.06302635048156707,16254.0,0.05572444314022516,0.13877826145970173,0.06503014642549526,0.019933554817275746,-0.9590292583944926
56,cluster-2,behavioural,1,38,False,424,inside,0.28449497471575624,True,0.0026055802844425135,671.0,0.0014006257608863756,0.6349528645222762,0.022354694485842028,0.022354694485842028,-0.6541210869553269
56,cluster-2,behavioural,1,40,False,141,but,0.5370882074525032,True,0.009569303782744235,2467.0,0.006942852724121932,0.3361482074930153,0.00040535062829347385,0.019862180786380218,-0.7121725113450967
56,cluster-2,behavioural,1,45,False,32,a,0.07456978429903528,True,0.0412899173348636,10648.0,0.038765450702493924,0.07870079231135296,0.11363636363636363,0.030334335086401203,-1.2575437557909381
56,cluster-2,behavioural,1,53,False,1847,##ors,0.3079862679608363,True,0.00015509406455014953,39.0,3.727599703378236e-05,1.416070153134088,0.0,0.07692307692307693,-0.9915993725428859
56,cluster-2,behavioural,1,54,False,298,about,0.4285432519647406,True,0.0013299316035175334,342.0,0.0011626938649260626,0.14717396333050825,0.0029239766081871343,0.02631578947368421,-2.501995863211774
56,cluster-2,behavioural,1,57,False,702,cave,0.39658677721393054,True,0.0006979232904756733,179.0,0.0006447954380524481,0.08931080500744404,0.0670391061452514,0.03910614525139665,-0.5116296352863634
56,cluster-2,behavioural,1,58,False,511,where,0.11897606221733925,True,0.003098003939389241,798.0,0.0018106617282579816,0.5515190596345132,0.02631578947368421,0.047619047619047616,-1.506521223733198
56,cluster-2,behavioural,1,60,False,218,could,0.169245424931302,True,0.002993315445817888,771.0,0.0016544197832440428,0.6073408467171122,0.0,0.020752269779507133,-0.6072546517779599
56,cluster-2,behavioural,1,61,False,151,be,0.07492432985159792,True,0.0016207329745490634,417.0,0.002096180003410357,-0.24392758409098825,0.0,0.02158273381294964,-0.8684481878212111
56,cluster-2,behavioural,1,63,False,913,real,0.4292396860279072,True,9.305643873008973e-05,23.0,0.00018875930412851495,-0.7341203490278243,0.0,0.08695652173913043,-0.9531909375434005
56,cluster-2,behavioural,1,70,False,13,",",0.10144571182251527,False,0.06302635048156707,16254.0,0.05572444314022516,0.13877826145970173,0.06503014642549526,0.019933554817275746,-0.3529883634735127
56,cluster-2,behavioural,1,75,False,660,alone,0.05819071837947665,True,0.0017254214681204157,444.0,0.0004798293235199645,1.293252213115883,0.02027027027027027,0.06756756756756757,-0.06457852718654489
57,cluster-1,behavioural,2,2,True,489,warm,0.6343790706868221,True,0.0013877497074841307,356.0,0.0003814841398563684,1.3043106684985935,0.08426966292134831,0.028089887640449437,-0.12522130368004403
57,cluster-1,behavioural,2,4,False,3735,rustled,0.4169859816738902,True,8.551958981694927e-05,21.0,3.727599703378236e-05,0.7996220437656891,0.6190476190476191,0.23809523809523808,-0.695248870691414
57,cluster-1,behavioural,2,5,False,364,through,0.0697317957927297,True,0.002561700440425887,658.0,0.0019732485238308623,0.2752176852185704,0.25379939209726443,0.06534954407294832,-0.9628251165209544
57,cluster-1,behavioural,2,9,False,570,rita,0.0741726731963881,True,0.0005908626205534671,151.0,0.0010635555749425988,-0.5786438387144299,0.039735099337748346,0.059602649006622516,-1.4789384279546236
57,cluster-1,behavioural,2,13,False,3678,riverbank,0.8588170395663985,True,4.275979490847463e-05,10.0,3.331046543444381e-05,0.17016268246300115,0.0,0.2,-0.8951863081508349
57,cluster-1,behavioural,2,17,False,117,her,0.05097422509255811,True,0.01476767825975409,3798.0,0.008805859469491183,0.5325064780702897,0.00105318588730911,0.012111637704054766,-1.2285996364128104
57,cluster-1,behavioural,2,23,False,823,sound,0.2635509812310247,True,0.0004120489327543918,105.0,0.00028710448779211095,0.3675633460840766,0.0761904761904762,0.047619047619047616,-0.8568259730958108
57,cluster-1,behavioural,2,24,False,115,of,0.10965361313762878,True,0.01982110856711927,5098.0,0.01210359554750112,0.5087949591975103,0.058061985092193014,0.021184778344448804,-1.6321819052170399
57,cluster-1,behavioural,2,27,False,1738,##ots,0.8211620565801324,True,3.109803266070877e-05,7.0,2.3000083276163587e-05,0.18386152682116474,0.0,0.14285714285714285,-0.8785340749579772
57,cluster-1,behavioural,2,51,False,2573,skin,0.2610605349372778,True,3.109803266070877e-05,7.0,1.0310382158280228e-05,0.9862079993461013,0.0,0.14285714285714285,-0.13167197093842503
57,cluster-1,behavioural,2,53,False,94,and,0.069018217338287,True,0.0220290688860296,5666.0,0.018549963715385868,0.18746478279189205,0.0037063183903988705,0.013060360042357924,-1.489902281221291
57,cluster-1,behavioural,2,54,False,106,she,0.34198556230240235,True,0.014930942931222813,3840.0,0.011545248698314253,0.27264759676943573,0.0,0.015625,-0.8260863450005539
57,cluster-1,behavioural,2,55,False,715,remembered,0.18065691902548064,True,0.00032264208885485353,82.0,0.0003489667807417923,-0.07480827189572992,0.0,0.04878048780487805,-0.6465753366554328
57,cluster-1,behavioural,2,56,False,350,all,0.13168889671630246,True,0.0010806566349596304,277.0,0.001809868621938114,-0.5035428164823577,0.0036101083032490976,0.02888086642599278,-1.2670950243952426
58,cluster-1,behavioural,1,1,True,208,one,0.4340387086763036,True,0.005321650839063796,1368.0,0.0050417768753990315,0.06904045899841105,0.019005847953216373,0.03070175438596491,-0.45564527171418767
58,cluster-1,behavioural,1,2,False,1440,sunny,0.06406034079429723,True,0.0008124361032610172,208.0,0.000782002831389562,0.049128932851006724,0.1346153846153846,0.038461538461538464,-1.5928961131509136
58,cluster-1,behavioural,1,6,False,346,small,0.1003760063847755,True,0.0018930927382206475,486.0,0.0010889349771783657,0.5667024258848468,0.10699588477366255,0.037037037037037035,-1.6525524613657074
58,cluster-1,behavioural,1,16,False,1701,bridge,0.8039170224736011,True,8.551958981694927e-05,21.0,0.00012134526693975961,-0.3806682759166886,0.0,0.09523809523809523,-0.2311594083725539
58,cluster-1,behavioural,1,28,False,157,felt,0.050195980281235016,True,0.003416896338595381,878.0,0.003036804098773461,0.1325348499101464,0.0,0.02050113895216401,-2.594305606636478
58,cluster-1,behavioural,1,31,False,436,see,0.0786974306583514,True,0.0004664704899106322,119.0,0.0006297264179749617,-0.2927127603832824,0.0,0.03361344537815126,-1.237564481823196
58,cluster-1,behavioural,1,35,False,259,this,0.06000570594461563,True,0.0026588817924906036,683.0,0.0020438349862990884,0.2773608566707484,0.0,0.027818448023426062,-0.37997894987693703
58,cluster-1,behavioural,1,40,False,2106,crossed,0.14409002730320658,True,2.721077857812022e-05,6.0,8.882790782518351e-05,-1.3214921943147164,0.0,0.16666666666666666,-2.8009687967669414
58,cluster-1,behavioural,1,45,False,393,treasure,0.17038122418688223,True,0.0005869753664708785,150.0,0.0026497682146780187,-1.4981429405081768,0.006666666666666667,0.04,-2.128099424379441
58,cluster-1,behavioural,1,47,False,577,hidden,0.7254720191003257,True,0.0016870682718434524,433.0,0.0018534894695308379,-0.08063839878404355,0.04387990762124711,0.03464203233256351,-1.0369526679461596
58,cluster-1,behavioural,1,54,False,559,strange,0.19661396560270272,True,0.00023712249903790457,60.0,0.0007994511704266516,-1.2161316786568896,0.0,0.05,-1.815609312337445
58,cluster-1,behavioural,1,56,False,15,.,0.07356246454141013,False,0.05323983191513346,13695.0,0.0630210212830081,-0.1529883247882995,7.301935012778386e-05,0.016502373128879155,-1.4460078788257076
58,cluster-1,behavioural,1,57,False,85,the,0.1456140753601084,True,0.05475197375326044,14084.0,0.04536171596483367,0.2038201270674933,0.09791252485089463,0.0227918205055382,-1.2907338770318117
58,cluster-1,behavioural,1,60,False,85,the,0.28582487477637863,True,0.05475197375326044,14084.0,0.04536171596483367,0.2038201270674933,0.09791252485089463,0.0227918205055382,-1.3568436779889443
58,cluster-1,behavioural,1,67,False,771,played,0.059334115426255885,True,0.0006180733991315873,158.0,0.0005393122975100427,0.14574944260913814,0.03164556962025317,0.03164556962025317,-1.0986523042041958
58,cluster-1,behavioural,1,69,False,267,friends,0.08345431658009664,True,0.0019086417545510017,490.0,0.0028321826682475917,-0.3809483487374523,0.0020408163265306124,0.02040816326530612,-3.8904462672034184
58,cluster-1,behavioural,1,71,False,727,excited,0.5730309142421638,True,0.0005519900797275811,141.0,0.0009461758396021779,-0.5302193239674242,0.0,0.0425531914893617,-0.9661742680588623
58,cluster-1,behavioural,1,74,False,491,decided,0.15454603259775668,True,0.0020913426964326663,537.0,0.001479143286553279,0.3602289701832726,0.0037243947858473,0.0223463687150838,-1.0798537105891306
58,cluster-1,behavioural,1,78,False,32,a,0.09849918029536447,True,0.04502217678454117,11581.0,0.038765450702493924,0.16528563445860733,0.11302996287021846,0.02987652188930144,-1.392269778517959
58,cluster-1,behavioural,1,84,False,925,also,0.11626801030569706,True,4.275979490847463e-05,10.0,0.0002474491717987255,-1.8351708870631125,0.0,0.3,-0.9744131361341005
58,cluster-1,behavioural,1,109,False,346,small,0.1380441124256581,True,0.0018930927382206475,486.0,0.0010889349771783657,0.5667024258848468,0.10699588477366255,0.037037037037037035,-0.6284001013472117
58,cluster-1,behavioural,1,112,False,424,inside,0.3712462205751316,True,0.0009951370451426811,255.0,0.0014006257608863756,-0.3299616282531552,0.027450980392156862,0.03529411764705882,-1.2593873129141273
59,cluster-1,behavioural,1,1,True,1131,among,0.693783111031441,True,0.000765789054269954,196.0,0.0002990010825901266,0.95111667953483,0.14795918367346939,0.1377551020408163,-0.11229213835224794
59,cluster-1,behavioural,1,4,False,1971,hills,0.22821157570961192,True,0.0002332352449553159,59.0,0.00014117292493645236,0.5010011013659579,0.288135593220339,0.13559322033898305,-0.5383598215775254
59,cluster-1,behavioural,1,8,False,385,named,0.10232415763815295,True,0.005026219528787059,1292.0,0.0044104642447843345,0.14566066490730645,0.07120743034055728,0.11145510835913312,-1.6261840100077734
59,cluster-1,behavioural,1,11,False,394,under,0.1773943989395247,True,0.0014965928217966114,384.0,0.0010754521697406145,0.34359529183971027,0.2630208333333333,0.20833333333333334,-2.4149710312980406
59,cluster-1,behavioural,1,16,False,85,the,0.43119264921125866,True,0.05475197375326044,14084.0,0.04536171596483367,0.2038201270674933,0.09791252485089463,0.0227918205055382,-1.0786643199116766
59,cluster-1,behavioural,1,18,False,657,whispered,0.16498552112560538,True,0.0015743379034483835,404.0,0.0009850380492756956,0.4821838232200504,0.09900990099009901,0.039603960396039604,-0.7230778469988324
59,cluster-1,behavioural,1,19,False,416,stories,0.10342842079098291,True,0.0026938670792338994,692.0,0.0012784873876267482,0.7596022403034199,0.002890173410404624,0.01878612716763006,-1.176941797393399
59,cluster-1,behavioural,1,21,False,446,love,0.3049862586818445,True,0.0015393526167050853,395.0,0.0005052087257557312,1.127363317081283,0.0,0.027848101265822784,-0.06396481013381283
60,cluster-4,behavioural,2,1,True,32,a,0.052409893078392944,True,0.040419592382640875,10395.0,0.038765450702493924,0.05743824874159609,0.12833092833092832,0.034728234728234726,-1.3767009530515555
60,cluster-4,behavioural,2,2,True,1122,mountain,0.3382728399422282,True,0.0005209912831159942,133.0,0.00016575922085235135,1.15345560118452,0.09022556390977443,0.06766917293233082,-0.698242785593516
60,cluster-4,behavioural,2,6,False,967,high,0.19996736679105281,True,0.0005754232082176653,147.0,0.0005020363004762604,0.14540288956213754,0.14965986394557823,0.05442176870748299,-1.3298271790354237
60,cluster-4,behavioural,2,7,False,108,in,0.20866771386527533,True,0.00949448293559148,2441.0,0.010290554500283535,-0.06517591271355183,0.13928717738631707,0.04055714870954527,-1.0144711549004386
60,cluster-4,behavioural,2,10,False,15,.,0.24289592120031778,False,0.06477787886563867,16660.0,0.0630210212830081,0.04318502641060906,0.0019807923169267707,0.01362545018007203,-0.9915145227333276
60,cluster-4,behavioural,2,15,False,275,girl,0.06438083281891474,True,0.001815693501605742,466.0,0.003378632922636444,-0.607398080210193,0.3948497854077253,0.16523605150214593,-1.3495853873177381
60,cluster-4,behavioural,2,17,False,570,rita,0.055165581008610576,True,0.0008514708283761401,218.0,0.0010635555749425988,-0.2112350955650122,0.0871559633027523,0.03669724770642202,-1.4777837486185044
60,cluster-4,behavioural,2,26,False,326,looked,0.08943501045278758,True,0.0015629738493479833,401.0,0.0010587969370233928,0.40271558139979646,0.012468827930174564,0.02743142144638404,-0.30829252079514546
60,cluster-4,behavioural,2,27,False,295,up,0.09978758885438561,True,0.002270588875669707,583.0,0.001921696613039461,0.18086619046154429,0.060034305317324184,0.018867924528301886,-0.7207536392370787
60,cluster-4,behavioural,2,31,False,820,clouds,0.1334219325926679,True,0.0005443192510167108,139.0,0.0005424847227895135,0.011956740435718594,0.4316546762589928,0.16546762589928057,-0.6978509833333576
60,cluster-4,behavioural,2,32,False,94,and,0.14387542054481017,True,0.022725328729947668,5844.0,0.018549963715385868,0.21859039244727319,0.02087611225188227,0.011978097193702943,-1.2455536368451805
60,cluster-4,behavioural,2,33,False,290,thought,0.36685888817378143,True,0.0008592468176763792,220.0,0.0016147644672506573,-0.6196741063904749,0.00909090909090909,0.03636363636363636,-2.729709840755788
60,cluster-4,behavioural,2,36,False,199,friend,0.263645504876301,True,0.006745670717957093,1734.0,0.0025355609046170684,0.993658733208223,0.0057670126874279125,0.0196078431372549,-1.0755556456032926
60,cluster-4,behavioural,2,43,False,111,they,0.23736722273861868,True,0.0375930202720041,9668.0,0.016552128895639104,0.8359494666797049,0.000517170045510964,0.0129292511377741,-1.4034085161857346
60,cluster-4,behavioural,2,46,False,93,to,0.06555256463560129,True,0.01635290549840204,4205.0,0.01724609692552335,-0.03766882769711355,0.010225921521997621,0.015457788347205707,-0.5706595032495702
60,cluster-4,behavioural,2,48,False,1122,mountain,0.08311225307622187,True,0.0005209912831159942,133.0,0.00016575922085235135,1.15345560118452,0.09022556390977443,0.06766917293233082,-1.3107346519399203
61,cluster-2,behavioural,4,4,True,346,small,0.6120901261132388,True,0.0010856584518510479,279.0,0.0010889349771783657,0.00911448476789456,0.24372759856630824,0.1039426523297491,-0.32804563204416715
61,cluster-2,behavioural,4,5,False,275,girl,0.07318409059816011,True,0.005110349426927429,1317.0,0.003378632922636444,0.4287433711943649,0.20501138952164008,0.12072892938496584,-1.1473047889408978
61,cluster-2,behavioural,4,9,False,542,walked,0.46778339138126374,True,0.0017525629294166912,451.0,0.0009794863050366217,0.5952971991551008,0.0598669623059867,0.05543237250554324,-0.2720813388926535
61,cluster-2,behavioural,4,10,False,364,through,0.18584044137481315,True,0.003590427594335964,925.0,0.0019732485238308623,0.6132153923678549,0.22918918918918918,0.05837837837837838,-1.2071331329751127
61,cluster-2,behavioural,4,12,False,814,quiet,0.3085838362131688,True,0.0005079330614017403,130.0,0.0002791734245934339,0.6065593835719865,0.5076923076923077,0.26153846153846155,-1.238867340420648
61,cluster-2,behavioural,4,17,False,703,tall,0.22787180534889456,True,0.0007056779937031812,181.0,0.0008383133801001694,-0.16203684588991152,0.27624309392265195,0.12154696132596685,-1.4987416792131172
62,cluster-0,triggered,1,1,True,1592,quietly,0.3735780112861405,True,0.00011958670833599082,29.0,0.00018003513460997014,-0.4268615244356919,0.7931034482758621,0.7931034482758621,-0.5558613250093734
62,cluster-0,triggered,1,5,False,385,named,0.20844532498540813,True,0.0015067925250334838,377.0,0.0044104642447843345,-1.0604953766803167,0.27586206896551724,0.14058355437665782,-1.183269868046556
63,cluster-4,behavioural,1,1,True,32,a,0.339657526576794,True,0.040419592382640875,10395.0,0.038765450702493924,0.05743824874159609,0.12833092833092832,0.034728234728234726,-0.6168205506630517
63,cluster-4,behavioural,1,2,False,973,colorful,0.11223274614929402,True,0.0010497585555322277,269.0,0.0007447268343557796,0.3553366253211534,0.09293680297397769,0.03717472118959108,-1.7662233804823408
63,cluster-4,behavioural,1,3,False,592,map,0.34719934889518866,True,0.007752661332338006,1993.0,0.0018915585728844881,1.425882641817931,0.017059708981435023,0.022579026593075764,-0.010920930052784827
64,cluster-2,behavioural,1,1,True,394,under,0.6257823589041196,True,0.0007018006420894272,180.0,0.0010754521697406145,-0.41668150889563105,0.4722222222222222,0.4722222222222222,-0.1914240281897639
64,cluster-2,behavioural,1,6,False,275,girl,0.22869972319588866,True,0.005110349426927429,1317.0,0.003378632922636444,0.4287433711943649,0.20501138952164008,0.12072892938496584,-1.3533188198878108
64,cluster-2,behavioural,1,7,False,542,walked,0.4485858117894772,True,0.0017525629294166912,451.0,0.0009794863050366217,0.5952971991551008,0.0598669623059867,0.05543237250554324,-0.046097825885147437
64,cluster-2,behavioural,1,30,False,757,curious,0.21611829320124026,True,0.0003722257549203593,95.0,0.0006717610529279502,-0.585167694337013,0.0,0.05263157894736842,-1.4911568539965256
64,cluster-2,behavioural,1,34,False,120,it,0.40410606395935966,True,0.010600679312002731,2733.0,0.009780587136608598,0.09585850563652709,0.0014635931211123307,0.020856201975850714,-1.2985366286059998
64,cluster-2,behavioural,1,41,False,120,it,0.11877617443391156,True,0.010600679312002731,2733.0,0.009780587136608598,0.09585850563652709,0.0014635931211123307,0.020856201975850714,-0.8573673161133186
64,cluster-2,behavioural,1,45,False,1206,sand,0.060000951538388164,True,0.00011244319679885852,28.0,0.00025458712867753485,-0.8365805042403114,0.07142857142857142,0.07142857142857142,-0.9070603846616669
64,cluster-2,behavioural,1,47,False,2268,shells,0.07497931351104813,True,3.87735161375374e-06,0.0,8.01037383066387e-05,-inf,0.0,0.0,-1.3940838379941278
64,cluster-2,behavioural,1,49,False,85,the,0.2918764563318115,True,0.05892798982582938,15197.0,0.04536171596483367,0.2772876666883315,0.09587418569454498,0.027242218858985326,-0.7986475671935863
64,cluster-2,behavioural,1,52,False,2383,sure,0.12781864853380343,True,1.5509406455014963e-05,3.0,9.596586470399289e-05,-2.094522148214132,0.0,0.3333333333333333,-0.1717999581111358
64,cluster-2,behavioural,1,55,False,1946,sail,0.3450673856427734,True,5.04055709787986e-05,12.0,0.00014355224389605548,-1.1109342727633251,0.0,0.08333333333333333,-1.1831727047577085
64,cluster-2,behavioural,1,64,False,32,a,0.26902841597852334,True,0.0412899173348636,10648.0,0.038765450702493924,0.07870079231135296,0.11363636363636363,0.030334335086401203,-2.6634166086273483
65,cluster-1,behavioural,3,2,True,32,a,0.10188732393553213,True,0.04502217678454117,11581.0,0.038765450702493924,0.16528563445860733,0.11302996287021846,0.02987652188930144,-1.1579708333714818
65,cluster-1,behavioural,3,3,True,1257,gentle,0.5820961074075608,True,0.0018075731484036995,464.0,0.00047189826032128737,1.3565703544329502,0.2543103448275862,0.07758620689655173,-0.2150754081672095
65,cluster-1,behavioural,3,20,False,13,",",0.05332876408377359,False,0.06767709357786753,17409.0,0.05572444314022516,0.21001764204309392,0.06410477339307255,0.02136825779769085,-0.9172858547806735
65,cluster-1,behavioural,3,39,False,410,by,0.3567880298933785,True,0.00183089667289923,470.0,0.001475970861273808,0.2291106458141785,0.04893617021276596,0.027659574468085105,-0.5458079673319483
65,cluster-1,behavioural,3,43,False,108,in,0.08284542221537738,True,0.014985364488379047,3854.0,0.010290554500283535,0.39133434869254735,0.16242864556305137,0.04929942916450441,-1.317799412484736
65,cluster-1,behavioural,3,45,False,426,dreams,0.5406939071377731,True,0.002927102324189215,752.0,0.0011928319050810356,0.9121000271923787,0.018617021276595744,0.017287234042553192,-0.44767811174692973
65,cluster-1,behavioural,3,51,False,540,over,0.12467446791701586,True,0.0007502400379395997,192.0,0.001123831655252545,-0.39355465991057414,0.3125,0.16145833333333334,-1.2358519568968598
65,cluster-1,behavioural,3,54,False,13,",",0.06809344409761608,False,0.06767709357786753,17409.0,0.05572444314022516,0.21001764204309392,0.06410477339307255,0.02136825779769085,-0.9791056138524259
65,cluster-1,behavioural,3,55,False,1777,exploring,0.14631416652336904,True,0.00016326467146872124,41.0,0.00010072450262319916,0.47463218799803997,0.0,0.07317073170731707,-0.48559396979213965
65,cluster-1,behavioural,3,58,False,156,his,0.08056789264215625,True,0.0060641163688382165,1559.0,0.004697568732576446,0.2704487205331354,0.0,0.014753046824887749,-1.856929108058077
65,cluster-1,behavioural,3,63,False,140,as,0.3854162919255325,True,0.008392581564308785,2158.0,0.005403433357258707,0.45559652279673646,0.04819277108433735,0.029657089898053754,-0.6663841571139844
65,cluster-1,behavioural,3,67,False,770,part,0.2636433949659256,True,9.329409798212643e-05,23.0,0.00013086254277817213,-0.3652040502191056,0.043478260869565216,0.08695652173913043,-0.28011082158103884
65,cluster-1,behavioural,3,70,False,417,big,0.05223530042084412,True,0.0005792008583057013,148.0,0.0027544582489005564,-1.5503145712276352,0.02027027027027027,0.02702702702702703,-2.1987128743903366
65,cluster-1,behavioural,3,71,False,94,and,0.08538094884702319,True,0.0220290688860296,5666.0,0.018549963715385868,0.18746478279189205,0.0037063183903988705,0.013060360042357924,-0.6218990094750886
65,cluster-1,behavioural,3,91,False,140,as,0.08207066893485633,True,0.008392581564308785,2158.0,0.005403433357258707,0.45559652279673646,0.04819277108433735,0.029657089898053754,-0.32182130870245573
65,cluster-1,behavioural,3,92,False,103,he,0.24450751655260014,True,0.011793928886573816,3033.0,0.010855246200029344,0.09835295922963905,0.0003297065611605671,0.015166501813386087,-1.200055696710225
65,cluster-1,behavioural,3,93,False,2414,drifted,0.3318287738870858,True,0.00015160290922095534,38.0,5.63105487106074e-05,0.9801534904373952,0.5789473684210527,0.2894736842105263,-1.3081580123863958
65,cluster-1,behavioural,3,99,False,754,path,0.15338089363789897,True,0.0005908626205534671,151.0,0.0006884162856451722,-0.14366467009310124,0.09271523178807947,0.06622516556291391,-0.19307021833806015
65,cluster-1,behavioural,3,106,False,539,garden,0.15742894449358297,True,0.004987346987961173,1282.0,0.00149262609399103,1.2213335250876147,0.07644305772230889,0.028081123244929798,-0.9018542584218742
65,cluster-1,behavioural,3,108,False,316,filled,0.08909140859223304,True,0.003401347322265026,874.0,0.00191852418775999,0.5872180727978327,0.09038901601830664,0.02517162471395881,-0.8776218770957293
65,cluster-1,behavioural,3,111,False,541,flowers,0.12950386643684267,True,0.004124376581626506,1060.0,0.001385556740808889,1.1056160847243808,0.04716981132075472,0.018867924528301886,-1.5580482208305426
65,cluster-1,behavioural,3,113,False,108,in,0.4263227860131601,True,0.014985364488379047,3854.0,0.010290554500283535,0.39133434869254735,0.16242864556305137,0.04929942916450441,-0.7427069541019216
65,cluster-1,behavioural,3,119,False,578,stood,0.11012051708640674,True,0.000497568522571341,127.0,0.0006574851391703315,-0.27078586092437895,0.11023622047244094,0.05511811023622047,-0.5714508388732055
65,cluster-1,behavioural,3,121,False,676,beautiful,0.5052781101567857,True,0.001430509502392605,367.0,0.0005258294900722917,1.0138340656210314,0.010899182561307902,0.02997275204359673,-0.4883880679683692
65,cluster-1,behavioural,3,122,False,275,girl,0.12183816182789509,True,0.0055898713707624075,1437.0,0.003378632922636444,0.5185356545679332,0.13082811412665274,0.07654836464857341,-0.5119961115650566
65,cluster-1,behavioural,3,125,False,348,eyes,0.24794097217742805,True,0.0021379897454237304,549.0,0.0016623508464427199,0.2655596038209218,0.0018214936247723133,0.02185792349726776,-1.1974375275148792
66,cluster-2,behavioural,4,1,True,1288,gently,0.08993920854558418,True,7.366968066132105e-05,18.0,0.00021096628108481082,-1.0904684421710353,0.5555555555555556,0.5,-1.2380840036810383
66,cluster-2,behavioural,4,3,True,32,a,0.13159307397437858,True,0.0412899173348636,10648.0,0.038765450702493924,0.07870079231135296,0.11363636363636363,0.030334335086401203,-1.573596323792688
66,cluster-2,behavioural,4,4,True,275,girl,0.15896695066194988,True,0.005110349426927429,1317.0,0.003378632922636444,0.4287433711943649,0.20501138952164008,0.12072892938496584,-1.038980082460136
66,cluster-2,behavioural,4,6,False,413,kim,0.11023956710200139,True,0.0006591497743381361,169.0,0.002104904172928902,-1.1512683912545798,0.0650887573964497,0.0650887573964497,-1.5208388716641803
66,cluster-2,behavioural,4,7,False,572,sat,0.22617827481964847,True,0.000845262651798316,217.0,0.0006463816506921835,0.27936534901409704,0.12903225806451613,0.11059907834101383,-1.0001878491755094
66,cluster-2,behavioural,4,10,False,346,small,0.6296819585864274,True,0.0010856584518510479,279.0,0.0010889349771783657,0.00911448476789456,0.24372759856630824,0.1039426523297491,-0.21849973674585144
67,cluster-2,behavioural,1,1,True,1227,beneath,0.6833294288570824,True,0.0011244319679885855,289.0,0.00044572575176565294,0.9375809469332408,0.328719723183391,0.2906574394463668,-0.12405706884154144
67,cluster-2,behavioural,1,4,False,404,stars,0.4021676834451612,True,0.0006475177194968749,166.0,0.0010944867214174397,-0.5151948810802072,0.39759036144578314,0.1144578313253012,-0.5191461824969013
67,cluster-2,behavioural,1,7,False,307,boy,0.10700150931619812,True,0.004493850520340585,1158.0,0.002706078763388626,0.5220518582358711,0.20379965457685664,0.0924006908462867,-0.7461620759555719
67,cluster-2,behavioural,1,8,False,572,sat,0.0629526537391526,True,0.000845262651798316,217.0,0.0006463816506921835,0.27936534901409704,0.12903225806451613,0.11059907834101383,-0.30737279260487105
68,cluster-2,behavioural,1,1,True,108,in,0.4204332722632041,True,0.012492826899514559,3221.0,0.010290554500283535,0.20932355001160996,0.1561626823967712,0.04594846321018317,-0.47733721877737656
68,cluster-2,behavioural,1,3,False,346,small,0.17687157000441178,True,0.0010856584518510479,279.0,0.0010889349771783657,0.00911448476789456,0.24372759856630824,0.1039426523297491,-1.1390601660124624
68,cluster-2,behavioural,1,4,False,712,village,0.12225793168105481,True,0.0015586953487290037,401.0,0.0007605889607531337,0.730726461137631,0.2119700748129676,0.09975062344139651,-1.4328966408679027
68,cluster-2,behavioural,1,7,False,342,old,0.1433288760118484,True,0.004598539013911938,1185.0,0.0022119735261110426,0.7467157746562432,0.18059071729957807,0.06160337552742616,-0.6118536456634318
69,cluster-0,triggered,3,1,True,1957,happily,0.12595762745897504,True,0.00021126985139358377,52.0,0.0001538626260543357,0.3141782225773362,0.7307692307692307,0.6923076923076923,-1.1209878831828957
69,cluster-0,triggered,3,3,True,317,leo,0.5088227608592539,True,0.003866636902863702,969.0,0.0024594226979097683,0.4675773558495546,0.07120743034055728,0.017543859649122806,-0.24595242956252994
69,cluster-0,triggered,3,4,False,127,was,0.12080305813107972,True,0.010320332929396011,2588.0,0.008326823252291086,0.230398025165087,0.07148377125193199,0.03786707882534776,-1.996939896431872
69,cluster-0,triggered,3,6,False,156,his,0.11814655626376402,True,0.0031969513361821533,801.0,0.004697568732576446,-0.36994474614936834,0.0149812734082397,0.02247191011235955,-1.4693664961742376
69,cluster-0,triggered,3,10,False,570,rita,0.2498596561734978,True,0.0018416353083742587,461.0,0.0010635555749425988,0.5630198227742067,0.05856832971800434,0.02386117136659436,-1.1571956908369914
69,cluster-0,triggered,3,27,False,103,he,0.28054038348534344,True,0.009543019325212069,2393.0,0.010855246200029344,-0.11310600524365544,0.001671541997492687,0.0162975344755537,-0.6988502812307595
69,cluster-0,triggered,3,28,False,386,wanted,0.05706115344925328,True,0.006856304611263475,1719.0,0.0021175938740467855,1.1904569170477917,0.015706806282722512,0.030250145433391506,-1.2054613366627698
69,cluster-0,triggered,3,34,False,2540,project,0.06722359692629094,True,0.0005780024236239557,144.0,0.00011817284166028877,1.5966596566897788,0.013888888888888888,0.041666666666666664,-0.6213986420932738
69,cluster-0,triggered,3,35,False,298,about,0.07800530352281727,True,0.001343357356974297,336.0,0.0011626938649260626,0.1576109405758448,0.0,0.023809523809523808,-2.318843682522827
69,cluster-0,triggered,3,36,False,1163,space,0.06842006998282252,True,8.371069583519363e-05,20.0,3.410357175431153e-05,0.8653248209196658,0.0,0.1,-1.1433756088853664
69,cluster-0,triggered,3,40,False,555,plan,0.15552003681127013,True,0.0036633394986925194,918.0,0.0008065891273054609,1.5283776576311672,0.0032679738562091504,0.02178649237472767,-0.7178103460416918
69,cluster-0,triggered,3,46,False,2276,picture,0.41377287140610963,True,0.00011560048472479113,28.0,0.00011737973534042106,-0.03421510052967314,0.0,0.07142857142857142,-0.12466823001630245
69,cluster-0,triggered,3,48,False,85,the,0.2853795573992029,True,0.035353817207730086,8868.0,0.04536171596483367,-0.23322452716433428,0.15539016689219667,0.03912945421741092,-1.0337214076992436
69,cluster-0,triggered,3,49,False,408,sky,0.34038235884355883,True,0.0005421264111231583,135.0,0.0013141771720207953,-0.8766965759288965,0.7037037037037037,0.3333333333333333,-1.9504684328160038
69,cluster-0,triggered,3,63,False,1144,surprise,0.104550469799178,True,0.00013951782639198937,34.0,0.00019431104836758892,-0.34410502286932854,0.029411764705882353,0.08823529411764706,-1.0165364319409633
69,cluster-0,triggered,3,68,False,15,.,0.07913977015183316,False,0.083359908157408,20911.0,0.0630210212830081,0.29580166410823505,0.01568552436516666,0.010759887140739324,-0.981396937384847
69,cluster-0,triggered,3,69,False,570,rita,0.10891796311484608,True,0.0018416353083742587,461.0,0.0010635555749425988,0.5630198227742067,0.05856832971800434,0.02386117136659436,-1.08151474826787
69,cluster-0,triggered,3,77,False,111,they,0.2092255485421331,True,0.02759662606033548,6922.0,0.016552128895639104,0.527184687183281,0.0013002022536839064,0.013290956370991043,-0.5629813432398105
69,cluster-0,triggered,3,78,False,912,worked,0.44054608022070046,True,0.0011121563875247148,278.0,0.00038465656513583926,1.0742648858123918,0.01079136690647482,0.025179856115107913,-1.311544347287274
69,cluster-0,triggered,3,80,False,111,they,0.2340786655705902,True,0.02759662606033548,6922.0,0.016552128895639104,0.527184687183281,0.0013002022536839064,0.013290956370991043,-1.0268750185288475
69,cluster-0,triggered,3,81,False,294,were,0.06056445636903762,True,0.005297691179284392,1328.0,0.002610906005004501,0.7229714312986566,0.14759036144578314,0.036897590361445784,-0.779171924819313
69,cluster-0,triggered,3,86,False,15,.,0.29427197646301856,False,0.083359908157408,20911.0,0.0630210212830081,0.29580166410823505,0.01568552436516666,0.010759887140739324,-1.1464574175185014
69,cluster-0,triggered,3,87,False,317,leo,0.10001300010301606,True,0.003866636902863702,969.0,0.0024594226979097683,0.4675773558495546,0.07120743034055728,0.017543859649122806,-1.3832896862036745
69,cluster-0,triggered,3,90,False,556,show,0.08664744489280318,True,0.0008211620639071366,205.0,0.00028710448779211095,1.0621584303718743,0.00975609756097561,0.04878048780487805,-1.59539862845328
69,cluster-0,triggered,3,91,False,475,how,0.14035310645544807,True,0.0010204732444671217,255.0,0.000653519607570993,0.45788567830819193,0.0,0.027450980392156862,-1.0557004012784517
69,cluster-0,triggered,3,98,False,15,.,0.2648245121726559,False,0.083359908157408,20911.0,0.0630210212830081,0.29580166410823505,0.01568552436516666,0.010759887140739324,-1.5182766881938332
69,cluster-0,triggered,3,99,False,570,rita,0.2516194760988577,True,0.0018416353083742587,461.0,0.0010635555749425988,0.5630198227742067,0.05856832971800434,0.02386117136659436,-0.5200192303232742
69,cluster-0,triggered,3,105,False,164,you,0.07911665422947817,True,0.0019213597805982528,481.0,0.0031890805121880614,-0.49262597373227557,0.0,0.029106029106029108,-2.540809236615016
69,cluster-0,triggered,3,108,False,908,first,0.612028034288101,True,0.001283564002806301,321.0,0.0004671396224020811,1.0238076025376666,0.006230529595015576,0.028037383177570093,-0.11266616243142957
69,cluster-0,triggered,3,109,False,2,!,0.0785734325502524,False,0.03352015434657823,8408.0,0.01939700126500458,0.5630598231201138,0.007968601332064701,0.012844909609895337,-1.4315649138550326
69,cluster-0,triggered,3,110,False,3,"""",0.06960034682987748,False,0.053188181644237525,13342.0,0.0371792380627585,0.3741611351038987,0.0002248538450007495,0.013266376855044221,-1.363533692583
70,cluster-2,behavioural,1,1,True,108,in,0.549658725449393,True,0.012492826899514559,3221.0,0.010290554500283535,0.20932355001160996,0.1561626823967712,0.04594846321018317,-0.28813720874473425
71,cluster-0,triggered,3,3,True,1051,hill,0.33912417689551533,True,3.5876012500797245e-05,8.0,0.00031724252794708397,-2.2812303423689073,0.375,0.125,-0.8726384549994248
71,cluster-0,triggered,3,5,False,85,the,0.3905673232056738,True,0.035353817207730086,8868.0,0.04536171596483367,-0.23322452716433428,0.15539016689219667,0.03912945421741092,-0.36100716154522106
71,cluster-0,triggered,3,9,False,130,with,0.05823272369778343,True,0.003587601250079723,899.0,0.008632169185440155,-0.8629734023722797,0.047830923248053395,0.025583982202447165,-2.0092837816671274
71,cluster-0,triggered,3,10,False,615,colors,0.051131885931091525,True,0.0006258371069583519,156.0,0.0008327616358610953,-0.27589677284279457,0.10897435897435898,0.07692307692307693,-0.852552418973956
72,cluster-2,behavioural,1,1,True,32,a,0.497975478455618,True,0.0412899173348636,10648.0,0.038765450702493924,0.07870079231135296,0.11363636363636363,0.030334335086401203,-0.35957130798928766
72,cluster-2,behavioural,1,3,False,1373,evening,0.07865164905453248,True,0.0003489616452378366,89.0,0.00022127666324309105,0.4600806966252744,0.0449438202247191,0.056179775280898875,-1.665897939895193
72,cluster-2,behavioural,1,4,False,1584,hung,0.07074838032986863,True,0.000511810413015494,131.0,0.00017527649669076388,1.0796907303978998,0.5419847328244275,0.21374045801526717,-1.1809874659412438
72,cluster-2,behavioural,1,7,False,459,air,0.10418278569818917,True,0.0030165795555004114,777.0,0.0014149016746439944,0.7714831459421934,0.09009009009009009,0.028314028314028315,-0.3460098035370978
72,cluster-2,behavioural,1,120,False,108,in,0.1638117585044,True,0.012492826899514559,3221.0,0.010290554500283535,0.20932355001160996,0.1561626823967712,0.04594846321018317,-0.7011899666434411
72,cluster-2,behavioural,1,121,False,149,that,0.06398146104844238,True,0.007308807791925802,1884.0,0.00475467238760692,0.445127496389194,0.0005307855626326964,0.014861995753715499,-0.7787839038991046
72,cluster-2,behavioural,1,124,False,103,he,0.06830691637215991,True,0.016412829381019595,4232.0,0.010855246200029344,0.42888432604136906,0.0023629489603024575,0.013941398865784499,-1.0287680335873957
72,cluster-2,behavioural,1,126,False,32,a,0.05219848604970645,True,0.0412899173348636,10648.0,0.038765450702493924,0.07870079231135296,0.11363636363636363,0.030334335086401203,-1.0464802971063876
72,cluster-2,behavioural,1,127,False,2243,presence,0.16730422249856647,True,0.0001008111419575972,25.0,2.4586295915899004e-05,1.3875447290975558,0.0,0.08,-0.07095280312646146
73,cluster-2,behavioural,3,1,True,1199,across,0.25608755641306796,True,0.00020549963552894833,52.0,0.0003291391227450996,-0.47437869293477064,0.7884615384615384,0.36538461538461536,-0.7850704782214688
73,cluster-2,behavioural,3,3,True,421,dark,0.4996640380327685,True,0.003225956542643112,831.0,0.0009604517533597966,1.226084160016856,0.17087845968712395,0.048134777376654635,-0.05686917193874397
73,cluster-2,behavioural,3,7,False,819,woman,0.06673178820713876,True,0.00016284876777765704,41.0,5.472433607087198e-05,1.0821216708215484,0.04878048780487805,0.04878048780487805,-1.3002107654793322
74,cluster-0,triggered,7,5,True,385,named,0.08732076578325088,True,0.0015067925250334838,377.0,0.0044104642447843345,-1.0604953766803167,0.27586206896551724,0.14058355437665782,-1.280165170658702
74,cluster-0,triggered,7,6,True,693,alice,0.10664058592387632,True,0.001279577779195102,320.0,0.0010714866381412761,0.19051332089281114,0.103125,0.040625,-1.2823282091734547
74,cluster-0,triggered,7,7,True,165,had,0.5239026668573228,True,0.005022641750111612,1259.0,0.004977535263489747,0.024377583250661417,0.03177124702144559,0.022239872915011914,-0.18780355010342697
75,cluster-4,behavioural,3,2,True,85,the,0.054491816425597084,True,0.04855716518534071,12488.0,0.04536171596483367,0.08374242616307148,0.08784433055733504,0.024583600256245997,-1.3101460868922994
75,cluster-4,behavioural,3,3,True,289,bright,0.5315659976597289,True,0.0020645251592133805,530.0,0.0016694888033215293,0.22624698535726306,0.4226415094339623,0.18679245283018867,-0.5362979679671515
75,cluster-4,behavioural,3,6,False,32,a,0.06937686336335014,True,0.040419592382640875,10395.0,0.038765450702493924,0.05743824874159609,0.12833092833092832,0.034728234728234726,-1.5267462756111192
75,cluster-4,behavioural,3,7,False,307,boy,0.06103364713616666,True,0.0014152300526434473,363.0,0.002706078763388626,-0.6352103494191415,0.4628099173553719,0.1790633608815427,-1.8046128278227782
75,cluster-4,behavioural,3,12,False,1003,game,0.35805026673834933,True,3.887994650119358e-05,9.0,0.0004750706856007582,-2.5925962958516537,0.0,0.1111111111111111,-1.0168676116549664
76,cluster-2,behavioural,2,2,True,2094,tower,0.7087536005650052,True,0.00031794283232780703,81.0,0.0001451384565357909,0.7876191105455188,0.1111111111111111,0.06172839506172839,-0.11859213305327199
76,cluster-2,behavioural,2,3,False,1809,rose,0.06206320972872614,True,7.75470322750749e-05,19.0,0.0001673454334920868,-0.8047630455951253,0.3157894736842105,0.15789473684210525,-1.4685203032217462
76,cluster-2,behavioural,2,4,False,967,high,0.11496685029090814,True,0.00012407525164011973,31.0,0.0005020363004762604,-1.4138271089445302,0.22580645161290322,0.0967741935483871,-0.4772833310862937
76,cluster-2,behavioural,2,11,False,326,looked,0.06083608789431516,True,0.00048079160010546386,123.0,0.0010587969370233928,-0.781846106747432,0.0,0.04065040650406504,-2.491252177906177
76,cluster-2,behavioural,2,15,False,13,",",0.0930771944525135,False,0.06302635048156707,16254.0,0.05572444314022516,0.13877826145970173,0.06503014642549526,0.019933554817275746,-1.0861599885630129
76,cluster-2,behavioural,2,17,False,85,the,0.16676102800372594,True,0.05892798982582938,15197.0,0.04536171596483367,0.2772876666883315,0.09587418569454498,0.027242218858985326,-1.5144916252347904
77,cluster-0,triggered,4,3,True,365,sun,0.2017677670114761,True,0.0005062503986223612,126.0,0.0011476248448485762,-0.8101731566207677,0.5793650793650794,0.36507936507936506,-1.511974649959214
77,cluster-0,triggered,4,4,True,1809,rose,0.14995309062768392,True,3.5876012500797245e-05,8.0,0.0001673454334920868,-1.6416239287369923,0.875,0.375,-1.0954822919206468
77,cluster-0,triggered,4,5,False,13,",",0.06933727309629767,False,0.04051597678423368,10163.0,0.05572444314022516,-0.3026705423709446,0.10951490701564498,0.03680015743382859,-1.4342118160235866
77,cluster-0,triggered,4,7,False,275,girl,0.06510167210245882,True,0.0011759359653039094,294.0,0.003378632922636444,-1.0426520088654971,0.22789115646258504,0.09863945578231292,-1.3514427669094278
78,cluster-1,behavioural,1,1,True,394,under,0.3438316793732435,True,0.0014965928217966114,384.0,0.0010754521697406145,0.34359529183971027,0.2630208333333333,0.20833333333333334,-0.6091154929210791
78,cluster-1,behavioural,1,10,False,542,walked,0.266782769195381,True,0.0005830881123882902,149.0,0.0009794863050366217,-0.5096327353642947,0.03355704697986577,0.040268456375838924,-2.2269604383452544
78,cluster-1,behavioural,1,12,False,117,her,0.39834067507966253,True,0.01476767825975409,3798.0,0.008805859469491183,0.5325064780702897,0.00105318588730911,0.012111637704054766,-0.6616705213708887
78,cluster-1,behavioural,1,13,False,539,garden,0.1437931721327581,True,0.004987346987961173,1282.0,0.00149262609399103,1.2213335250876147,0.07644305772230889,0.028081123244929798,-1.2179712194569776
78,cluster-1,behavioural,1,17,False,32,a,0.06402677264870504,True,0.04502217678454117,11581.0,0.038765450702493924,0.16528563445860733,0.11302996287021846,0.02987652188930144,-1.330938302204825
78,cluster-1,behavioural,1,19,False,539,garden,0.0576067931266544,True,0.004987346987961173,1282.0,0.00149262609399103,1.2213335250876147,0.07644305772230889,0.028081123244929798,-0.6058332026894879
78,cluster-1,behavioural,1,22,False,1542,wild,0.8253246527083191,True,0.0002565587694508477,65.0,0.00013324186173777525,0.6556704982447012,0.18461538461538463,0.07692307692307693,-2.184588478323253
78,cluster-1,behavioural,1,25,False,282,each,0.8231344836315538,True,0.004198234409195689,1079.0,0.0019399380583964183,0.7868278567633418,0.0009267840593141798,0.021316033364226137,-0.08659899910561708
78,cluster-1,behavioural,1,37,False,93,to,0.3688040588502035,True,0.019090304799592617,4910.0,0.01724609692552335,0.11713730350915119,0.009368635437881873,0.014867617107942974,-0.41077829526809384
78,cluster-1,behavioural,1,38,False,656,share,0.06718555607610854,True,0.0012594703227587069,323.0,0.00045286370864446236,1.035510321318971,0.0,0.02786377708978328,-0.540934778596522
78,cluster-1,behavioural,1,44,False,474,laughed,0.2394245103248443,True,0.0004431469654151004,113.0,0.0010706935318214083,-0.8752248449678106,0.0,0.061946902654867256,-1.6214094912902122
78,cluster-1,behavioural,1,48,False,94,and,0.09677114698114714,True,0.0220290688860296,5666.0,0.018549963715385868,0.18746478279189205,0.0037063183903988705,0.013060360042357924,-2.095189973126443
78,cluster-1,behavioural,1,49,False,587,lily,0.3646876652795392,True,0.0008746321685824348,224.0,0.0010167623020704041,-0.13928337787325162,0.026785714285714284,0.0625,-2.0043824112381907
78,cluster-1,behavioural,1,52,False,108,in,0.3186522529222771,True,0.014985364488379047,3854.0,0.010290554500283535,0.39133434869254735,0.16242864556305137,0.04929942916450441,-0.6494042518472911
78,cluster-1,behavioural,1,55,False,539,garden,0.4460396765747925,True,0.004987346987961173,1282.0,0.00149262609399103,1.2213335250876147,0.07644305772230889,0.028081123244929798,-1.16837656968098
78,cluster-1,behavioural,1,59,False,539,garden,0.5077963533321149,True,0.004987346987961173,1282.0,0.00149262609399103,1.2213335250876147,0.07644305772230889,0.028081123244929798,-1.7176553561452597
78,cluster-1,behavioural,1,61,False,85,the,0.2676591226212731,True,0.05475197375326044,14084.0,0.04536171596483367,0.2038201270674933,0.09791252485089463,0.0227918205055382,-1.506821747755362
78,cluster-1,behavioural,1,65,False,13,",",0.20906186452181724,False,0.06767709357786753,17409.0,0.05572444314022516,0.21001764204309392,0.06410477339307255,0.02136825779769085,-1.0236773292603214
78,cluster-1,behavioural,1,67,False,85,the,0.10948284562175742,True,0.05475197375326044,14084.0,0.04536171596483367,0.2038201270674933,0.09791252485089463,0.0227918205055382,-1.4568552985816619
78,cluster-1,behavioural,1,68,False,615,colors,0.2752347766445583,True,0.002744401382307553,705.0,0.0008327616358610953,1.2068995674130232,0.062411347517730496,0.02695035460992908,-1.7448324639938981
78,cluster-1,behavioural,1,72,False,140,as,0.3715323249633753,True,0.008392581564308785,2158.0,0.005403433357258707,0.45559652279673646,0.04819277108433735,0.029657089898053754,-0.4756043527896967
78,cluster-1,behavioural,1,75,False,1131,among,0.1597527248411209,True,0.000765789054269954,196.0,0.0002990010825901266,0.95111667953483,0.14795918367346939,0.1377551020408163,-0.2794036925265597
78,cluster-1,behavioural,1,88,False,346,small,0.31026124133254174,True,0.0018930927382206475,486.0,0.0010889349771783657,0.5667024258848468,0.10699588477366255,0.037037037037037035,-0.7637114674301582
78,cluster-1,behavioural,1,89,False,2851,bell,0.3429696028776258,True,0.00024100975312049317,61.0,0.00013086254277817213,0.6101755980250552,0.04918032786885246,0.06557377049180328,-1.777693672255837
78,cluster-1,behavioural,1,91,False,757,curious,0.05746067981803582,True,0.0011661762247765796,299.0,0.0006717610529279502,0.5639900864909562,0.043478260869565216,0.023411371237458192,-1.2934397235887984
78,cluster-1,behavioural,1,100,False,120,it,0.12335188624185389,True,0.007615130747791068,1958.0,0.009780587136608598,-0.23502675816326057,0.0010214504596527069,0.012768130745658836,-1.1616309470991337
78,cluster-1,behavioural,1,102,False,2851,bell,0.14302317697267408,True,0.00024100975312049317,61.0,0.00013086254277817213,0.6101755980250552,0.04918032786885246,0.06557377049180328,-2.3146838413386535
78,cluster-1,behavioural,1,110,False,858,sparkled,0.05515719849047221,True,0.0013683134370711877,351.0,0.0005535882112676615,0.9178143284558171,0.03418803418803419,0.022792022792022793,-0.8401052201738191
79,cluster-0,triggered,1,1,True,222,at,0.5300957416903052,True,0.003037502391734166,761.0,0.0024181811692766475,0.24285707393266787,0.1314060446780552,0.040735873850197106,-0.3145796004390853
79,cluster-0,triggered,1,7,False,811,town,0.061316299356236816,True,0.00023120096944958225,57.0,0.0006336919495743002,-1.009517014872488,0.42105263157894735,0.14035087719298245,-0.8340139806717737
79,cluster-0,triggered,1,9,False,515,there,0.4670774073321218,True,0.0005979335416799542,149.0,0.0012150388820373315,-0.6995903812958408,0.0738255033557047,0.04697986577181208,-0.43802721914780934
79,cluster-0,triggered,1,13,False,385,named,0.20236735258637134,True,0.0015067925250334838,377.0,0.0044104642447843345,-1.0604953766803167,0.27586206896551724,0.14058355437665782,-1.5430034670808437
79,cluster-0,triggered,1,16,False,609,loved,0.2148356225997735,True,0.004189521015370877,1050.0,0.00203986945469975,0.7348990208532964,0.06476190476190476,0.040952380952380955,-1.3112408860384606
79,cluster-0,triggered,1,20,False,103,he,0.297622472052833,True,0.009543019325212069,2393.0,0.010855246200029344,-0.11310600524365544,0.001671541997492687,0.0162975344755537,-0.7015279435797269
80,cluster-1,behavioural,1,1,True,1131,among,0.30715110580640775,True,0.000765789054269954,196.0,0.0002990010825901266,0.95111667953483,0.14795918367346939,0.1377551020408163,-0.6789462807298801
80,cluster-1,behavioural,1,3,False,820,clouds,0.39428449417666334,True,0.0010145733155556248,260.0,0.0005424847227895135,0.6379709211453015,0.34615384615384615,0.08461538461538462,-0.8736778679113857
80,cluster-1,behavioural,1,9,False,2265,gazed,0.08181568239623607,True,0.0001593774173861326,40.0,7.058646246822618e-05,0.8054902921341203,0.025,0.1,-1.4782553060127017
80,cluster-1,behavioural,1,12,False,404,stars,0.06318437540112404,True,0.0030709307252449938,789.0,0.0010944867214174397,1.0461747504469479,0.17363751584283904,0.059569074778200254,-1.802056397173337
80,cluster-1,behavioural,1,14,False,282,each,0.7069376628715573,True,0.004198234409195689,1079.0,0.0019399380583964183,0.7868278567633418,0.0009267840593141798,0.021316033364226137,-0.10497520959172124
80,cluster-1,behavioural,1,18,False,1036,wrote,0.0731328245973284,True,0.0006491714317922963,166.0,0.0004322429443279019,0.4164492014456229,0.006024096385542169,0.030120481927710843,-2.3361990539716437
80,cluster-1,behavioural,1,19,False,416,stories,0.051449788505093075,True,0.0026938670792338994,692.0,0.0012784873876267482,0.7596022403034199,0.002890173410404624,0.01878612716763006,-0.5333709380933147
80,cluster-1,behavioural,1,20,False,298,about,0.05728869941080483,True,0.0012167105278502322,312.0,0.0011626938649260626,0.057957513115209025,0.0,0.028846153846153848,-1.9471019790171638
80,cluster-1,behavioural,1,25,False,1219,treasures,0.053567992665841446,True,9.718135206471509e-05,24.0,0.00028631138147224326,-1.1055769202326111,0.0,0.08333333333333333,-1.4008067498872883
80,cluster-1,behavioural,1,28,False,803,words,0.07846242437538453,True,0.0004237106950021576,108.0,0.0002165180253238848,0.6779066396915843,0.0,0.046296296296296294,-0.06689717560019126
81,cluster-2,behavioural,1,1,True,1227,beneath,0.5209306171234769,True,0.0011244319679885855,289.0,0.00044572575176565294,0.9375809469332408,0.328719723183391,0.2906574394463668,-0.32721237777921974
81,cluster-2,behavioural,1,3,False,3927,pale,0.24485554870469284,True,0.0001861128774601795,47.0,4.282774127285633e-05,1.4638196638602832,0.8936170212765957,0.6808510638297872,-0.006664411571487783
81,cluster-2,behavioural,1,20,False,1379,thick,0.35252819043394124,True,0.0015044124261364515,387.0,0.00035531163130073405,1.4562875693292963,0.041343669250646,0.023255813953488372,-0.33504117739618655
81,cluster-2,behavioural,1,22,False,892,memories,0.1985050621891623,True,0.001442374800316392,371.0,0.0003624495881795434,1.394174780427731,0.026954177897574125,0.0215633423180593,-0.3988609102216394
81,cluster-2,behavioural,1,38,False,103,he,0.0664693112311569,True,0.016412829381019595,4232.0,0.010855246200029344,0.42888432604136906,0.0023629489603024575,0.013941398865784499,-1.5683018053371098
81,cluster-2,behavioural,1,39,False,157,felt,0.48610388241279023,True,0.008006731082401478,2064.0,0.003036804098773461,0.9846982838386591,0.0009689922480620155,0.016472868217054265,-0.20737280004656544
81,cluster-2,behavioural,1,41,False,559,strange,0.28380718106079905,True,0.0016633838423003545,428.0,0.0007994511704266516,0.7460558556649834,0.011682242990654205,0.02336448598130841,-0.29757277148194805
81,cluster-2,behavioural,1,45,False,13,",",0.11496971910875647,False,0.06302635048156707,16254.0,0.05572444314022516,0.13877826145970173,0.06503014642549526,0.019933554817275746,-0.5867548321587739
81,cluster-2,behavioural,1,48,False,103,he,0.09565620612235898,True,0.016412829381019595,4232.0,0.010855246200029344,0.42888432604136906,0.0023629489603024575,0.013941398865784499,-3.7929132558747485
81,cluster-2,behavioural,1,50,False,1816,meant,0.46294913087160483,True,0.00013570730648138107,34.0,4.0448422313253205e-05,1.1971910006063347,0.0,0.08823529411764706,-0.29445752909119927
81,cluster-2,behavioural,1,59,False,13,",",0.06651450048216967,False,0.06302635048156707,16254.0,0.05572444314022516,0.13877826145970173,0.06503014642549526,0.019933554817275746,-0.32205133528266416
81,cluster-2,behavioural,1,72,False,15,.,0.06526330786952605,False,0.05983916745506149,15432.0,0.0630210212830081,-0.03616695093773714,0.0011016070502851219,0.014515292897874546,-1.5520319098380035
81,cluster-2,behavioural,1,85,False,1682,distance,0.20787110265141276,True,0.00013958465809513475,35.0,8.565548254571266e-05,0.4758729430796933,0.22857142857142856,0.11428571428571428,-0.08146801489617927
81,cluster-2,behavioural,1,88,False,354,saw,0.08938889569170327,True,0.00098484730989345,253.0,0.0012721425370678067,-0.24421019098443963,0.0,0.03557312252964427,-1.4371407986533808
81,cluster-2,behavioural,1,91,False,13,",",0.22242249177738646,False,0.06302635048156707,16254.0,0.05572444314022516,0.13877826145970173,0.06503014642549526,0.019933554817275746,-1.342699021147884
81,cluster-2,behavioural,1,102,False,896,cat,0.24280682793562114,True,3.489616452378368e-05,8.0,0.0001998627926066629,-1.8473314371170861,0.0,0.125,-0.640507734221833
81,cluster-2,behavioural,1,103,False,130,with,0.3918374538739833,True,0.00956154907951673,2465.0,0.008632169185440155,0.11755409528815353,0.006896551724137931,0.015821501014198783,-1.0553604684616245
81,cluster-2,behavioural,1,104,False,289,bright,0.1446863777838756,True,0.0005777253904493073,148.0,0.0016694888033215293,-1.0522023636378668,0.07432432432432433,0.0472972972972973,-0.587852768110157
81,cluster-2,behavioural,1,106,False,348,eyes,0.24298031638644457,True,0.001190346945422399,306.0,0.0016623508464427199,-0.32154483477405194,0.0032679738562091504,0.032679738562091505,-0.7112174409196657
81,cluster-2,behavioural,1,107,False,15,.,0.15582917749755554,False,0.05983916745506149,15432.0,0.0630210212830081,-0.03616695093773714,0.0011016070502851219,0.014515292897874546,-1.4809629232415045
81,cluster-2,behavioural,1,108,False,372,alex,0.0766266819902357,True,0.001252384571242459,322.0,0.002004179670305703,-0.4575804531292862,0.031055900621118012,0.049689440993788817,-1.2702622096645442
81,cluster-2,behavioural,1,109,False,157,felt,0.05521220767336632,True,0.008006731082401478,2064.0,0.003036804098773461,0.9846982838386591,0.0009689922480620155,0.016472868217054265,-1.1344414311162025
81,cluster-2,behavioural,1,114,False,15,.,0.2978766402718032,False,0.05983916745506149,15432.0,0.0630210212830081,-0.03616695093773714,0.0011016070502851219,0.014515292897874546,-1.8080910048752374
81,cluster-2,behavioural,1,116,False,490,are,0.1608954329550385,True,0.00023651844843897838,60.0,0.0010024863883127853,-1.4450359037702025,0.0,0.06666666666666667,-0.754580167847537
81,cluster-2,behavioural,1,119,False,30,?,0.05646123119168278,False,0.0027374102393101425,705.0,0.004913293651580462,-0.5706438825364746,0.0,0.02695035460992908,-1.527379074018102
81,cluster-2,behavioural,1,124,False,156,his,0.14353919915418845,True,0.006575988336926344,1695.0,0.004697568732576446,0.35149577225208617,0.0011799410029498525,0.01592920353982301,-0.8637870180062746
81,cluster-2,behavioural,1,125,False,639,voice,0.14248220778754161,True,0.0008375079485708081,215.0,0.0005075880447153343,0.5118259604884452,0.004651162790697674,0.05116279069767442,-0.9108507414610022
82,cluster-1,behavioural,1,1,True,364,through,0.36669488798861477,True,0.002561700440425887,658.0,0.0019732485238308623,0.2752176852185704,0.25379939209726443,0.06534954407294832,-0.5679342365131852
82,cluster-1,behavioural,1,4,False,634,trees,0.46437283626157516,True,0.001449945772805548,372.0,0.0011040039972558522,0.2856442211311059,0.1478494623655914,0.07258064516129033,-0.7593269192271783
82,cluster-1,behavioural,1,6,False,106,she,0.28582244259454515,True,0.014930942931222813,3840.0,0.011545248698314253,0.27264759676943573,0.0,0.015625,-0.29976717933415475
83,cluster-2,behavioural,4,1,True,1592,quietly,0.256145787063161,True,0.00025202785489399326,64.0,0.00018003513460997014,0.3365891745927687,0.703125,0.671875,-0.7849428120917699
83,cluster-2,behavioural,4,4,True,307,boy,0.23922287335109843,True,0.004493850520340585,1158.0,0.002706078763388626,0.5220518582358711,0.20379965457685664,0.0924006908462867,-1.0105249920817876
83,cluster-2,behavioural,4,5,False,572,sat,0.23423097214499045,True,0.000845262651798316,217.0,0.0006463816506921835,0.27936534901409704,0.12903225806451613,0.11059907834101383,-0.19796794670497597
84,cluster-2,behavioural,8,4,True,275,girl,0.07757096927153907,True,0.005110349426927429,1317.0,0.003378632922636444,0.4287433711943649,0.20501138952164008,0.12072892938496584,-1.2242465442458212
84,cluster-2,behavioural,8,7,True,1024,climbed,0.416405549586653,True,0.0004458954355816802,114.0,0.0004021049041729289,0.11034355351781233,0.08771929824561403,0.05263157894736842,-0.2599514737448523
84,cluster-2,behavioural,8,8,True,85,the,0.32314653063078086,True,0.05892798982582938,15197.0,0.04536171596483367,0.2772876666883315,0.09587418569454498,0.027242218858985326,-0.5663374833390812
84,cluster-2,behavioural,8,16,False,106,she,0.06062262750400679,True,0.017975402081362342,4635.0,0.011545248698314253,0.45822033014979446,0.001725997842502697,0.013807982740021575,-1.7535776156218599
84,cluster-2,behavioural,8,22,False,1965,beyond,0.3268705699525567,True,8.14243838888285e-05,20.0,3.6482890713914654e-05,0.7697469857793955,0.1,0.1,-0.18433171033487367
84,cluster-2,behavioural,8,46,False,164,you,0.07058518499600135,True,0.0010158661228034805,261.0,0.0031890805121880614,-1.132109390860081,0.0,0.034482758620689655,-1.1502633991825233
84,cluster-2,behavioural,8,47,False,490,are,0.0823955195516997,True,0.00023651844843897838,60.0,0.0010024863883127853,-1.4450359037702025,0.0,0.06666666666666667,-0.9604353056207463
84,cluster-2,behavioural,8,48,False,328,too,0.284409029045423,True,0.00024039580005273212,61.0,0.0005821400387828991,-0.8849790557267045,0.0,0.06557377049180328,-1.7653400006696356
84,cluster-2,behavioural,8,49,False,346,small,0.19193136271095673,True,0.0010856584518510479,279.0,0.0010889349771783657,0.00911448476789456,0.24372759856630824,0.1039426523297491,-2.3385731177983855
84,cluster-2,behavioural,8,52,False,111,they,0.053819807936070385,True,0.004435690246134279,1143.0,0.016552128895639104,-1.3020002275619351,0.0,0.019247594050743656,-1.4174563363621002
84,cluster-2,behavioural,8,55,False,141,but,0.38603967733094374,True,0.009569303782744235,2467.0,0.006942852724121932,0.3361482074930153,0.00040535062829347385,0.019862180786380218,-0.9976410667715548
84,cluster-2,behavioural,8,58,False,1603,determined,0.14457941930712415,True,0.0004924236549467254,126.0,0.00013165564909803983,1.3269502273094353,0.0,0.06349206349206349,-1.42729993113339
84,cluster-2,behavioural,8,60,False,2522,prove,0.1428851832291298,True,5.4282922592552376e-05,13.0,1.2689701117883358e-05,1.3950167439362549,0.0,0.07692307692307693,-0.7610544494395347
84,cluster-2,behavioural,8,61,False,247,them,0.05947824930882273,True,0.0011127999131473236,286.0,0.0015108675393479872,-0.2935893680264483,0.0,0.03146853146853147,-0.9864513603609063
84,cluster-2,behavioural,8,93,False,3123,signs,0.4830044795413724,True,3.489616452378368e-05,8.0,2.1413870636428166e-05,0.3862607843900072,0.125,0.125,-0.3188333752220244
84,cluster-2,behavioural,8,94,False,115,of,0.057304642122631866,True,0.022663120182390615,5844.0,0.01210359554750112,0.6427710480942155,0.05715263518138262,0.029945242984257357,-0.827106624815041
84,cluster-2,behavioural,8,97,False,3,"""",0.1623800496012529,False,0.007723684414597451,1991.0,0.0371792380627585,-1.5562553484461028,0.0,0.02109492717227524,-1.2006848822152232
84,cluster-2,behavioural,8,111,False,120,it,0.05792055690590575,True,0.010600679312002731,2733.0,0.009780587136608598,0.09585850563652709,0.0014635931211123307,0.020856201975850714,-1.520944328029338
84,cluster-2,behavioural,8,115,False,2,!,0.15733733264957994,False,0.0002752919645765158,70.0,0.01939700126500458,-4.253520401732052,0.0,0.07142857142857142,-1.6289568313879956
84,cluster-2,behavioural,8,126,False,13,",",0.2256618456501308,False,0.06302635048156707,16254.0,0.05572444314022516,0.13877826145970173,0.06503014642549526,0.019933554817275746,-1.330168072387244
85,cluster-4,behavioural,5,4,True,776,sea,0.23459699755544536,True,0.0009136787427780498,234.0,0.00035689784394046944,0.9515142575209135,0.1452991452991453,0.05555555555555555,-1.2141211648732195
85,cluster-4,behavioural,5,5,True,1664,shimmered,0.1540928773855093,True,3.1103957200954895e-05,7.0,0.0001205521606198919,-1.4725296468633857,0.14285714285714285,0.14285714285714285,-0.8100850173395568
85,cluster-4,behavioural,5,6,False,394,under,0.10575099495488127,True,0.0018040295176553836,463.0,0.0010754521697406145,0.5308733105134706,0.1900647948164147,0.18142548596112312,-0.9330601263075895
85,cluster-4,behavioural,5,8,False,365,sun,0.19342686215800453,True,0.0015007659349460735,385.0,0.0011476248448485762,0.281436332583878,0.2935064935064935,0.17402597402597403,-0.505147851118272
85,cluster-4,behavioural,5,9,False,15,.,0.0775255811602249,False,0.06477787886563867,16660.0,0.0630210212830081,0.04318502641060906,0.0019807923169267707,0.01362545018007203,-1.1526130319021286
86,cluster-2,behavioural,1,1,True,1227,beneath,0.7176945392776,True,0.0011244319679885855,289.0,0.00044572575176565294,0.9375809469332408,0.328719723183391,0.2906574394463668,-0.08589068961880963
87,cluster-2,behavioural,1,1,True,1227,beneath,0.36972042546537004,True,0.0011244319679885855,289.0,0.00044572575176565294,0.9375809469332408,0.328719723183391,0.2906574394463668,-0.5626095201187082
87,cluster-2,behavioural,1,2,False,85,the,0.055466217188340106,True,0.05892798982582938,15197.0,0.04536171596483367,0.2772876666883315,0.09587418569454498,0.027242218858985326,-1.3434735753754414
87,cluster-2,behavioural,1,3,False,404,stars,0.08933145256922004,True,0.0006475177194968749,166.0,0.0010944867214174397,-0.5151948810802072,0.39759036144578314,0.1144578313253012,-1.1467339337312883
87,cluster-2,behavioural,1,12,False,572,sat,0.05490979213880004,True,0.000845262651798316,217.0,0.0006463816506921835,0.27936534901409704,0.12903225806451613,0.11059907834101383,-1.8507933744888978
87,cluster-2,behavioural,1,17,False,117,her,0.062110270321278624,True,0.014063154303084819,3626.0,0.008805859469491183,0.4835708789750308,0.0013789299503585218,0.01461665747380033,-0.9990724243074145
87,cluster-2,behavioural,1,20,False,32,a,0.132053382330489,True,0.0412899173348636,10648.0,0.038765450702493924,0.07870079231135296,0.11363636363636363,0.030334335086401203,-1.9224743734052399
87,cluster-2,behavioural,1,22,False,13,",",0.2565073585889522,False,0.06302635048156707,16254.0,0.05572444314022516,0.13877826145970173,0.06503014642549526,0.019933554817275746,-0.82882723407676
87,cluster-2,behavioural,1,23,False,165,had,0.5620635011655116,True,0.012236921693006811,3155.0,0.004977535263489747,0.9149117698368903,0.0003169572107765452,0.022820919175911253,-0.2522925836203119
87,cluster-2,behavioural,1,24,False,1415,gone,0.07081050597343863,True,0.0004342633807404191,111.0,0.00010706935318214083,1.4069115315884053,0.0,0.04504504504504504,-0.016468044416572347
88,cluster-1,behavioural,1,1,True,394,under,0.40258340927624586,True,0.0014965928217966114,384.0,0.0010754521697406145,0.34359529183971027,0.2630208333333333,0.20833333333333334,-0.5065291845662969
89,cluster-2,behavioural,1,1,True,1227,beneath,0.7901944673359365,True,0.0011244319679885855,289.0,0.00044572575176565294,0.9375809469332408,0.328719723183391,0.2906574394463668,-0.00985392349121117
89,cluster-2,behavioural,1,4,False,995,moon,0.10971160742379549,True,0.00043038602912666543,110.0,0.0003695875450583528,0.15895084038127028,0.5,0.3090909090909091,-0.909156942155589
89,cluster-2,behavioural,1,7,False,542,walked,0.1347483730535458,True,0.0017525629294166912,451.0,0.0009794863050366217,0.5952971991551008,0.0598669623059867,0.05543237250554324,-0.298459227800544
89,cluster-2,behavioural,1,15,False,1073,explore,0.5387995742086518,True,0.0002908013710315304,74.0,0.0003402426112232475,-0.15473571700934663,0.0,0.04054054054054054,-0.8124774998356953
89,cluster-2,behavioural,1,17,False,1038,park,0.11583623289485334,True,0.0002210090419839634,56.0,0.0004917259183179801,-0.8017116785894869,0.07142857142857142,0.07142857142857142,-1.1312358235810742
89,cluster-2,behavioural,1,19,False,266,every,0.3205372216750688,True,0.0005350745226980163,137.0,0.0007685200239518109,-0.3536275773481412,0.014598540145985401,0.0364963503649635,-2.4792437226629307
89,cluster-2,behavioural,1,23,False,542,walked,0.4550955562873945,True,0.0017525629294166912,451.0,0.0009794863050366217,0.5952971991551008,0.0598669623059867,0.05543237250554324,-0.503071824791685
89,cluster-2,behavioural,1,25,False,85,the,0.1183762346248623,True,0.05892798982582938,15197.0,0.04536171596483367,0.2772876666883315,0.09587418569454498,0.027242218858985326,-1.4669621052631636
89,cluster-2,behavioural,1,26,False,342,old,0.2497204801653281,True,0.004598539013911938,1185.0,0.0022119735261110426,0.7467157746562432,0.18059071729957807,0.06160337552742616,-1.884805233007281
89,cluster-2,behavioural,1,29,False,15,.,0.17658518613597285,False,0.05983916745506149,15432.0,0.0630210212830081,-0.03616695093773714,0.0011016070502851219,0.014515292897874546,-2.3416111151011663
89,cluster-2,behavioural,1,32,False,298,about,0.25961106988040605,True,0.0013299316035175334,342.0,0.0011626938649260626,0.14717396333050825,0.0029239766081871343,0.02631578947368421,-1.1230777574989874
89,cluster-2,behavioural,1,34,False,259,this,0.22932919513012562,True,0.001388091877723839,357.0,0.0020438349862990884,-0.37398932015822606,0.0,0.025210084033613446,-0.8740436542941525
89,cluster-2,behavioural,1,36,False,300,would,0.26125700235252836,True,0.0008181211905020393,210.0,0.0011706249281247397,-0.34732736572844836,0.0,0.03333333333333333,-0.8175117414372746
89,cluster-2,behavioural,1,38,False,289,bright,0.45860003478847244,True,0.0005777253904493073,148.0,0.0016694888033215293,-1.0522023636378668,0.07432432432432433,0.0472972972972973,-1.0078045745124373
89,cluster-2,behavioural,1,75,False,559,strange,0.14977509267870737,True,0.0016633838423003545,428.0,0.0007994511704266516,0.7460558556649834,0.011682242990654205,0.02336448598130841,-0.5802887381771948
89,cluster-2,behavioural,1,90,False,103,he,0.16829960776623654,True,0.016412829381019595,4232.0,0.010855246200029344,0.42888432604136906,0.0023629489603024575,0.013941398865784499,-1.0125302722902074
89,cluster-2,behavioural,1,91,False,1559,grabbed,0.05797179938102648,True,1.1632054841261235e-05,2.0,0.0002712423613947568,-3.5390074477881583,0.0,0.5,-1.6026047500831946
89,cluster-2,behavioural,1,93,False,3072,coat,0.16111287585643674,True,1.1632054841261235e-05,2.0,2.1413870636428166e-05,-1.0000335767298836,0.0,0.5,-0.24894688445394397
89,cluster-2,behavioural,1,106,False,85,the,0.40078470460127186,True,0.05892798982582938,15197.0,0.04536171596483367,0.2772876666883315,0.09587418569454498,0.027242218858985326,-0.9436976086310285
89,cluster-2,behavioural,1,108,False,421,dark,0.5640155520259296,True,0.003225956542643112,831.0,0.0009604517533597966,1.226084160016856,0.17087845968712395,0.048134777376654635,-0.14713297480852283
90,cluster-2,behavioural,1,1,True,762,once,0.39756612563976995,True,0.0024543635715061187,632.0,0.0006995197741233201,1.2693534468545664,0.060126582278481014,0.05379746835443038,-0.5148903307731905
90,cluster-2,behavioural,1,5,False,712,village,0.2394763858233102,True,0.0015586953487290037,401.0,0.0007605889607531337,0.730726461137631,0.2119700748129676,0.09975062344139651,-1.6340443030036391
90,cluster-2,behavioural,1,8,False,307,boy,0.11372877634085199,True,0.004493850520340585,1158.0,0.002706078763388626,0.5220518582358711,0.20379965457685664,0.0924006908462867,-1.0559731022489025
90,cluster-2,behavioural,1,9,False,1304,wandered,0.17793448222295094,True,0.0021170339811095425,545.0,0.0006503471822915221,1.1941375631194457,0.06972477064220184,0.06972477064220184,-0.2057456951844916
91,cluster-1,behavioural,1,1,True,3692,unexpectedly,0.4190374760224445,True,1.16617622477658e-05,2.0,1.3482807437751067e-05,-0.5348189557439458,0.5,0.5,-0.47958946528294
91,cluster-1,behavioural,1,3,False,32,a,0.07299314704452031,True,0.04502217678454117,11581.0,0.038765450702493924,0.16528563445860733,0.11302996287021846,0.02987652188930144,-1.5435122218078465
91,cluster-1,behavioural,1,6,False,413,kim,0.08664370664216825,True,0.0013605389289060104,349.0,0.002104904172928902,-0.42350408493740144,0.02865329512893983,0.04011461318051576,-1.2742881313513277
91,cluster-1,behavioural,1,10,False,755,book,0.14111675045830674,True,0.0006413969236271193,164.0,0.00047665689824049365,0.3065187010413144,0.03048780487804878,0.042682926829268296,-0.7343277806997183
91,cluster-1,behavioural,1,13,False,1866,library,0.323205866817979,True,3.4985286743297385e-05,8.0,0.00017210407141129305,-1.6952086041082985,0.0,0.125,-2.3845867601151354
92,cluster-2,behavioural,6,6,True,823,sound,0.39332068751371,True,0.00026365990973525465,67.0,0.00028710448779211095,-0.0842954837203056,0.05970149253731343,0.05970149253731343,-0.7539637219924193
92,cluster-2,behavioural,6,7,False,1149,echoed,0.0694333544802116,True,0.0007715929711369949,198.0,0.00022762151380203272,1.2314409236494148,0.10101010101010101,0.050505050505050504,-1.2860472797164244
92,cluster-2,behavioural,6,12,False,1880,echoing,0.44793480476369385,True,0.00032182018394156056,82.0,0.00010389692790266999,1.1341780327776014,0.0,0.036585365853658534,-0.5799532488062284
92,cluster-2,behavioural,6,19,False,344,feeling,0.38813670777420106,True,0.0013415636583587946,345.0,0.0010270726842286843,0.2799345516122216,0.0,0.02318840579710145,-0.12002652106290634
92,cluster-2,behavioural,6,20,False,2507,washed,0.5639885399934018,True,6.979232904756738e-05,17.0,3.5689784394046945e-05,0.6292069630003958,0.058823529411764705,0.11764705882352941,-0.1686855385356778
92,cluster-2,behavioural,6,30,False,13,",",0.08420320454294739,False,0.06302635048156707,16254.0,0.05572444314022516,0.13877826145970173,0.06503014642549526,0.019933554817275746,-1.2820074825450662
92,cluster-2,behavioural,6,31,False,141,but,0.09610160438566673,True,0.009569303782744235,2467.0,0.006942852724121932,0.3361482074930153,0.00040535062829347385,0.019862180786380218,-0.8476838884866522
92,cluster-2,behavioural,6,37,False,251,what,0.40017025068615747,True,0.0023535524295485205,606.0,0.0033120119917675562,-0.32757303477866007,0.0,0.024752475247524754,-1.4218658688947323
92,cluster-2,behavioural,6,38,False,242,is,0.11729265181032078,True,0.000612621554973091,157.0,0.0018511101505712347,-1.0964368987836925,0.0,0.044585987261146494,-1.1548740011901095
92,cluster-2,behavioural,6,39,False,2537,happening,0.09013192210200249,True,1.5509406455014963e-05,3.0,2.3000083276163587e-05,-0.6660274326038635,0.0,0.3333333333333333,-1.9213944681715718
92,cluster-2,behavioural,6,54,False,3784,##osed,0.053355456078394425,True,1.1632054841261235e-05,2.0,3.965531599338549e-06,0.6863653768403459,0.0,0.5,-1.0066950992752288
92,cluster-2,behavioural,6,57,False,156,his,0.1410956612213713,True,0.006575988336926344,1695.0,0.004697568732576446,0.35149577225208617,0.0011799410029498525,0.01592920353982301,-0.8233414293673094
92,cluster-2,behavioural,6,60,False,141,but,0.13305433088634666,True,0.009569303782744235,2467.0,0.006942852724121932,0.3361482074930153,0.00040535062829347385,0.019862180786380218,-1.5832856642505633
93,cluster-2,behavioural,1,1,True,1592,quietly,0.4732247713551125,True,0.00025202785489399326,64.0,0.00018003513460997014,0.3365891745927687,0.703125,0.671875,-0.39567602091478093
93,cluster-2,behavioural,1,4,False,572,sat,0.28117972856690343,True,0.000845262651798316,217.0,0.0006463816506921835,0.27936534901409704,0.12903225806451613,0.11059907834101383,-0.28040863002608796
94,cluster-2,behavioural,1,1,True,1227,beneath,0.7208604502350722,True,0.0011244319679885855,289.0,0.00044572575176565294,0.9375809469332408,0.328719723183391,0.2906574394463668,-0.082446774038746
94,cluster-2,behavioural,1,57,False,8,',0.14357004519280525,False,0.0027955705135164475,720.0,0.00764316560456512,-0.9914578151266866,0.006944444444444444,0.018055555555555554,-0.5987942248585063
94,cluster-2,behavioural,1,69,False,2435,dad,0.10348928537917353,True,3.87735161375374e-06,0.0,2.5379402235766717e-05,-inf,0.0,0.0,-2.4040793262762676
94,cluster-2,behavioural,1,71,False,740,sharing,0.08172048161807449,True,0.00019774493230144082,50.0,0.00034658746178218924,-0.5652540809529434,0.0,0.06,-1.2131773754833706
94,cluster-2,behavioural,1,72,False,85,the,0.5899103432913677,True,0.05892798982582938,15197.0,0.04536171596483367,0.2772876666883315,0.09587418569454498,0.027242218858985326,-0.6335907631433524
94,cluster-2,behavioural,1,78,False,156,his,0.13587333839992666,True,0.006575988336926344,1695.0,0.004697568732576446,0.35149577225208617,0.0011799410029498525,0.01592920353982301,-0.2943277664525801
94,cluster-2,behavioural,1,85,False,2346,asking,0.27083780234563026,True,3.8773516137537444e-05,9.0,7.375888774769702e-05,-0.7327188071025379,0.0,0.1111111111111111,-0.6326298686948908
94,cluster-2,behavioural,1,86,False,2698,questions,0.7071805982288606,True,0.0002210090419839634,56.0,4.679327287219488e-05,1.550470355543931,0.0,0.05357142857142857,-0.10484434024537492
94,cluster-2,behavioural,1,91,False,85,the,0.2150487991150266,True,0.05892798982582938,15197.0,0.04536171596483367,0.2772876666883315,0.09587418569454498,0.027242218858985326,-0.7641459515181248
94,cluster-2,behavioural,1,102,False,3221,cracked,0.1955934764190775,True,0.00031406548071405334,80.0,6.900024982849076e-05,1.5187746247337977,0.0375,0.05,-4.228778616245457
94,cluster-2,behavioural,1,103,False,13,",",0.48772848085540343,False,0.06302635048156707,16254.0,0.05572444314022516,0.13877826145970173,0.06503014642549526,0.019933554817275746,-1.122180382972857
94,cluster-2,behavioural,1,104,False,369,made,0.2886837315829992,True,0.00040324456783038924,103.0,0.0011880732671618293,-1.0745010671330295,0.0,0.04854368932038835,-4.6673598358623005
95,cluster-1,behavioural,4,3,True,1051,hill,0.26665524368570126,True,0.0002254607367901387,57.0,0.00031724252794708397,-0.34316607152110734,0.24561403508771928,0.15789473684210525,-0.5200373463577883
95,cluster-1,behavioural,4,4,True,108,in,0.27921282797738106,True,0.014985364488379047,3854.0,0.010290554500283535,0.39133434869254735,0.16242864556305137,0.04929942916450441,-0.9134755137643995
95,cluster-1,behavioural,4,5,False,32,a,0.10126567930799235,True,0.04502217678454117,11581.0,0.038765450702493924,0.16528563445860733,0.11302996287021846,0.02987652188930144,-1.4079189146244044
95,cluster-1,behavioural,4,12,False,275,girl,0.6557571751559973,True,0.0055898713707624075,1437.0,0.003378632922636444,0.5185356545679332,0.13082811412665274,0.07654836464857341,-0.9389440569166777
95,cluster-1,behavioural,4,14,False,587,lily,0.05244463693361545,True,0.0008746321685824348,224.0,0.0010167623020704041,-0.13928337787325162,0.026785714285714284,0.0625,-1.0246850132657983
95,cluster-1,behavioural,4,20,False,85,the,0.159596097418772,True,0.05475197375326044,14084.0,0.04536171596483367,0.2038201270674933,0.09791252485089463,0.0227918205055382,-0.7156317564007586
95,cluster-1,behavioural,4,38,False,757,curious,0.07249926105708082,True,0.0011661762247765796,299.0,0.0006717610529279502,0.5639900864909562,0.043478260869565216,0.023411371237458192,-0.28843499405689466
95,cluster-1,behavioural,4,52,False,312,light,0.23396644673323042,True,0.0010651076186292765,273.0,0.0005710365503047511,0.6354677909271826,0.05128205128205128,0.03296703296703297,-1.411475000455135
95,cluster-1,behavioural,4,53,False,316,filled,0.5386550983271455,True,0.003401347322265026,874.0,0.00191852418775999,0.5872180727978327,0.09038901601830664,0.02517162471395881,-0.4336153921785577
95,cluster-1,behavioural,4,56,False,15,.,0.1311564875977591,False,0.05323983191513346,13695.0,0.0630210212830081,-0.1529883247882995,7.301935012778386e-05,0.016502373128879155,-2.0407154163682026
95,cluster-1,behavioural,4,62,False,940,appeared,0.05148320328998679,True,0.00035762737559815117,91.0,0.0002664837234755505,0.2989955543059697,0.0,0.054945054945054944,-1.465741374581208
95,cluster-1,behavioural,4,63,False,15,.,0.2559148064592736,False,0.05323983191513346,13695.0,0.0630210212830081,-0.1529883247882995,7.301935012778386e-05,0.016502373128879155,-2.6257955527496497
95,cluster-1,behavioural,4,64,False,85,the,0.238874858101227,True,0.05475197375326044,14084.0,0.04536171596483367,0.2038201270674933,0.09791252485089463,0.0227918205055382,-0.5967027664021025
95,cluster-1,behavioural,4,73,False,13,",",0.07101488966335268,False,0.06767709357786753,17409.0,0.05572444314022516,0.21001764204309392,0.06410477339307255,0.02136825779769085,-1.2359954201493002
96,cluster-2,behavioural,1,1,True,1227,beneath,0.5903559415888979,True,0.0011244319679885855,289.0,0.00044572575176565294,0.9375809469332408,0.328719723183391,0.2906574394463668,-0.2352718760189978
96,cluster-2,behavioural,1,7,False,3663,warrior,0.3239151272807126,True,6.203762582005987e-05,15.0,1.3482807437751067e-05,1.4774929657604936,0.0,0.06666666666666667,-0.03453465284152557
96,cluster-2,behavioural,1,19,False,2311,beast,0.11222098888238408,True,2.326410968252243e-05,5.0,4.758637919206259e-06,1.4203345519205453,0.0,0.2,-0.40398682641416617
96,cluster-2,behavioural,1,31,False,326,looked,0.29971624867383667,True,0.00048079160010546386,123.0,0.0010587969370233928,-0.781846106747432,0.0,0.04065040650406504,-1.513129509457709
96,cluster-2,behavioural,1,32,False,1490,very,0.2726724823382707,True,0.00010856584518510475,27.0,0.00031882874058681936,-1.0979591139001919,0.0,0.07407407407407407,-3.4244363930132105
96,cluster-2,behavioural,1,35,False,85,the,0.10413292210156455,True,0.05892798982582938,15197.0,0.04536171596483367,0.2772876666883315,0.09587418569454498,0.027242218858985326,-0.7618010428969393
97,cluster-4,behavioural,2,2,True,2109,dawn,0.2910501779187142,True,2.7215962550835532e-05,6.0,3.1724252794708394e-05,-0.291679259958304,0.5,0.3333333333333333,-0.47184971366025374
97,cluster-4,behavioural,2,5,False,1484,pirate,0.4420483695892923,True,0.001485213956345596,381.0,0.0003069321457888037,1.5898154070244956,0.08661417322834646,0.04461942257217848,-0.046867632621665045
97,cluster-4,behavioural,2,8,False,139,on,0.10093151133577472,True,0.007426069781727981,1909.0,0.00403453184916704,0.6253320038305601,0.08328968046097433,0.025144054478784705,-1.230225534160209
97,cluster-4,behavioural,2,9,False,85,the,0.1419584564521461,True,0.04855716518534071,12488.0,0.04536171596483367,0.08374242616307148,0.08784433055733504,0.024583600256245997,-1.1750328301121116
97,cluster-4,behavioural,2,10,False,280,do,0.25708701708214354,True,0.0010419825662319885,267.0,0.0010548314054240541,-0.0002448378879726931,0.0,0.033707865168539325,-0.5141865276284774
97,cluster-4,behavioural,2,34,False,15,.,0.2545145867279526,False,0.06477787886563867,16660.0,0.0630210212830081,0.04318502641060906,0.0019807923169267707,0.01362545018007203,-1.3354764414259126
98,cluster-2,behavioural,1,1,True,394,under,0.662828847430591,True,0.0007018006420894272,180.0,0.0010754521697406145,-0.41668150889563105,0.4722222222222222,0.4722222222222222,-0.14753893035917365
98,cluster-2,behavioural,1,7,False,307,boy,0.13232025910166,True,0.004493850520340585,1158.0,0.002706078763388626,0.5220518582358711,0.20379965457685664,0.0924006908462867,-0.7406860882886466
98,cluster-2,behavioural,1,8,False,578,stood,0.09432338506252824,True,0.0018611287746017953,479.0,0.0006574851391703315,1.0541365509901208,0.10647181628392484,0.07724425887265135,-0.30327139405393755
98,cluster-2,behavioural,1,12,False,15,.,0.340295028671629,False,0.05983916745506149,15432.0,0.0630210212830081,-0.03616695093773714,0.0011016070502851219,0.014515292897874546,-2.5130430886182324
98,cluster-2,behavioural,1,15,False,911,raced,0.21169692825405406,True,0.0005040557097879865,129.0,0.00034975988706166007,0.37342363762932607,0.0,0.03875968992248062,-1.8484043841909232
98,cluster-2,behavioural,1,16,False,15,.,0.10556297142385307,False,0.05983916745506149,15432.0,0.0630210212830081,-0.03616695093773714,0.0011016070502851219,0.014515292897874546,-2.7456061294687566
99,cluster-4,behavioural,2,2,True,417,big,0.4166674856537569,True,0.004801673392897413,1234.0,0.0027544582489005564,0.5706828766488359,0.04943273905996758,0.01539708265802269,-0.46635708661969333
99,cluster-4,behavioural,2,4,False,1167,lay,0.41497975818360155,True,0.0001399678074042971,35.0,0.0002601388729166088,-0.6322248219671529,0.3142857142857143,0.17142857142857143,-2.0731796647362857
99,cluster-4,behavioural,2,8,False,15,.,0.2511157219626886,False,0.06477787886563867,16660.0,0.0630210212830081,0.04318502641060906,0.0019807923169267707,0.01362545018007203,-1.1576067417769689
99,cluster-4,behavioural,2,9,False,32,a,0.2987952734339413,True,0.040419592382640875,10395.0,0.038765450702493924,0.05743824874159609,0.12833092833092832,0.034728234728234726,-0.40975113041436173
99,cluster-4,behavioural,2,12,False,661,watched,0.1852161447070007,True,6.60959090520292e-05,16.0,0.0002966217636305235,-1.5462263502471725,0.0625,0.1875,-1.3355193944197437
99,cluster-4,behavioural,2,13,False,120,it,0.2667004168125034,True,0.012880926275845445,3312.0,0.009780587136608598,0.2907954514266873,0.004227053140096618,0.016908212560386472,-0.8330080001489809
99,cluster-4,behavioural,2,16,False,348,eyes,0.6799726145598124,True,0.002643836362081167,679.0,0.0016623508464427199,0.4782758070453399,0.010309278350515464,0.041237113402061855,-0.7183252152285697
99,cluster-4,behavioural,2,19,False,251,what,0.05623621105810184,True,0.004809449382197648,1236.0,0.0033120119917675562,0.38796723338273864,0.01779935275080906,0.019417475728155338,-1.5347384644604845
99,cluster-4,behavioural,2,21,False,515,there,0.2706713154192154,True,0.001975101282260636,507.0,0.0012150388820373315,0.4996223782182234,0.023668639053254437,0.021696252465483234,-0.17077710273635383
99,cluster-4,behavioural,2,34,False,515,there,0.3687833657890289,True,0.001975101282260636,507.0,0.0012150388820373315,0.4996223782182234,0.023668639053254437,0.021696252465483234,-0.10089658744897623
99,cluster-4,behavioural,2,35,False,490,are,0.07556423435403886,True,0.0008203668711751853,210.0,0.0010024863883127853,-0.18948831906175645,0.13333333333333333,0.06666666666666667,-1.2851476369540935
99,cluster-4,behavioural,2,36,False,931,secrets,0.3424146621341692,True,0.00035769550781098125,91.0,0.0009549000091207227,-0.9771043944243392,0.04395604395604396,0.04395604395604396,-1.3599173269261353
99,cluster-4,behavioural,2,40,False,85,the,0.06535059343798283,True,0.04855716518534071,12488.0,0.04536171596483367,0.08374242616307148,0.08784433055733504,0.024583600256245997,-1.553662959160766
100,cluster-1,behavioural,1,1,True,880,above,0.32971947540660945,True,0.0005481028256449926,140.0,0.00026965614875502133,0.7179440127514223,0.2785714285714286,0.07857142857142857,-0.6354077042459032
100,cluster-1,behavioural,1,9,False,752,lena,0.07195531388211221,True,0.0007346910216092454,188.0,0.0008248305726624183,-0.10528682155314506,0.03723404255319149,0.0425531914893617,-1.1875438934258116
100,cluster-1,behavioural,1,12,False,1436,golden,0.36786182091359776,True,0.0008007743410132516,205.0,0.0002752078929940953,1.0789324069438733,0.14634146341463414,0.06829268292682927,-1.4642012437067136
100,cluster-1,behavioural,1,13,False,1290,shell,0.34404857400474903,True,0.0002293479908727274,58.0,0.00017527649669076388,0.26752751678099074,0.0,0.05172413793103448,-0.9623602319526269
100,cluster-1,behavioural,1,18,False,32,a,0.2134799984827701,True,0.04502217678454117,11581.0,0.038765450702493924,0.16528563445860733,0.11302996287021846,0.02987652188930144,-1.1893211805346429
100,cluster-1,behavioural,1,20,False,108,in,0.3309959497696161,True,0.014985364488379047,3854.0,0.010290554500283535,0.39133434869254735,0.16242864556305137,0.04929942916450441,-0.35457711252790225
100,cluster-1,behavioural,1,21,False,85,the,0.31383365952809283,True,0.05475197375326044,14084.0,0.04536171596483367,0.2038201270674933,0.09791252485089463,0.0227918205055382,-1.3964606996896187
100,cluster-1,behavioural,1,24,False,757,curious,0.5359732020961538,True,0.0011661762247765796,299.0,0.0006717610529279502,0.5639900864909562,0.043478260869565216,0.023411371237458192,-0.3897785398147904
100,cluster-1,behavioural,1,31,False,157,felt,0.11143502225035917,True,0.003416896338595381,878.0,0.003036804098773461,0.1325348499101464,0.0,0.02050113895216401,-0.9036313394973273
101,cluster-4,behavioural,3,1,True,394,under,0.09766316506801703,True,0.0018040295176553836,463.0,0.0010754521697406145,0.5308733105134706,0.1900647948164147,0.18142548596112312,-1.2117927503322425
101,cluster-4,behavioural,3,2,True,85,the,0.082895062430839,True,0.04855716518534071,12488.0,0.04536171596483367,0.08374242616307148,0.08784433055733504,0.024583600256245997,-1.3101460868922994
101,cluster-4,behavioural,3,3,True,289,bright,0.5089461348984695,True,0.0020645251592133805,530.0,0.0016694888033215293,0.22624698535726306,0.4226415094339623,0.18679245283018867,-0.5362979679671515
101,cluster-4,behavioural,3,4,False,408,sky,0.054210059139401134,True,0.0010653105341327052,273.0,0.0013141771720207953,-0.19785149731402552,0.4358974358974359,0.15018315018315018,-1.1141017814956695
101,cluster-4,behavioural,3,19,False,94,and,0.11308594029259023,True,0.022725328729947668,5844.0,0.018549963715385868,0.21859039244727319,0.02087611225188227,0.011978097193702943,-0.9916351287268118
101,cluster-4,behavioural,3,23,False,312,light,0.20121549061949903,True,0.00043156740616324897,110.0,0.0005710365503047511,-0.27333012129010736,0.1,0.09090909090909091,-0.4056051796222931
101,cluster-4,behavioural,3,47,False,526,down,0.0937841580311639,True,0.0008203668711751853,210.0,0.0010786245950200853,-0.2626917230850516,0.08571428571428572,0.02857142857142857,-0.5961466924315763
101,cluster-4,behavioural,3,48,False,15,.,0.5327729506225223,False,0.06477787886563867,16660.0,0.0630210212830081,0.04318502641060906,0.0019807923169267707,0.01362545018007203,-1.3555065823622219
101,cluster-4,behavioural,3,49,False,251,what,0.20775087109495916,True,0.004809449382197648,1236.0,0.0033120119917675562,0.38796723338273864,0.01779935275080906,0.019417475728155338,-0.5186754590171532
101,cluster-4,behavioural,3,50,False,218,could,0.13802989969311052,True,0.001178062378986167,302.0,0.0016544197832440428,-0.3271358932582711,0.0,0.023178807947019868,-1.0497006689078359
101,cluster-4,behavioural,3,68,False,251,what,0.057989369458790185,True,0.004809449382197648,1236.0,0.0033120119917675562,0.38796723338273864,0.01779935275080906,0.019417475728155338,-1.0035118805072418
101,cluster-4,behavioural,3,69,False,120,it,0.0783591694670227,True,0.012880926275845445,3312.0,0.009780587136608598,0.2907954514266873,0.004227053140096618,0.016908212560386472,-0.8309814245864415
101,cluster-4,behavioural,3,72,False,1151,without,0.05171325105260527,True,3.1103957200954895e-05,7.0,0.00018955241044838267,-1.9251126779486203,0.2857142857142857,0.2857142857142857,-0.6754064373470268
101,cluster-4,behavioural,3,76,False,1559,grabbed,0.3458374641232525,True,0.000890350774877334,228.0,0.0002712423613947568,1.1999756168194136,0.008771929824561403,0.039473684210526314,-1.0889396142858727
101,cluster-4,behavioural,3,77,False,117,her,0.1450390837335661,True,0.00432345005093273,1111.0,0.008805859469491183,-0.6965141064870588,0.016201620162016202,0.025202520252025202,-1.1714527311478125
101,cluster-4,behavioural,3,78,False,1598,paint,0.056988446336466714,True,1.9439973250596825e-05,4.0,0.0004409671138464467,-3.329033208203114,0.25,0.25,-3.3665206550443325
102,cluster-2,behavioural,1,1,True,2367,mysterious,0.4087142976817208,True,0.00013570730648138107,34.0,0.0001443453502159232,-0.07499005374613432,0.4117647058823529,0.4117647058823529,-0.49640625487735424
102,cluster-2,behavioural,1,4,False,1199,across,0.642836650427943,True,0.00020549963552894833,52.0,0.0003291391227450996,-0.47437869293477064,0.7884615384615384,0.36538461538461536,-0.22100767923963838
102,cluster-2,behavioural,1,34,False,157,felt,0.3159396364773328,True,0.008006731082401478,2064.0,0.003036804098773461,0.9846982838386591,0.0009689922480620155,0.016472868217054265,-0.7112756429924514
102,cluster-2,behavioural,1,35,False,899,heavy,0.5100128850063014,True,0.0020201001907657005,520.0,0.000459208559203404,1.4951824427169784,0.03076923076923077,0.025,-0.5733014715787424
102,cluster-2,behavioural,1,37,False,85,the,0.0652076634064791,True,0.05892798982582938,15197.0,0.04536171596483367,0.2772876666883315,0.09587418569454498,0.027242218858985326,-0.8139790486047744
103,cluster-1,behavioural,1,1,True,3692,unexpectedly,0.49890512936814907,True,1.16617622477658e-05,2.0,1.3482807437751067e-05,-0.5348189557439458,0.5,0.5,-0.3582402693241695
103,cluster-1,behavioural,1,3,False,32,a,0.05777127518964553,True,0.04502217678454117,11581.0,0.038765450702493924,0.16528563445860733,0.11302996287021846,0.02987652188930144,-1.5435122218078465
103,cluster-1,behavioural,1,5,False,2287,orange,0.06058547604662734,True,0.0002254607367901387,57.0,8.962101414505122e-05,0.9209106568745327,0.07017543859649122,0.10526315789473684,-1.0810057804531774
103,cluster-1,behavioural,1,13,False,201,an,0.07480244306827014,True,0.0011000929053725736,282.0,0.0014664535854353956,-0.2752459526966877,0.08156028368794327,0.04964539007092199,-1.4171066471986915
103,cluster-1,behavioural,1,16,False,570,rita,0.14581387654032116,True,0.0005908626205534671,151.0,0.0010635555749425988,-0.5786438387144299,0.039735099337748346,0.059602649006622516,-1.1046789194082596
103,cluster-1,behavioural,1,18,False,139,on,0.19928444524978745,True,0.003642357075385517,936.0,0.00403453184916704,-0.08758086059284853,0.09081196581196581,0.03632478632478633,-0.7788848013570805
103,cluster-1,behavioural,1,36,False,1851,declared,0.07338088516694044,True,4.275979490847463e-05,10.0,9.358654574438976e-05,-0.8628523237192951,0.0,0.2,-1.6007590871689807
103,cluster-1,behavioural,1,37,False,130,with,0.22628869541382898,True,0.013628712813555629,3505.0,0.008632169185440155,0.4721439073178768,0.01768901569186876,0.011982881597717546,-1.0097071845368157
103,cluster-1,behavioural,1,38,False,32,a,0.06353804894320608,True,0.04502217678454117,11581.0,0.038765450702493924,0.16528563445860733,0.11302996287021846,0.02987652188930144,-1.6018950428076044
104,cluster-2,behavioural,2,1,True,32,a,0.12769509684973546,True,0.0412899173348636,10648.0,0.038765450702493924,0.07870079231135296,0.11363636363636363,0.030334335086401203,-1.1156716857032034
104,cluster-2,behavioural,2,2,True,421,dark,0.6209032338763458,True,0.003225956542643112,831.0,0.0009604517533597966,1.226084160016856,0.17087845968712395,0.048134777376654635,-0.05546459966148065
104,cluster-2,behavioural,2,22,False,210,day,0.08318435530540949,True,0.001267893977697473,326.0,0.0030027005270191497,-0.8495118416880612,0.006134969325153374,0.03374233128834356,-1.1817397121625064
104,cluster-2,behavioural,2,24,False,32,a,0.3065786456867643,True,0.0412899173348636,10648.0,0.038765450702493924,0.07870079231135296,0.11363636363636363,0.030334335086401203,-0.8068830495040807
104,cluster-2,behavioural,2,27,False,317,leo,0.1289852434981411,True,0.0014113559874063624,363.0,0.0024594226979097683,-0.5424209761210976,0.030303030303030304,0.05234159779614325,-1.4264546906160562
104,cluster-2,behavioural,2,29,False,85,the,0.18269817597517213,True,0.05892798982582938,15197.0,0.04536171596483367,0.2772876666883315,0.09587418569454498,0.027242218858985326,-1.2196519833594022
104,cluster-2,behavioural,2,35,False,120,it,0.47692041248497086,True,0.010600679312002731,2733.0,0.009780587136608598,0.09585850563652709,0.0014635931211123307,0.020856201975850714,-0.7884569113412302
104,cluster-2,behavioural,2,37,False,505,soft,0.09295797150761986,True,0.000496301006560479,127.0,0.0006495540759716544,-0.2612408886799775,0.08661417322834646,0.047244094488188976,-2.2685949710709696
104,cluster-2,behavioural,2,38,False,13,",",0.4121357677620758,False,0.06302635048156707,16254.0,0.05572444314022516,0.13877826145970173,0.06503014642549526,0.019933554817275746,-0.39337874376815185
104,cluster-2,behavioural,2,41,False,149,that,0.6570979926274387,True,0.007308807791925802,1884.0,0.00475467238760692,0.445127496389194,0.0005307855626326964,0.014861995753715499,-0.8373042197525836
104,cluster-2,behavioural,2,43,False,108,in,0.19505134824043235,True,0.012492826899514559,3221.0,0.010290554500283535,0.20932355001160996,0.1561626823967712,0.04594846321018317,-1.3929764013525385
104,cluster-2,behavioural,2,45,False,1209,darkness,0.24091577361316796,True,0.0006785365324069048,174.0,0.0001443453502159232,1.5577047208522332,0.06321839080459771,0.04597701149425287,-0.42981405833868935
104,cluster-2,behavioural,2,100,False,280,do,0.058512604899701226,True,0.00025978255812150074,66.0,0.0010548314054240541,-1.4006233704748734,0.0,0.045454545454545456,-0.5775941233211377
105,cluster-2,behavioural,1,1,True,1257,gentle,0.39494714201789144,True,3.8773516137537444e-05,9.0,0.00047189826032128737,-2.588680719494911,0.4444444444444444,0.4444444444444444,-0.5192827143274625
105,cluster-2,behavioural,1,38,False,1460,##ast,0.08998682687605275,True,2.326410968252243e-05,5.0,8.089684462650641e-05,-1.4128787921356718,0.2,0.2,-1.683505058938234
105,cluster-2,behavioural,1,41,False,141,but,0.3914822499527175,True,0.009569303782744235,2467.0,0.006942852724121932,0.3361482074930153,0.00040535062829347385,0.019862180786380218,-0.9459120720531828
105,cluster-2,behavioural,1,42,False,156,his,0.29003479497881657,True,0.006575988336926344,1695.0,0.004697568732576446,0.35149577225208617,0.0011799410029498525,0.01592920353982301,-0.971781343375183
105,cluster-2,behavioural,1,44,False,792,gl,0.3132278849180691,True,0.00014346200970888855,36.0,0.0001697247524516899,-0.1798009678512411,0.027777777777777776,0.05555555555555555,-0.7260023420963502
105,cluster-2,behavioural,1,45,False,3809,##inted,0.13149649549532005,True,2.7141461296276185e-05,6.0,5.5517442390739695e-06,1.4485054288872412,0.0,0.16666666666666666,-0.32024272812851917
106,cluster-2,behavioural,5,1,True,1945,eagerly,0.0637141979892093,True,7.366968066132105e-05,18.0,0.00013482807437751066,-0.6427705704395983,0.9444444444444444,0.9444444444444444,-1.3328893456266773
106,cluster-2,behavioural,5,3,True,32,a,0.07334601627050819,True,0.0412899173348636,10648.0,0.038765450702493924,0.07870079231135296,0.11363636363636363,0.030334335086401203,-1.422472745640771
106,cluster-2,behavioural,5,4,True,275,girl,0.15597071661382034,True,0.005110349426927429,1317.0,0.003378632922636444,0.4287433711943649,0.20501138952164008,0.12072892938496584,-1.2242465442458212
106,cluster-2,behavioural,5,5,True,773,stepped,0.464834979943916,True,0.0010856584518510479,279.0,0.00040686354209213516,0.9935920453650962,0.04659498207885305,0.03225806451612903,-0.13305433854083315
106,cluster-2,behavioural,5,86,False,529,did,0.7899596460603507,True,0.0006358856646556136,163.0,0.0003727599703378236,0.5436736148171581,0.006134969325153374,0.03680981595092025,-0.1549518542076247
106,cluster-2,behavioural,5,87,False,13,",",0.08106703837309936,False,0.06302635048156707,16254.0,0.05572444314022516,0.13877826145970173,0.06503014642549526,0.019933554817275746,-0.6776003343441531
106,cluster-2,behavioural,5,93,False,251,what,0.12910576053114664,True,0.0023535524295485205,606.0,0.0033120119917675562,-0.32757303477866007,0.0,0.024752475247524754,-0.9392792318699885
107,cluster-1,behavioural,1,1,True,85,the,0.47825204591016107,True,0.05475197375326044,14084.0,0.04536171596483367,0.2038201270674933,0.09791252485089463,0.0227918205055382,-0.38823631099329825
107,cluster-1,behavioural,1,28,False,838,softly,0.07610625748037744,True,0.0008007743410132516,205.0,0.0002982079762702589,0.9986680435008379,0.4292682926829268,0.22439024390243903,-0.6245507254454076
107,cluster-1,behavioural,1,30,False,657,whispered,0.16785815456441955,True,0.0015743379034483835,404.0,0.0009850380492756956,0.4821838232200504,0.09900990099009901,0.039603960396039604,-0.6804517371884523
107,cluster-1,behavioural,1,32,False,115,of,0.3899289749588299,True,0.01982110856711927,5098.0,0.01210359554750112,0.5087949591975103,0.058061985092193014,0.021184778344448804,-0.5298587707431396
108,cluster-2,behavioural,1,1,True,1957,happily,0.4297098758403444,True,7.754703227507482e-06,1.0,0.0001538626260543357,-3.665202050348828,0.0,1.0,-0.4624960802050806
108,cluster-2,behavioural,1,3,False,32,a,0.08870002960354462,True,0.0412899173348636,10648.0,0.038765450702493924,0.07870079231135296,0.11363636363636363,0.030334335086401203,-1.7157147562929032
108,cluster-2,behavioural,1,4,False,307,boy,0.09389719801383889,True,0.004493850520340585,1158.0,0.002706078763388626,0.5220518582358711,0.20379965457685664,0.0924006908462867,-1.159246707910558
108,cluster-2,behavioural,1,6,False,372,alex,0.25893336717790294,True,0.001252384571242459,322.0,0.002004179670305703,-0.4575804531292862,0.031055900621118012,0.049689440993788817,-0.9542781215617117
108,cluster-2,behavioural,1,9,False,85,the,0.18329698873578826,True,0.05892798982582938,15197.0,0.04536171596483367,0.2772876666883315,0.09587418569454498,0.027242218858985326,-1.127442168011556
108,cluster-2,behavioural,1,56,False,408,sky,0.09508390031279533,True,0.0006591497743381361,169.0,0.0013141771720207953,-0.6802091937889898,0.40236686390532544,0.10650887573964497,-2.0673989912898505
108,cluster-2,behavioural,1,62,False,3,"""",0.08488147246031873,False,0.007723684414597451,1991.0,0.0371792380627585,-1.5562553484461028,0.0,0.02109492717227524,-1.1852953746162955
108,cluster-2,behavioural,1,63,False,384,let,0.12675725701754548,True,8.917908711633602e-05,22.0,0.0029598727857462932,-3.5310009998944176,0.0,0.13636363636363635,-2.5112775539641827
109,cluster-1,behavioural,1,1,True,394,under,0.4172245897848991,True,0.0014965928217966114,384.0,0.0010754521697406145,0.34359529183971027,0.2630208333333333,0.20833333333333334,-0.482522318416863
109,cluster-1,behavioural,1,16,False,798,special,0.2946953774855728,True,0.0019008672463858255,488.0,0.000631312630614697,1.1159634277610886,0.0020491803278688526,0.03278688524590164,-0.24952874600814023
109,cluster-1,behavioural,1,19,False,316,filled,0.7410182854856046,True,0.003401347322265026,874.0,0.00191852418775999,0.5872180727978327,0.09038901601830664,0.02517162471395881,-1.363257640523345
109,cluster-1,behavioural,1,24,False,609,loved,0.07125124344975244,True,0.003039832692584285,781.0,0.00203986945469975,0.41338327223449944,0.005121638924455826,0.0499359795134443,-0.9869577963298863
109,cluster-1,behavioural,1,25,False,1211,watching,0.20581646778015378,True,0.0004625832358280434,118.0,0.00021175938740467854,0.7886831738177396,0.0,0.0423728813559322,-1.809802611544812
109,cluster-1,behavioural,1,26,False,247,them,0.13199458600060376,True,0.0018814309759728827,483.0,0.0015108675393479872,0.23302657384409553,0.0,0.024844720496894408,-1.3540000834272863
109,cluster-1,behavioural,1,28,False,2610,tonight,0.19873372210208862,True,0.00017881368779907572,45.0,5.155191079140114e-05,1.2375224276270078,0.0,0.06666666666666667,-0.5586087963575705
109,cluster-1,behavioural,1,29,False,127,was,0.5563926729072979,True,0.006631655464896152,1705.0,0.008326823252291086,-0.2124676960450005,0.013489736070381233,0.02287390029325513,-0.24576501375729132
109,cluster-1,behavioural,1,30,False,798,special,0.20412759417899162,True,0.0019008672463858255,488.0,0.000631312630614697,1.1159634277610886,0.0020491803278688526,0.03278688524590164,-0.9856737517410564
109,cluster-1,behavioural,1,33,False,165,had,0.06090009715273009,True,0.002565587694508475,659.0,0.004977535263489747,-0.6485173715980919,0.0030349013657056147,0.018209408194233688,-1.306772403919937
109,cluster-1,behavioural,1,34,False,32,a,0.05521222974875539,True,0.04502217678454117,11581.0,0.038765450702493924,0.16528563445860733,0.11302996287021846,0.02987652188930144,-1.6010296617308406
109,cluster-1,behavioural,1,35,False,768,letter,0.25242210197325576,True,0.0014188477401448386,364.0,0.0006194160358166815,0.8418259255493794,0.0027472527472527475,0.02197802197802198,-1.7854905154896916
109,cluster-1,behavioural,1,38,False,13,",",0.26893172884053523,False,0.06767709357786753,17409.0,0.05572444314022516,0.21001764204309392,0.06410477339307255,0.02136825779769085,-0.926564202109899
109,cluster-1,behavioural,1,40,False,111,they,0.14463313628543306,True,0.007358571978340217,1892.0,0.016552128895639104,-0.7954310427070981,0.0,0.01849894291754757,-2.2246668052612524
109,cluster-1,behavioural,1,46,False,108,in,0.3191873517978455,True,0.014985364488379047,3854.0,0.010290554500283535,0.39133434869254735,0.16242864556305137,0.04929942916450441,-0.20730867032059597
109,cluster-1,behavioural,1,48,False,1678,same,0.48436998415601634,True,0.00010106860614730363,25.0,8.406926990597725e-05,0.16068393850845908,0.0,0.08,-0.30462130999782167
109,cluster-1,behavioural,1,49,False,426,dreams,0.13707320065659323,True,0.002927102324189215,752.0,0.0011928319050810356,0.9121000271923787,0.018617021276595744,0.017287234042553192,-0.9927834880744024
109,cluster-1,behavioural,1,52,False,165,had,0.10045359146522675,True,0.002565587694508475,659.0,0.004977535263489747,-0.6485173715980919,0.0030349013657056147,0.018209408194233688,-0.8819720671339832
109,cluster-1,behavioural,1,53,False,454,shared,0.4675460244609877,True,0.0012905683554194157,331.0,0.000521863958472953,0.9181606518040706,0.0,0.030211480362537766,-0.0931363570863919
109,cluster-1,behavioural,1,69,False,304,ma,0.1048016552117701,True,5.053430307365181e-05,12.0,8.089684462650641e-05,-0.5348189557439476,0.25,0.08333333333333333,-0.3999835757231075
109,cluster-1,behavioural,1,107,False,30,?,0.0904559037930881,False,0.00183089667289923,470.0,0.004913293651580462,-0.9735178916068143,0.0,0.027659574468085105,-5.61182308156826
109,cluster-1,behavioural,1,122,False,115,of,0.11100627524886797,True,0.01982110856711927,5098.0,0.01210359554750112,0.5087949591975103,0.058061985092193014,0.021184778344448804,-1.1837169793425057
109,cluster-1,behavioural,1,123,False,614,brave,0.05598599808156257,True,0.00055587733381017,142.0,0.0006321057369345648,-0.11978041343663026,0.02112676056338028,0.028169014084507043,-0.7480733172960966
109,cluster-1,behavioural,1,124,False,2829,knights,0.17470284352692977,True,9.329409798212643e-05,23.0,3.0931146474840685e-05,1.0771797775518284,0.0,0.043478260869565216,-0.9678171312020254
110,cluster-2,behavioural,1,1,True,1592,quietly,0.42372497735858144,True,0.00025202785489399326,64.0,0.00018003513460997014,0.3365891745927687,0.703125,0.671875,-0.4720457491802832
110,cluster-2,behavioural,1,4,False,346,small,0.3269141296463527,True,0.0010856584518510479,279.0,0.0010889349771783657,0.00911448476789456,0.24372759856630824,0.1039426523297491,-1.052456100812389
110,cluster-2,behavioural,1,7,False,372,alex,0.13318747639747164,True,0.001252384571242459,322.0,0.002004179670305703,-0.4575804531292862,0.031055900621118012,0.049689440993788817,-0.9557257731588061
110,cluster-2,behavioural,1,10,False,85,the,0.07150360549256946,True,0.05892798982582938,15197.0,0.04536171596483367,0.2772876666883315,0.09587418569454498,0.027242218858985326,-1.1108080038974668
110,cluster-2,behavioural,1,14,False,85,the,0.6363339044578118,True,0.05892798982582938,15197.0,0.04536171596483367,0.2772876666883315,0.09587418569454498,0.027242218858985326,-0.7208526540509445
110,cluster-2,behavioural,1,17,False,2928,setting,0.15412100295407927,True,1.5509406455014963e-05,3.0,1.7448339037089618e-05,-0.3897740559757068,0.3333333333333333,0.3333333333333333,-0.7705400097389068
110,cluster-2,behavioural,1,20,False,646,long,0.05177813074490578,True,0.0012872807357662424,331.0,0.00043144983800803415,1.1058252372356199,0.027190332326283987,0.03323262839879154,-0.056093551363129844
111,cluster-2,behavioural,2,1,True,32,a,0.09135037926846429,True,0.0412899173348636,10648.0,0.038765450702493924,0.07870079231135296,0.11363636363636363,0.030334335086401203,-1.2332286836315387
111,cluster-2,behavioural,2,2,True,1319,lonely,0.6517066489025617,True,0.00032182018394156056,82.0,0.00014831088181526176,0.7782667391241667,0.34146341463414637,0.14634146341463414,-0.10079781435410196
111,cluster-2,behavioural,2,3,False,1122,mountain,0.052278847599911304,True,0.00011632054841261226,29.0,0.00016575922085235135,-0.37238231326383797,0.3793103448275862,0.1724137931034483,-0.25878808315627566
112,cluster-4,behavioural,5,5,True,354,saw,0.5671802091611597,True,0.002297804838220543,590.0,0.0012721425370678067,0.6053074734008828,0.013559322033898305,0.022033898305084745,-0.14692759069294103
113,cluster-2,behavioural,1,1,True,1227,beneath,0.6995846487564714,True,0.0011244319679885855,289.0,0.00044572575176565294,0.9375809469332408,0.328719723183391,0.2906574394463668,-0.10582212356406284
113,cluster-2,behavioural,1,8,False,308,mia,0.16146595682328369,True,0.002035609597220715,524.0,0.0028393206251264014,-0.3189702863592032,0.030534351145038167,0.04389312977099236,-0.964698068909208
113,cluster-2,behavioural,1,11,False,1073,explore,0.5679288731738577,True,0.0002908013710315304,74.0,0.0003402426112232475,-0.15473571700934663,0.0,0.04054054054054054,-0.6441414051265191
113,cluster-2,behavioural,1,18,False,1313,along,0.10688949917784296,True,0.0002481505032802395,63.0,0.0002736216803543599,-0.09775358192532835,0.2698412698412698,0.12698412698412698,-0.7429544251665966
113,cluster-2,behavioural,1,19,False,85,the,0.06413078578692216,True,0.05892798982582938,15197.0,0.04536171596483367,0.2772876666883315,0.09587418569454498,0.027242218858985326,-1.3236626689262438
113,cluster-2,behavioural,1,20,False,1544,beach,0.1818329693647932,True,5.8160274206306125e-05,14.0,0.00029503555099078807,-1.6771804159433863,0.0,0.14285714285714285,-1.5473431065762449
113,cluster-2,behavioural,1,24,False,201,an,0.09987842220979071,True,0.0025086464940986706,646.0,0.0014664535854353956,0.5510553811099763,0.16253869969040247,0.05417956656346749,-0.6212044779210842
113,cluster-2,behavioural,1,26,False,870,ship,0.11431941552311586,True,0.00011244319679885852,28.0,0.00026727682979541824,-0.8852223114626572,0.03571428571428571,0.07142857142857142,-1.8590959249837224
113,cluster-2,behavioural,1,38,False,2775,scr,0.08309453030272607,True,1.5509406455014963e-05,3.0,3.1724252794708394e-05,-0.9876110567313265,0.0,0.3333333333333333,-1.6361696398502783
113,cluster-2,behavioural,1,46,False,85,the,0.08046852709159513,True,0.05892798982582938,15197.0,0.04536171596483367,0.2772876666883315,0.09587418569454498,0.027242218858985326,-0.9343769973487588
113,cluster-2,behavioural,1,62,False,308,mia,0.12585703194663767,True,0.002035609597220715,524.0,0.0028393206251264014,-0.3189702863592032,0.030534351145038167,0.04389312977099236,-1.8180845333756852
113,cluster-2,behavioural,1,63,False,638,set,0.3577669306158362,True,0.0005389518743117702,138.0,0.0009017618856895861,-0.5062386998788311,0.08695652173913043,0.036231884057971016,-0.5202059772463676
113,cluster-2,behavioural,1,70,False,876,met,0.3721088082268823,True,0.0004769142484917103,122.0,0.0003814841398563684,0.23080988334199493,0.0,0.040983606557377046,-0.9693080095118064
113,cluster-2,behavioural,1,72,False,307,boy,0.07704305014808499,True,0.004493850520340585,1158.0,0.002706078763388626,0.5220518582358711,0.20379965457685664,0.0924006908462867,-1.072589544868932
113,cluster-2,behavioural,1,73,False,425,who,0.16899534335412747,True,0.003745521658886115,965.0,0.0018939378918440913,0.6965727355409932,0.0,0.02694300518134715,-1.0892779461895588
113,cluster-2,behavioural,1,74,False,165,had,0.18837582243500828,True,0.012236921693006811,3155.0,0.004977535263489747,0.9149117698368903,0.0003169572107765452,0.022820919175911253,-0.9272738423265507
113,cluster-2,behavioural,1,77,False,85,the,0.18731175427741587,True,0.05892798982582938,15197.0,0.04536171596483367,0.2772876666883315,0.09587418569454498,0.027242218858985326,-0.8220145209969727
113,cluster-2,behavioural,1,81,False,3761,argued,0.12412371526263632,True,7.754703227507482e-06,1.0,8.724169518544808e-05,-3.0978242570779155,0.0,1.0,-1.906298491411965
113,cluster-2,behavioural,1,108,False,229,found,0.13174086759566528,True,0.00374164430727236,964.0,0.0033818053479159147,0.11578443747936529,0.021784232365145227,0.03630705394190872,-1.4104308458956984
113,cluster-2,behavioural,1,116,False,559,strange,0.24332389596235385,True,0.0016633838423003545,428.0,0.0007994511704266516,0.7460558556649834,0.011682242990654205,0.02336448598130841,-0.15188756169165973
113,cluster-2,behavioural,1,120,False,308,mia,0.6046180140689328,True,0.002035609597220715,524.0,0.0028393206251264014,-0.3189702863592032,0.030534351145038167,0.04389312977099236,-0.7667287941336527
113,cluster-2,behavioural,1,125,False,454,shared,0.5299905382302186,True,0.00039161251298912785,100.0,0.000521863958472953,-0.28137863662272533,0.0,0.04,-0.7110468346386741
113,cluster-2,behavioural,1,127,False,591,adventure,0.10410823634475175,True,0.00040324456783038924,103.0,0.0008517961875379203,-0.7417601781246743,0.009708737864077669,0.038834951456310676,-0.44980190237422835
114,cluster-3,triggered,5,1,True,32,a,0.1670408371971973,True,0.039893689254466805,10281.0,0.038765450702493924,0.04430787517714352,0.16836883571637,0.041532924812761406,-1.0022821641010633
114,cluster-3,triggered,5,2,True,289,bright,0.10879423876022493,True,0.0017847789396085122,459.0,0.0016694888033215293,0.08031720505658235,0.4749455337690632,0.18082788671023964,-1.2353327085749353
114,cluster-3,triggered,5,4,True,1162,shone,0.06501131890822598,True,5.043940481502318e-05,12.0,0.00021175938740467854,-1.4990042674997301,0.3333333333333333,0.16666666666666666,-1.5017295837850857
114,cluster-3,triggered,5,5,True,540,over,0.1506039476154694,True,0.0010281878673831651,264.0,0.001123831655252545,-0.07701039543184418,0.06439393939393939,0.03409090909090909,-1.3659736332264933
114,cluster-3,triggered,5,6,False,32,a,0.2116342377797662,True,0.039893689254466805,10281.0,0.038765450702493924,0.04430787517714352,0.16836883571637,0.041532924812761406,-0.8943662406877151
114,cluster-3,triggered,5,7,False,346,small,0.07091827345701085,True,0.0006751120336780029,173.0,0.0010889349771783657,-0.468124070157673,0.2023121387283237,0.06936416184971098,-1.3672589403734081
114,cluster-3,triggered,5,9,False,15,.,0.08733296265093304,False,0.04952373561991969,12763.0,0.0630210212830081,-0.22537823414259206,0.0012536237561701794,0.01802084149494633,-1.3773815554727742
114,cluster-3,triggered,5,10,False,108,in,0.13557062770787065,True,0.007845267425844373,2021.0,0.010290554500283535,-0.25609424951794857,0.30578921326076197,0.09450766947055914,-0.8641442200846675
114,cluster-3,triggered,5,24,False,302,help,0.09461113781481151,True,0.004046792247851474,1042.0,0.0016710750159612646,0.8992145496216422,0.0,0.02015355086372361,-1.0291185086321524
114,cluster-3,triggered,5,25,False,536,people,0.08647227443754235,True,7.371913011426466e-05,18.0,0.00018717309148877953,-0.9701223060169255,0.0,0.1111111111111111,-1.72925346490949
114,cluster-3,triggered,5,26,False,15,.,0.0802229840017798,False,0.04952373561991969,12763.0,0.0630210212830081,-0.22537823414259206,0.0012536237561701794,0.01802084149494633,-2.1145605545723956
114,cluster-3,triggered,5,27,False,208,one,0.05758181497875786,True,0.0050866199778842585,1310.0,0.0050417768753990315,0.02380831037130804,0.0717557251908397,0.05114503816793893,-1.2092531632606682
114,cluster-3,triggered,5,31,False,354,saw,0.3704927355857856,True,0.0012571051661590393,323.0,0.0012721425370678067,0.0007342759087158868,0.009287925696594427,0.030959752321981424,-1.1739076879867774
114,cluster-3,triggered,5,33,False,611,little,0.3518861345317348,True,0.0052262983296797105,1346.0,0.001881248190726208,1.0367414911995763,0.23922734026745915,0.09361069836552749,-0.49636381592408757
114,cluster-3,triggered,5,36,False,32,a,0.12514374893565983,True,0.039893689254466805,10281.0,0.038765450702493924,0.04430787517714352,0.16836883571637,0.041532924812761406,-1.3587950714104489
114,cluster-3,triggered,5,47,False,767,fly,0.23456345943055174,True,0.0007682309348749687,197.0,0.00025220780971793176,1.1244900870703303,0.01015228426395939,0.030456852791878174,-0.32794109115962744
114,cluster-3,triggered,5,48,False,967,high,0.49592255892011455,True,0.0009234291035365781,237.0,0.0005020363004762604,0.6209274601034744,0.10548523206751055,0.03375527426160337,-0.6262565798286421
114,cluster-3,triggered,5,49,False,469,again,0.19487927588688625,True,0.00013191844336236827,33.0,0.00014196603125632006,-0.08754050326175644,0.0,0.06060606060606061,-0.5394394832062117
114,cluster-3,triggered,5,57,False,533,hope,0.05417744680675651,True,4.2679496381942713e-05,10.0,0.00031407010266761313,-2.075491377147914,0.0,0.1,-2.8747146736832034
114,cluster-3,triggered,5,75,False,2385,button,0.18606306818637197,True,0.00018623780239393177,47.0,6.186229294968137e-05,1.0967765161329872,0.02127659574468085,0.06382978723404255,-1.8071083747163883
114,cluster-3,triggered,5,81,False,880,above,0.11550327322421061,True,0.00015907812287814998,40.0,0.00026965614875502133,-0.5367284223837512,0.625,0.25,-3.0729284091511886
114,cluster-3,triggered,5,82,False,85,the,0.06471502071984192,True,0.025448619706287465,6558.0,0.04536171596483367,-0.5624430624426608,0.08920402561756634,0.021347971942665446,-1.3583539652524514
114,cluster-3,triggered,5,86,False,587,lily,0.14288202248703857,True,0.0013696238384387066,352.0,0.0010167623020704041,0.3107922792300011,0.05965909090909091,0.05113636363636364,-2.041598918713822
114,cluster-3,triggered,5,98,False,676,beautiful,0.0643560891223628,True,0.0002793567035908975,71.0,0.0005258294900722917,-0.6307573720320274,0.014084507042253521,0.04225352112676056,-2.203179914678861
114,cluster-3,triggered,5,99,False,1622,kite,0.293305816083499,True,0.0004849942770675305,124.0,0.000232380151721239,0.743446697700489,0.008064516129032258,0.04032258064516129,-0.6462830572431348
114,cluster-3,triggered,5,100,False,15,.,0.2640339458898729,False,0.04952373561991969,12763.0,0.0630210212830081,-0.22537823414259206,0.0012536237561701794,0.01802084149494633,-1.213553916334212
114,cluster-3,triggered,5,103,False,130,with,0.19353865832907827,True,0.005765611965778802,1485.0,0.008632169185440155,-0.388541307553818,0.02558922558922559,0.015488215488215488,-1.1848531452472522
114,cluster-3,triggered,5,108,False,550,everyone,0.08721516267524915,True,0.0007255514384930256,186.0,0.001276108068667145,-0.5542837321666623,0.0,0.026881720430107527,-2.042600090551558
114,cluster-3,triggered,5,113,False,540,over,0.09391395362879729,True,0.0010281878673831651,264.0,0.001123831655252545,-0.07701039543184418,0.06439393939393939,0.03409090909090909,-1.988503638894468
114,cluster-3,triggered,5,114,False,634,trees,0.20128402076883595,True,0.0005858730866975772,150.0,0.0011040039972558522,-0.6245238056855893,0.21333333333333335,0.09333333333333334,-0.5068194782740059
114,cluster-3,triggered,5,119,False,785,proud,0.39079438285367846,True,0.0001629580770946903,41.0,8.01037383066387e-05,0.7017892909755687,0.07317073170731707,0.07317073170731707,-1.6799646012240603
115,cluster-2,behavioural,1,1,True,108,in,0.6122906258378285,True,0.012492826899514559,3221.0,0.010290554500283535,0.20932355001160996,0.1561626823967712,0.04594846321018317,-0.20789708926286532
115,cluster-2,behavioural,1,2,False,85,the,0.06601708773246817,True,0.05892798982582938,15197.0,0.04536171596483367,0.2772876666883315,0.09587418569454498,0.027242218858985326,-1.1529296073545547
115,cluster-2,behavioural,1,3,False,814,quiet,0.09936576564752475,True,0.0005079330614017403,130.0,0.0002791734245934339,0.6065593835719865,0.5076923076923077,0.26153846153846155,-0.5693669240690786
115,cluster-2,behavioural,1,13,False,308,mia,0.11088109613177699,True,0.002035609597220715,524.0,0.0028393206251264014,-0.3189702863592032,0.030534351145038167,0.04389312977099236,-1.2941704669542458
115,cluster-2,behavioural,1,14,False,661,watched,0.08984494074069804,True,0.00026365990973525465,67.0,0.0002966217636305235,-0.11690706930906636,0.014925373134328358,0.08955223880597014,-0.43987360007518816
115,cluster-2,behavioural,1,16,False,117,her,0.06036174555635465,True,0.014063154303084819,3626.0,0.008805859469491183,0.4835708789750308,0.0013789299503585218,0.01461665747380033,-1.0520155276749121
115,cluster-2,behavioural,1,30,False,15,.,0.12455799335140927,False,0.05983916745506149,15432.0,0.0630210212830081,-0.03616695093773714,0.0011016070502851219,0.014515292897874546,-2.6838481788462425
115,cluster-2,behavioural,1,35,False,94,and,0.06925354075315038,True,0.01474944553871923,3803.0,0.018549963715385868,-0.21381948870813394,0.005521956350249803,0.013936366026820931,-2.308309706240809
115,cluster-2,behavioural,1,41,False,290,thought,0.43153135070826376,True,0.00098484730989345,253.0,0.0016147644672506573,-0.4826967802283937,0.007905138339920948,0.02766798418972332,-1.5512068591255408
115,cluster-2,behavioural,1,44,False,379,if,0.4261450080000836,True,0.0024659956263473792,635.0,0.0016353852315672177,0.42484944303028627,0.0,0.025196850393700787,-0.4206541160799273
115,cluster-2,behavioural,1,48,False,13,",",0.08001403407738134,False,0.06302635048156707,16254.0,0.05572444314022516,0.13877826145970173,0.06503014642549526,0.019933554817275746,-2.0123087570542064
115,cluster-2,behavioural,1,49,False,40,i,0.09197044386365724,True,0.0013221769002900255,340.0,0.0056643653364951835,-1.4421464018296861,0.011764705882352941,0.026470588235294117,-0.930955189337681
115,cluster-2,behavioural,1,50,False,269,can,0.184285173989726,True,0.0004109992710578967,105.0,0.0024451467841521495,-1.7770419690141264,0.01904761904761905,0.047619047619047616,-0.6387353791064544
115,cluster-2,behavioural,1,52,False,536,people,0.2607265282068194,True,0.0006009895001318298,154.0,0.00018717309148877953,1.1757769061025192,0.0,0.03896103896103896,-4.484802405680474
115,cluster-2,behavioural,1,53,False,599,happy,0.10539550417962651,True,0.0001318299548676273,33.0,0.0003402426112232475,-0.9622932487470361,0.0,0.06060606060606061,-1.141185480565725
115,cluster-2,behavioural,1,58,False,425,who,0.5386731941042381,True,0.003745521658886115,965.0,0.0018939378918440913,0.6965727355409932,0.0,0.02694300518134715,-0.2075401141343166
115,cluster-2,behavioural,1,112,False,93,to,0.06470505296829987,True,0.016509763171363438,4257.0,0.01724609692552335,-0.02816305048908685,0.004698144233027954,0.015973690392295042,-1.4879083679164646
115,cluster-2,behavioural,1,120,False,141,but,0.33485046734508395,True,0.009569303782744235,2467.0,0.006942852724121932,0.3361482074930153,0.00040535062829347385,0.019862180786380218,-0.07474095716888374
116,cluster-2,behavioural,4,1,True,1957,happily,0.1689903133112059,True,7.754703227507482e-06,1.0,0.0001538626260543357,-3.665202050348828,0.0,1.0,-0.9969848864753219
116,cluster-2,behavioural,4,4,True,275,girl,0.15845941845122075,True,0.005110349426927429,1317.0,0.003378632922636444,0.4287433711943649,0.20501138952164008,0.12072892938496584,-1.0665291419998972
116,cluster-2,behavioural,4,6,False,587,lily,0.06343438259803774,True,0.0007522062130682257,193.0,0.0010167623020704041,-0.2908303398612304,0.031088082901554404,0.07772020725388601,-1.3373815592466518
116,cluster-2,behavioural,4,7,False,661,watched,0.08751069344063034,True,0.00026365990973525465,67.0,0.0002966217636305235,-0.11690706930906636,0.014925373134328358,0.08955223880597014,-1.209541590988528
116,cluster-2,behavioural,4,10,False,388,play,0.1776358305916963,True,0.00010468849357135098,26.0,0.0009636241786392675,-2.241746709038667,0.0,0.15384615384615385,-1.0014426916288512
117,cluster-2,behavioural,1,1,True,32,a,0.31481511680498636,True,0.0412899173348636,10648.0,0.038765450702493924,0.07870079231135296,0.11363636363636363,0.030334335086401203,-0.6639474392682412
118,cluster-4,behavioural,2,2,True,2109,dawn,0.3429876579474277,True,2.7215962550835532e-05,6.0,3.1724252794708394e-05,-0.291679259958304,0.5,0.3333333333333333,-0.47184971366025374
118,cluster-4,behavioural,2,5,False,797,young,0.14515871583244366,True,0.0009875506411303177,253.0,0.0004520706023245946,0.7931938528265015,0.49407114624505927,0.20948616600790515,-0.9668065439925372
119,cluster-2,behavioural,1,1,True,208,one,0.5279643288454692,True,0.003454720287854584,890.0,0.0050417768753990315,-0.3634342754957238,0.012359550561797753,0.02247191011235955,-0.3175032308245749
119,cluster-2,behavioural,1,2,False,406,night,0.240466597418044,True,0.0021751942553158493,560.0,0.0012094871377982576,0.6008432034021833,0.15535714285714286,0.039285714285714285,-0.17891419931989772
119,cluster-2,behavioural,1,9,False,222,at,0.07210584172972279,True,0.0023457977263210135,604.0,0.0024181811692766475,-0.01633864033894028,0.08609271523178808,0.04304635761589404,-1.5642475902264776
119,cluster-2,behavioural,1,19,False,13,",",0.2704964853045553,False,0.06302635048156707,16254.0,0.05572444314022516,0.13877826145970173,0.06503014642549526,0.019933554817275746,-1.1202074385181464
119,cluster-2,behavioural,1,24,False,85,the,0.1894016092529967,True,0.05892798982582938,15197.0,0.04536171596483367,0.2772876666883315,0.09587418569454498,0.027242218858985326,-0.5103314842441983
119,cluster-2,behavioural,1,28,False,979,hands,0.40659019132100943,True,0.00020549963552894833,52.0,0.0003029666141894652,-0.39152078131064805,0.019230769230769232,0.057692307692307696,-0.8431712098627961
119,cluster-2,behavioural,1,29,False,196,said,0.1747919023147037,True,0.0024543635715061187,632.0,0.0064622302942821,-0.9539822744853392,0.0,0.02689873417721519,-1.6624655500639594
119,cluster-2,behavioural,1,52,False,961,herself,0.26599385203332937,True,0.0002752919645765158,70.0,0.00012689701117883358,0.775977535530032,0.04285714285714286,0.04285714285714286,-0.8680507955152984
119,cluster-2,behavioural,1,53,False,1457,dreaming,0.11653470975364533,True,0.00015121671293639598,38.0,0.00021017317476494313,-0.3394875575453362,0.0,0.05263157894736842,-1.3481433943545404
119,cluster-2,behavioural,1,54,False,115,of,0.07539522366732099,True,0.022663120182390615,5844.0,0.01210359554750112,0.6427710480942155,0.05715263518138262,0.029945242984257357,-1.4206150045208616
119,cluster-2,behavioural,1,55,False,1002,adventures,0.2705712465275082,True,0.00010856584518510475,27.0,0.0001927248357278535,-0.5945684686217181,0.0,0.07407407407407407,-0.6208437689256887
120,cluster-2,behavioural,1,1,True,32,a,0.566025990796144,True,0.0412899173348636,10648.0,0.038765450702493924,0.07870079231135296,0.11363636363636363,0.030334335086401203,-0.2665391792739049
121,cluster-2,behavioural,1,1,True,394,under,0.4640058463947149,True,0.0007018006420894272,180.0,0.0010754521697406145,-0.41668150889563105,0.4722222222222222,0.4722222222222222,-0.40946432473314776
121,cluster-2,behavioural,1,4,False,13,",",0.1447549895601863,False,0.06302635048156707,16254.0,0.05572444314022516,0.13877826145970173,0.06503014642549526,0.019933554817275746,-1.48202587161886
121,cluster-2,behavioural,1,84,False,490,are,0.13464092154957946,True,0.00023651844843897838,60.0,0.0010024863883127853,-1.4450359037702025,0.0,0.06666666666666667,-0.4579868760808474
121,cluster-2,behavioural,1,85,False,381,lost,0.824000393791277,True,0.007510430075840999,1936.0,0.0020184555840633217,1.3291494475663992,0.014979338842975207,0.02324380165289256,-0.13399853759200409
121,cluster-2,behavioural,1,90,False,775,nodded,0.09267602923310189,True,5.04055709787986e-05,12.0,0.0003949669472941195,-2.1230373185221527,0.0,0.16666666666666666,-1.500526201723661
121,cluster-2,behavioural,1,93,False,32,a,0.05209813876642917,True,0.0412899173348636,10648.0,0.038765450702493924,0.07870079231135296,0.11363636363636363,0.030334335086401203,-1.236574385603732
121,cluster-2,behavioural,1,94,False,1643,bit,0.08207249355848872,True,1.9386758068768722e-05,4.0,0.00014910398813512945,-2.2474914929955574,0.0,0.25,-4.132883968235117
121,cluster-2,behavioural,1,103,False,2041,believing,0.7137195108018961,True,0.00015897141616390352,40.0,5.63105487106074e-05,1.0288556857871214,0.0,0.075,-0.21777613924387929
121,cluster-2,behavioural,1,105,False,2461,yourself,0.09715061164375649,True,7.754703227507482e-06,1.0,2.9344933835105264e-05,-2.0082618039297238,0.0,1.0,-1.9748584590675777
121,cluster-2,behavioural,1,112,False,15,.,0.06194571466724341,False,0.05983916745506149,15432.0,0.0630210212830081,-0.03616695093773714,0.0011016070502851219,0.014515292897874546,-1.4937487868874955
122,cluster-2,behavioural,1,1,True,32,a,0.4752771206747863,True,0.0412899173348636,10648.0,0.038765450702493924,0.07870079231135296,0.11363636363636363,0.030334335086401203,-0.39263212321401797
122,cluster-2,behavioural,1,5,False,305,into,0.11806452875905318,True,0.002528033252167439,651.0,0.0015893850650148906,0.47826528871831364,0.029185867895545316,0.018433179723502304,-0.26873658556826907
122,cluster-2,behavioural,1,6,False,85,the,0.2678648837893318,True,0.05892798982582938,15197.0,0.04536171596483367,0.2772876666883315,0.09587418569454498,0.027242218858985326,-1.09732297544782
122,cluster-2,behavioural,1,8,False,13,",",0.15736865364822278,False,0.06302635048156707,16254.0,0.05572444314022516,0.13877826145970173,0.06503014642549526,0.019933554817275746,-0.9138226584515011
122,cluster-2,behavioural,1,11,False,1273,sparkling,0.20159397513486071,True,5.8160274206306125e-05,14.0,0.000672554159247818,-2.501167197462143,0.0,0.07142857142857142,-1.127849379583255
122,cluster-2,behavioural,1,14,False,85,the,0.4819422044057951,True,0.05892798982582938,15197.0,0.04536171596483367,0.2772876666883315,0.09587418569454498,0.027242218858985326,-0.9481831043298394
122,cluster-2,behavioural,1,15,False,2535,princess,0.09893835488197711,True,4.6528219365044866e-05,11.0,3.886220967351778e-05,0.10873108340224391,0.0,0.09090909090909091,-1.2859461957163911
122,cluster-2,behavioural,1,22,False,1186,castle,0.052334754005663675,True,0.0011166772647610774,287.0,0.0003481736744219246,1.17763891139895,0.1254355400696864,0.08710801393728224,-3.7220213351971267
122,cluster-2,behavioural,1,25,False,346,small,0.3742358164749492,True,0.0010856584518510479,279.0,0.0010889349771783657,0.00911448476789456,0.24372759856630824,0.1039426523297491,-0.2967420750634182
123,cluster-4,behavioural,4,1,True,85,the,0.17327179470951026,True,0.04855716518534071,12488.0,0.04536171596483367,0.08374242616307148,0.08784433055733504,0.024583600256245997,-0.9854484525475131
123,cluster-4,behavioural,4,3,True,165,had,0.07185088381303606,True,0.0028460120838873716,731.0,0.004977535263489747,-0.5446339291755677,0.0013679890560875513,0.046511627906976744,-1.2156266344349151
123,cluster-4,behavioural,4,4,True,32,a,0.08174112057365218,True,0.040419592382640875,10395.0,0.038765450702493924,0.05743824874159609,0.12833092833092832,0.034728234728234726,-1.232797372660802
123,cluster-4,behavioural,4,5,False,559,strange,0.164873613521605,True,0.0018040295176553836,463.0,0.0007994511704266516,0.8274443303824981,0.012958963282937365,0.04967602591792657,-1.4195300272838463
123,cluster-4,behavioural,4,16,False,15,.,0.051917095901207896,False,0.06477787886563867,16660.0,0.0630210212830081,0.04318502641060906,0.0019807923169267707,0.01362545018007203,-0.8720040050104889
123,cluster-4,behavioural,4,17,False,32,a,0.10633235393877986,True,0.040419592382640875,10395.0,0.038765450702493924,0.05743824874159609,0.12833092833092832,0.034728234728234726,-0.6014439100078339
124,cluster-0,triggered,3,1,True,139,on,0.2610665939531265,True,0.003085337075068562,773.0,0.00403453184916704,-0.25337183317610545,0.17852522639068563,0.047865459249676584,-0.7742127909883942
124,cluster-0,triggered,3,3,True,1440,sunny,0.1672655480354967,True,0.0004703743861215638,117.0,0.000782002831389562,-0.5006897567456425,0.49572649572649574,0.24786324786324787,-0.9487567817544273
124,cluster-0,triggered,3,7,False,275,girl,0.159675758879104,True,0.0011759359653039094,294.0,0.003378632922636444,-1.0426520088654971,0.22789115646258504,0.09863945578231292,-1.3914879351579228
124,cluster-0,triggered,3,8,False,385,named,0.13703346381434334,True,0.0015067925250334838,377.0,0.0044104642447843345,-1.0604953766803167,0.27586206896551724,0.14058355437665782,-1.292847392791387
124,cluster-0,triggered,3,9,False,707,maria,0.12177585031178417,True,0.0020090567000446468,503.0,0.000820071934743212,0.9101927780906021,0.04771371769383698,0.02584493041749503,-1.002804758170098
124,cluster-0,triggered,3,87,False,2797,mattered,0.08516269602928976,True,7.972447222399383e-06,1.0,7.931063198677099e-07,1.6307926630592373,0.0,1.0,-0.42234057832744165
125,cluster-2,behavioural,1,1,True,108,in,0.5931209930729306,True,0.012492826899514559,3221.0,0.010290554500283535,0.20932355001160996,0.1561626823967712,0.04594846321018317,-0.2317794926013539
125,cluster-2,behavioural,1,2,False,85,the,0.10010414816525903,True,0.05892798982582938,15197.0,0.04536171596483367,0.2772876666883315,0.09587418569454498,0.027242218858985326,-1.1529296073545547
125,cluster-2,behavioural,1,7,False,811,town,0.11697842007089992,True,0.0015586953487290037,401.0,0.0006336919495743002,0.913256590254794,0.3117206982543641,0.11471321695760599,-0.8612443759725219
125,cluster-2,behavioural,1,10,False,307,boy,0.09545100898275702,True,0.004493850520340585,1158.0,0.002706078763388626,0.5220518582358711,0.20379965457685664,0.0924006908462867,-0.9917365097626595
125,cluster-2,behavioural,1,11,False,661,watched,0.354362761869739,True,0.00026365990973525465,67.0,0.0002966217636305235,-0.11690706930906636,0.014925373134328358,0.08955223880597014,-1.014221527545518
125,cluster-2,behavioural,1,12,False,140,as,0.08408940292686751,True,0.007987344324332709,2059.0,0.005403433357258707,0.4060439849686217,0.053423992229237494,0.02476930548810102,-2.094282906580991
125,cluster-2,behavioural,1,16,False,421,dark,0.6445869411057652,True,0.003225956542643112,831.0,0.0009604517533597966,1.226084160016856,0.17087845968712395,0.048134777376654635,-0.6794536074029155
125,cluster-2,behavioural,1,21,False,421,dark,0.11177127549275323,True,0.003225956542643112,831.0,0.0009604517533597966,1.226084160016856,0.17087845968712395,0.048134777376654635,-0.17533524172189363
126,cluster-4,behavioural,1,1,True,201,an,0.4751988693304214,True,0.0024183326723742423,621.0,0.0014664535854353956,0.5143715754739304,0.043478260869565216,0.028985507246376812,-0.3927480102716654
126,cluster-4,behavioural,1,2,False,1033,island,0.08327729643598059,True,0.003417547297454918,878.0,0.0007471061533153827,1.5350820439863302,0.01366742596810934,0.02164009111617312,-1.2697544839071346
126,cluster-4,behavioural,1,3,False,1357,covered,0.21288823651180355,True,0.00032659155061002626,83.0,0.0002926562320311849,0.11348468868364847,0.024096385542168676,0.03614457831325301,-0.25203201941111164
126,cluster-4,behavioural,1,7,False,1893,hiding,0.3466794606644311,True,5.8319919751790444e-05,14.0,0.00011737973534042106,-0.7527142192212786,0.14285714285714285,0.14285714285714285,-0.4522470218177759
127,cluster-2,behavioural,1,1,True,3872,calmly,0.3604743000739405,True,7.754703227507482e-06,1.0,6.344850558941679e-06,-0.47678543296533604,1.0,1.0,-0.5789718893071596
127,cluster-2,behavioural,1,3,False,32,a,0.0725379461911364,True,0.0412899173348636,10648.0,0.038765450702493924,0.07870079231135296,0.11363636363636363,0.030334335086401203,-1.6961880667627895
127,cluster-2,behavioural,1,5,False,572,sat,0.5814245743393228,True,0.000845262651798316,217.0,0.0006463816506921835,0.27936534901409704,0.12903225806451613,0.11059907834101383,-0.4191882988319513
127,cluster-2,behavioural,1,19,False,13,",",0.6005327018640448,False,0.06302635048156707,16254.0,0.05572444314022516,0.13877826145970173,0.06503014642549526,0.019933554817275746,-0.3120246420356507
127,cluster-2,behavioural,1,20,False,141,but,0.06893203926956704,True,0.009569303782744235,2467.0,0.006942852724121932,0.3361482074930153,0.00040535062829347385,0.019862180786380218,-1.2868813354900877
127,cluster-2,behavioural,1,21,False,103,he,0.05192790568653971,True,0.016412829381019595,4232.0,0.010855246200029344,0.42888432604136906,0.0023629489603024575,0.013941398865784499,-1.4814215040882295
127,cluster-2,behavioural,1,23,False,381,lost,0.3365632558866688,True,0.007510430075840999,1936.0,0.0020184555840633217,1.3291494475663992,0.014979338842975207,0.02324380165289256,-0.5201476452164822
127,cluster-2,behavioural,1,28,False,15,.,0.0515477999586295,False,0.05983916745506149,15432.0,0.0630210212830081,-0.03616695093773714,0.0011016070502851219,0.014515292897874546,-1.4911360688219792
127,cluster-2,behavioural,1,30,False,572,sat,0.40608690460848607,True,0.000845262651798316,217.0,0.0006463816506921835,0.27936534901409704,0.12903225806451613,0.11059907834101383,-0.9211985831978069
127,cluster-2,behavioural,1,31,False,139,on,0.06651900627693763,True,0.002884749600632784,743.0,0.00403453184916704,-0.3210913913905058,0.12516823687752354,0.03768506056527591,-1.496412955172907
127,cluster-2,behavioural,1,32,False,85,the,0.2086708057852723,True,0.05892798982582938,15197.0,0.04536171596483367,0.2772876666883315,0.09587418569454498,0.027242218858985326,-1.523527082556529
127,cluster-2,behavioural,1,33,False,1206,sand,0.06681301626876657,True,0.00011244319679885852,28.0,0.00025458712867753485,-0.8365805042403114,0.07142857142857142,0.07142857142857142,-1.3648167688850987
127,cluster-2,behavioural,1,37,False,94,and,0.34115873084669357,True,0.01474944553871923,3803.0,0.018549963715385868,-0.21381948870813394,0.005521956350249803,0.013936366026820931,-0.3903797973356432
128,cluster-1,behavioural,6,1,True,208,one,0.19450832861434103,True,0.005321650839063796,1368.0,0.0050417768753990315,0.06904045899841105,0.019005847953216373,0.03070175438596491,-0.9301150270956349
128,cluster-1,behavioural,6,5,True,32,a,0.060554931489010255,True,0.04502217678454117,11581.0,0.038765450702493924,0.16528563445860733,0.11302996287021846,0.02987652188930144,-1.5815549749244702
128,cluster-1,behavioural,6,6,True,307,boy,0.1867905461903429,True,0.004458680432729125,1146.0,0.002706078763388626,0.5142261964154393,0.13525305410122165,0.08289703315881326,-1.1918656642528098
128,cluster-1,behavioural,6,8,False,201,an,0.19363068390357946,True,0.0011000929053725736,282.0,0.0014664535854353956,-0.2752459526966877,0.08156028368794327,0.04964539007092199,-0.872499260150113
128,cluster-1,behavioural,6,10,False,941,box,0.2733926834532492,True,0.0005597645878927584,143.0,0.0004021049041729289,0.33958083442104847,0.006993006993006993,0.055944055944055944,-0.934263975612623
128,cluster-1,behavioural,6,20,False,1472,dusty,0.134610179030329,True,0.00026044602353343606,66.0,0.0004013117978530612,-0.43163471950871557,0.06060606060606061,0.07575757575757576,-0.795302856560185
128,cluster-1,behavioural,6,44,False,316,filled,0.0733684953411658,True,0.003401347322265026,874.0,0.00191852418775999,0.5872180727978327,0.09038901601830664,0.02517162471395881,-0.6892397661103331
128,cluster-1,behavioural,6,46,False,803,words,0.5996089007486862,True,0.0004237106950021576,108.0,0.0002165180253238848,0.6779066396915843,0.0,0.046296296296296294,-0.9691526873643506
128,cluster-1,behavioural,6,49,False,398,time,0.2874027624434208,True,0.000936828233903853,240.0,0.0007851752566690328,0.1881811879656805,0.22083333333333333,0.19583333333333333,-1.6014106127088787
128,cluster-1,behavioural,6,50,False,646,long,0.33905294252633933,True,0.00023712249903790457,60.0,0.00043144983800803415,-0.5993574768815186,0.0,0.03333333333333333,-0.8867661567177911
128,cluster-1,behavioural,6,54,False,1638,dear,0.054660051401873466,True,0.0003654018837633283,93.0,0.00032834601642523187,0.11198072708026618,0.0,0.043010752688172046,-2.9516019125039596
128,cluster-1,behavioural,6,65,False,755,book,0.48099137632611133,True,0.0006413969236271193,164.0,0.00047665689824049365,0.3065187010413144,0.03048780487804878,0.042682926829268296,-0.8066181788698867
128,cluster-1,behavioural,6,66,False,108,in,0.16870290846149794,True,0.014985364488379047,3854.0,0.010290554500283535,0.39133434869254735,0.16242864556305137,0.04929942916450441,-1.1879198177726757
128,cluster-1,behavioural,6,71,False,120,it,0.06926789576208459,True,0.007615130747791068,1958.0,0.009780587136608598,-0.23502675816326057,0.0010214504596527069,0.012768130745658836,-1.6218179730189153
128,cluster-1,behavioural,6,72,False,127,was,0.13691146188584224,True,0.006631655464896152,1705.0,0.008326823252291086,-0.2124676960450005,0.013489736070381233,0.02287390029325513,-1.5802170010434797
128,cluster-1,behavioural,6,79,False,355,smiled,0.3290134535371326,True,0.0008124361032610172,208.0,0.0007320371332378962,0.11515605295079023,0.004807692307692308,0.052884615384615384,-0.596867461589226
128,cluster-1,behavioural,6,82,False,1483,these,0.1466206699835768,True,0.00018270094188166413,46.0,0.00013324186173777525,0.3099246248381604,0.0,0.08695652173913043,-2.2172608326613203
128,cluster-1,behavioural,6,86,False,913,real,0.19614296882668697,True,7.774508165177201e-05,19.0,0.00018875930412851495,-0.9225844867527098,0.0,0.10526315789473684,-0.6324721214565305
128,cluster-1,behavioural,6,88,False,40,i,0.4441628148622948,True,0.001896979992303237,487.0,0.0056643653364951835,-1.080236797319479,0.002053388090349076,0.024640657084188913,-0.7893534114902527
128,cluster-1,behavioural,6,92,False,32,a,0.18144453621736434,True,0.04502217678454117,11581.0,0.038765450702493924,0.16528563445860733,0.11302996287021846,0.02987652188930144,-1.4255977274431983
128,cluster-1,behavioural,6,94,False,3812,astronaut,0.22956048580126534,True,7.774508165177207e-06,1.0,3.1724252794708396e-06,0.2189528466324333,0.0,1.0,-0.6883791563426009
128,cluster-1,behavioural,6,95,False,2,!,0.0589263262466751,False,0.0032458571589614816,834.0,0.01939700126500458,-1.7731911423848392,0.0,0.023980815347721823,-1.516368609880822
128,cluster-1,behavioural,6,98,False,32,a,0.12274246917259013,True,0.04502217678454117,11581.0,0.038765450702493924,0.16528563445860733,0.11302996287021846,0.02987652188930144,-1.7166478234380365
128,cluster-1,behavioural,6,105,False,734,off,0.6395397233408524,True,0.0003654018837633283,93.0,0.0007486923659551181,-0.7122794652399209,0.0,0.053763440860215055,-2.8040882733921704
128,cluster-1,behavioural,6,107,False,800,days,0.4347986199849363,True,0.0003926126623414486,100.0,0.00017527649669076388,0.8122546922226634,0.03,0.04,-1.0854293224358535
128,cluster-1,behavioural,6,113,False,307,boy,0.39464869030176614,True,0.004458680432729125,1146.0,0.002706078763388626,0.5142261964154393,0.13525305410122165,0.08289703315881326,-0.9157144186337824
128,cluster-1,behavioural,6,114,False,1295,built,0.32316131512726676,True,0.0001865881959642529,47.0,0.00021255249372454624,-0.135592171048474,0.0,0.06382978723404255,-0.054328295380018155
129,cluster-2,behavioural,1,1,True,108,in,0.48203924855923813,True,0.012492826899514559,3221.0,0.010290554500283535,0.20932355001160996,0.1561626823967712,0.04594846321018317,-0.38266807358747323
129,cluster-2,behavioural,1,2,False,85,the,0.11293652015551858,True,0.05892798982582938,15197.0,0.04536171596483367,0.2772876666883315,0.09587418569454498,0.027242218858985326,-1.1529296073545547
129,cluster-2,behavioural,1,3,False,451,deep,0.16833541501618954,True,0.001744808226189183,449.0,0.0006146573978974752,1.0568159671034074,0.0334075723830735,0.022271714922048998,-0.36765342446284244
130,cluster-4,behavioural,2,1,True,85,the,0.29718710458186054,True,0.04855716518534071,12488.0,0.04536171596483367,0.08374242616307148,0.08784433055733504,0.024583600256245997,-0.698788855760244
130,cluster-4,behavioural,2,2,True,365,sun,0.25305518047068265,True,0.0015007659349460735,385.0,0.0011476248448485762,0.281436332583878,0.2935064935064935,0.17402597402597403,-0.7255331623511689
130,cluster-4,behavioural,2,3,False,638,set,0.07782279065004116,True,0.0023561247579723323,605.0,0.0009017618856895861,0.9745206892078828,0.03471074380165289,0.03140495867768595,-2.506959655746069
130,cluster-4,behavioural,2,44,False,122,##ut,0.05871287731916011,True,4.2767941151312976e-05,10.0,0.00011024177846161168,-1.0264481152090692,0.2,0.2,-0.48109997849637853
130,cluster-4,behavioural,2,45,False,58,##e,0.6113686398109788,True,0.0003732474864114586,95.0,0.000746313046995515,-0.6876255230572612,0.1368421052631579,0.07368421052631578,-0.38009364694732495
130,cluster-4,behavioural,2,49,False,15,.,0.06039946202997503,False,0.06477787886563867,16660.0,0.0630210212830081,0.04318502641060906,0.0019807923169267707,0.01362545018007203,-1.5225424031350285
130,cluster-4,behavioural,2,52,False,757,curious,0.2886692448774854,True,0.0009175667374281696,235.0,0.0006717610529279502,0.3233255444196823,0.2425531914893617,0.0851063829787234,-0.4295778467846154
130,cluster-4,behavioural,2,53,False,94,and,0.423416968184166,True,0.022725328729947668,5844.0,0.018549963715385868,0.21859039244727319,0.02087611225188227,0.011978097193702943,-1.0455573701620657
130,cluster-4,behavioural,2,56,False,218,could,0.10125463943367968,True,0.001178062378986167,302.0,0.0016544197832440428,-0.3271358932582711,0.0,0.023178807947019868,-1.0274014975012549
130,cluster-4,behavioural,2,59,False,15,.,0.09460087752189375,False,0.06477787886563867,16660.0,0.0630210212830081,0.04318502641060906,0.0019807923169267707,0.01362545018007203,-1.65062634339928
130,cluster-4,behavioural,2,60,False,379,if,0.10215471287214759,True,0.00134135815429118,344.0,0.0016353852315672177,-0.18534928227592928,0.0,0.0377906976744186,-2.3491090587187644
130,cluster-4,behavioural,2,61,False,103,he,0.11577414713000128,True,0.003390331334904083,871.0,0.010855246200029344,-1.1491190544311864,0.0,0.029850746268656716,-1.1009893856666502
130,cluster-4,behavioural,2,62,False,680,opened,0.6007011757551268,True,0.0008864627802272146,227.0,0.0005052087257557312,0.5736210868368161,0.05726872246696035,0.039647577092511016,-0.9914148807441792
130,cluster-4,behavioural,2,95,False,1252,spotted,0.3737228162865288,True,0.0013685741168420146,351.0,0.00047110515400141967,1.0793476290307984,0.08831908831908832,0.05128205128205128,-1.2617671604343532
130,cluster-4,behavioural,2,101,False,524,tree,0.13075589233855645,True,0.0018506854534568165,475.0,0.0013514531690545777,0.3280218215729578,0.04,0.02736842105263158,-1.586969971754925
130,cluster-4,behavioural,2,105,False,299,just,0.07975302033337855,True,0.0009253427267284083,237.0,0.0014751777549539403,-0.4548309006445388,0.008438818565400843,0.04219409282700422,-0.6842574635016794
130,cluster-4,behavioural,2,106,False,140,as,0.280239495566693,True,0.0056648082052239085,1456.0,0.005403433357258707,0.06230112291054013,0.1813186813186813,0.07348901098901099,-1.0636783314728344
130,cluster-4,behavioural,2,107,False,1442,surprised,0.286007470203963,True,2.7215962550835532e-05,6.0,7.375888774769702e-05,-1.1353992989976245,0.0,0.16666666666666666,-0.33839192665669704
131,cluster-0,triggered,4,2,True,820,clouds,0.24096247230707324,True,0.0001275591555583902,31.0,0.0005424847227895135,-1.4631780500781675,0.967741935483871,0.3225806451612903,-0.6200424253704613
131,cluster-0,triggered,4,3,True,1230,floated,0.08580929909851376,True,0.0002830218763951784,70.0,0.0004933121309577156,-0.5536521876305835,0.8571428571428571,0.4,-1.4387011411385455
131,cluster-0,triggered,4,4,True,108,in,0.23386821701332777,True,0.005736175776516361,1438.0,0.010290554500283535,-0.5689785066938597,0.3379694019471488,0.09040333796940195,-0.9408283221707596
131,cluster-0,triggered,4,7,False,140,as,0.06212584450918468,True,0.0018615664264302564,466.0,0.005403433357258707,-1.0516095335887847,0.11373390557939914,0.03862660944206009,-1.6744443317734212
132,cluster-4,behavioural,1,1,True,201,an,0.5573690704729006,True,0.0024183326723742423,621.0,0.0014664535854353956,0.5143715754739304,0.043478260869565216,0.028985507246376812,-0.27790460079810053
132,cluster-4,behavioural,1,11,False,570,rita,0.06920394875035549,True,0.0008514708283761401,218.0,0.0010635555749425988,-0.2112350955650122,0.0871559633027523,0.03669724770642202,-2.197276817396522
133,cluster-2,behavioural,1,1,True,1227,beneath,0.7053862188809392,True,0.0011244319679885855,289.0,0.00044572575176565294,0.9375809469332408,0.328719723183391,0.2906574394463668,-0.09939366512446135
133,cluster-2,behavioural,1,8,False,572,sat,0.05367544161992055,True,0.000845262651798316,217.0,0.0006463816506921835,0.27936534901409704,0.12903225806451613,0.11059907834101383,-0.30404195043679394
133,cluster-2,behavioural,1,10,False,32,a,0.13825528182830948,True,0.0412899173348636,10648.0,0.038765450702493924,0.07870079231135296,0.11363636363636363,0.030334335086401203,-0.8208192820693777
133,cluster-2,behavioural,1,20,False,98,##es,0.30595307054024307,True,0.0004691595452642027,120.0,0.0004052773294523997,0.15377826129284244,0.03333333333333333,0.03333333333333333,-2.291268139575773
133,cluster-2,behavioural,1,23,False,1414,created,0.07425679062147086,True,7.754703227507482e-06,1.0,7.931063198677099e-05,-3.0025140772735917,0.0,1.0,-0.9363374471509864
133,cluster-2,behavioural,1,25,False,630,story,0.09893335276874686,True,0.0005854800936768148,150.0,0.0005067949383954666,0.1533869484332211,0.0,0.04,-0.9975467512678018
133,cluster-2,behavioural,1,28,False,275,girl,0.07578116198512132,True,0.005110349426927429,1317.0,0.003378632922636444,0.4287433711943649,0.20501138952164008,0.12072892938496584,-1.2667732252136603
133,cluster-2,behavioural,1,30,False,127,was,0.14527977975597559,True,0.01073250926687036,2767.0,0.008326823252291086,0.26913979498648466,0.013371882905674015,0.02204553668232743,-2.0458711303205566
133,cluster-2,behavioural,1,32,False,1039,hero,0.3529108778701816,True,0.00011244319679885852,28.0,3.806910335365007e-05,1.0636596079818137,0.0,0.07142857142857142,-0.41519591412572354
133,cluster-2,behavioural,1,34,False,108,in,0.18594690689760657,True,0.012492826899514559,3221.0,0.010290554500283535,0.20932355001160996,0.1561626823967712,0.04594846321018317,-1.2454088872159872
133,cluster-2,behavioural,1,38,False,106,she,0.30414570957038306,True,0.017975402081362342,4635.0,0.011545248698314253,0.45822033014979446,0.001725997842502697,0.013807982740021575,-0.8175841985096759
133,cluster-2,behavioural,1,39,False,218,could,0.15680560273691624,True,0.002993315445817888,771.0,0.0016544197832440428,0.6073408467171122,0.0,0.020752269779507133,-1.094544169181442
133,cluster-2,behavioural,1,43,False,289,bright,0.4686304379382836,True,0.0005777253904493073,148.0,0.0016694888033215293,-1.0522023636378668,0.07432432432432433,0.0472972972972973,-0.3492952704105604
133,cluster-2,behavioural,1,70,False,13,",",0.10774253046781178,False,0.06302635048156707,16254.0,0.05572444314022516,0.13877826145970173,0.06503014642549526,0.019933554817275746,-1.5225026316270434
134,cluster-2,behavioural,1,1,True,364,through,0.5874952425799429,True,0.003590427594335964,925.0,0.0019732485238308623,0.6132153923678549,0.22918918918918918,0.05837837837837838,-0.23889794946892273
134,cluster-2,behavioural,1,4,False,811,town,0.19346050401344528,True,0.0015586953487290037,401.0,0.0006336919495743002,0.913256590254794,0.3117206982543641,0.11471321695760599,-1.1327352303616007
134,cluster-2,behavioural,1,58,False,208,one,0.7055057671329916,True,0.003454720287854584,890.0,0.0050417768753990315,-0.3634342754957238,0.012359550561797753,0.02247191011235955,-1.3266143183681438
134,cluster-2,behavioural,1,61,False,120,it,0.0624724403422785,True,0.010600679312002731,2733.0,0.009780587136608598,0.09585850563652709,0.0014635931211123307,0.020856201975850714,-1.2780017075124548
134,cluster-2,behavioural,1,63,False,13,",",0.16783669444128568,False,0.06302635048156707,16254.0,0.05572444314022516,0.13877826145970173,0.06503014642549526,0.019933554817275746,-1.1049763269243558
134,cluster-2,behavioural,1,67,False,15,.,0.12615950054449365,False,0.05983916745506149,15432.0,0.0630210212830081,-0.03616695093773714,0.0011016070502851219,0.014515292897874546,-1.4803068209397683
134,cluster-2,behavioural,1,68,False,85,the,0.19827589406911417,True,0.05892798982582938,15197.0,0.04536171596483367,0.2772876666883315,0.09587418569454498,0.027242218858985326,-1.2056185398330759
134,cluster-2,behavioural,1,69,False,307,boy,0.05008095788851996,True,0.004493850520340585,1158.0,0.002706078763388626,0.5220518582358711,0.20379965457685664,0.0924006908462867,-1.3365605080071579
134,cluster-2,behavioural,1,70,False,157,felt,0.08726693373743488,True,0.008006731082401478,2064.0,0.003036804098773461,0.9846982838386591,0.0009689922480620155,0.016472868217054265,-1.170668383782505
134,cluster-2,behavioural,1,84,False,280,do,0.05947353672963768,True,0.00025978255812150074,66.0,0.0010548314054240541,-1.4006233704748734,0.0,0.045454545454545456,-0.6249427186413893
134,cluster-2,behavioural,1,91,False,13,",",0.10733673784253282,False,0.06302635048156707,16254.0,0.05572444314022516,0.13877826145970173,0.06503014642549526,0.019933554817275746,-0.9911793016570485
134,cluster-2,behavioural,1,92,False,348,eyes,0.14872991524801793,True,0.001190346945422399,306.0,0.0016623508464427199,-0.32154483477405194,0.0032679738562091504,0.032679738562091505,-1.9705681530487906
134,cluster-2,behavioural,1,94,False,15,.,0.11917334574499139,False,0.05983916745506149,15432.0,0.0630210212830081,-0.03616695093773714,0.0011016070502851219,0.014515292897874546,-1.472028030243339
134,cluster-2,behavioural,1,97,False,1769,sighed,0.757010473422626,True,5.04055709787986e-05,12.0,0.00042113945584975395,-2.1871992627394388,0.0,0.08333333333333333,-0.1947949244039715
134,cluster-2,behavioural,1,109,False,273,feel,0.056191422360508475,True,0.0003799804581478667,97.0,0.00020382832420600143,0.6282910023226629,0.0,0.041237113402061855,-2.734352594527754
135,cluster-1,behavioural,2,1,True,130,with,0.13561244041989556,True,0.013628712813555629,3505.0,0.008632169185440155,0.4721439073178768,0.01768901569186876,0.011982881597717546,-1.0917982358869311
135,cluster-1,behavioural,2,2,True,85,the,0.22266051328593783,True,0.05475197375326044,14084.0,0.04536171596483367,0.2038201270674933,0.09791252485089463,0.0227918205055382,-0.8983748649828683
135,cluster-1,behavioural,2,5,False,450,laughter,0.4168459686897026,True,0.002316803433222806,595.0,0.0009882104745551664,0.8661149139505557,0.02689075630252101,0.018487394957983194,-0.81718745720298
135,cluster-1,behavioural,2,17,False,2207,spun,0.25727528904645613,True,0.00012439213064283512,31.0,8.486237622584495e-05,0.3664055777755646,0.0,0.06451612903225806,-0.5521593302806966
135,cluster-1,behavioural,2,20,False,60,##s,0.35827532338220736,True,0.004524763752133131,1163.0,0.0040583250387630715,0.123681751465897,0.07996560619088564,0.040412725709372314,-1.2179874336906489
135,cluster-1,behavioural,2,21,False,94,and,0.25937155897602293,True,0.0220290688860296,5666.0,0.018549963715385868,0.18746478279189205,0.0037063183903988705,0.013060360042357924,-1.8508002872475613
135,cluster-1,behavioural,2,23,False,130,with,0.0680832539615086,True,0.013628712813555629,3505.0,0.008632169185440155,0.4721439073178768,0.01768901569186876,0.011982881597717546,-1.135372087816214
135,cluster-1,behavioural,2,24,False,2530,delight,0.06826235101297928,True,0.0002448970072030817,62.0,8.803480150531579e-05,1.0228513914850819,0.1935483870967742,0.1935483870967742,-0.5458518245715309
135,cluster-1,behavioural,2,28,False,139,on,0.1040018226257794,True,0.003642357075385517,936.0,0.00403453184916704,-0.08758086059284853,0.09081196581196581,0.03632478632478633,-3.956925517115702
135,cluster-1,behavioural,2,29,False,32,a,0.0522719126329817,True,0.04502217678454117,11581.0,0.038765450702493924,0.16528563445860733,0.11302996287021846,0.02987652188930144,-1.7016079593057432
135,cluster-1,behavioural,2,31,False,93,to,0.17450693156151031,True,0.019090304799592617,4910.0,0.01724609692552335,0.11713730350915119,0.009368635437881873,0.014867617107942974,-1.4857928229571007
135,cluster-1,behavioural,2,32,False,320,find,0.0924112489774549,True,0.0009251664716560869,237.0,0.0025688713700515124,-1.0097125702838738,0.0,0.03375527426160337,-1.8279690872214946
135,cluster-1,behavioural,2,65,False,240,like,0.17847400839796795,True,0.0059474987463605565,1529.0,0.0030114246965376942,0.6956498534495843,0.01962066710268149,0.01765860039241334,-0.5577654203548553
135,cluster-1,behavioural,2,66,False,1106,music,0.06373622933323275,True,0.0008435341359217262,216.0,0.0002728285740344922,1.1398839580630904,0.027777777777777776,0.032407407407407406,-1.320754981636671
135,cluster-1,behavioural,2,67,False,13,",",0.08330044793511282,False,0.06767709357786753,17409.0,0.05572444314022516,0.21001764204309392,0.06410477339307255,0.02136825779769085,-1.91733487197805
135,cluster-1,behavioural,2,70,False,1053,followed,0.06524662504921619,True,0.0003926126623414486,100.0,0.0006257608863756231,-0.4603489271054588,0.0,0.04,-2.26436067772041
135,cluster-1,behavioural,2,73,False,115,of,0.067917221190777,True,0.01982110856711927,5098.0,0.01210359554750112,0.5087949591975103,0.058061985092193014,0.021184778344448804,-0.76038592666627
135,cluster-1,behavioural,2,74,False,1106,music,0.6553783345526334,True,0.0008435341359217262,216.0,0.0002728285740344922,1.1398839580630904,0.027777777777777776,0.032407407407407406,-1.047845574697978
135,cluster-1,behavioural,2,83,False,346,small,0.16842912593726556,True,0.0018930927382206475,486.0,0.0010889349771783657,0.5667024258848468,0.10699588477366255,0.037037037037037035,-0.5658208610010924
135,cluster-1,behavioural,2,85,False,577,hidden,0.31346368448334394,True,0.0016870682718434524,433.0,0.0018534894695308379,-0.08063839878404355,0.04387990762124711,0.03464203233256351,-1.0996911280567139
135,cluster-1,behavioural,2,87,False,32,a,0.1361968780508812,True,0.04502217678454117,11581.0,0.038765450702493924,0.16528563445860733,0.11302996287021846,0.02987652188930144,-1.6759668668939545
135,cluster-1,behavioural,2,93,False,342,old,0.10313337563752623,True,0.0017648133534952247,453.0,0.0022119735261110426,-0.2122990543921306,0.024282560706401765,0.03532008830022075,-0.7067431638875602
135,cluster-1,behavioural,2,96,False,13,",",0.1644243713973444,False,0.06767709357786753,17409.0,0.05572444314022516,0.21001764204309392,0.06410477339307255,0.02136825779769085,-1.7788248098676758
135,cluster-1,behavioural,2,98,False,806,emmanuel,0.16705573409041097,True,0.0005442155715624041,139.0,0.0007360026648372348,-0.2933105919031842,0.05755395683453238,0.09352517985611511,-1.3557940949364182
135,cluster-1,behavioural,2,99,False,2337,peeked,0.3014745320827385,True,0.00019047545004684125,48.0,0.0001840006662093087,0.029710846993905804,0.4166666666666667,0.16666666666666666,-1.1061691113978043
135,cluster-1,behavioural,2,106,False,259,this,0.45002498328233353,True,0.0026588817924906036,683.0,0.0020438349862990884,0.2773608566707484,0.0,0.027818448023426062,-1.3405083025087499
135,cluster-1,behavioural,2,117,False,1034,think,0.1389644225674599,True,7.774508165177201e-05,19.0,0.00021969045060335563,-1.0743313192685733,0.0,0.10526315789473684,-0.6350270713329815
135,cluster-1,behavioural,2,119,False,1381,belong,0.08099220958107212,True,1.9436270412943e-05,4.0,4.9965698151665724e-05,-1.1515931575193168,0.0,0.25,-3.1690771219096168
136,cluster-2,behavioural,1,1,True,880,above,0.34565382551927964,True,0.00023264109682522455,59.0,0.00026965614875502133,-0.14875206498998672,0.5254237288135594,0.15254237288135594,-0.6057705235078554
136,cluster-2,behavioural,1,4,False,1742,lake,0.07311905452956396,True,0.00019774493230144082,50.0,0.00018003513460997014,0.08972909666124451,0.28,0.12,-1.1697750786411483
136,cluster-2,behavioural,1,8,False,572,sat,0.1988285165243317,True,0.000845262651798316,217.0,0.0006463816506921835,0.27936534901409704,0.12903225806451613,0.11059907834101383,-0.45605996102479684
136,cluster-2,behavioural,1,9,False,660,alone,0.5053648272178025,True,0.0017254214681204157,444.0,0.0004798293235199645,1.293252213115883,0.02027027027027027,0.06756756756756757,-0.5638559494894495
136,cluster-2,behavioural,1,12,False,2138,bench,0.12988337492496838,True,5.8160274206306125e-05,14.0,6.820714350862305e-05,-0.21263385792374834,0.0,0.14285714285714285,-1.8048327492055956
136,cluster-2,behavioural,1,17,False,85,the,0.1364502986947964,True,0.05892798982582938,15197.0,0.04536171596483367,0.2772876666883315,0.09587418569454498,0.027242218858985326,-1.2514044408023206
136,cluster-2,behavioural,1,20,False,13,",",0.2558156483512336,False,0.06302635048156707,16254.0,0.05572444314022516,0.13877826145970173,0.06503014642549526,0.019933554817275746,-0.421385805843423
136,cluster-2,behavioural,1,25,False,117,her,0.2801800647779582,True,0.014063154303084819,3626.0,0.008805859469491183,0.4835708789750308,0.0013789299503585218,0.01461665747380033,-1.416613204074793
136,cluster-2,behavioural,1,98,False,1939,##icked,0.4223972619981393,True,1.5509406455014963e-05,3.0,3.1724252794708396e-06,1.3149740362627185,0.3333333333333333,0.3333333333333333,-0.01015980862518584
136,cluster-2,behavioural,1,99,False,3405,sorcer,0.4183591426065028,True,4.6528219365044866e-05,11.0,8.724169518544809e-06,1.6026561087145001,0.0,0.18181818181818182,-0.1470659470537985
136,cluster-2,behavioural,1,102,False,3,"""",0.08065138429853051,False,0.007723684414597451,1991.0,0.0371792380627585,-1.5562553484461028,0.0,0.02109492717227524,-1.4866450578261834
136,cluster-2,behavioural,1,108,False,757,curious,0.10972321865594226,True,0.0003722257549203593,95.0,0.0006717610529279502,-0.585167694337013,0.0,0.05263157894736842,-2.1976179077691667
136,cluster-2,behavioural,1,111,False,475,how,0.10596072361991993,True,0.0003567163484653441,91.0,0.000653519607570993,-0.6006549146781213,0.02197802197802198,0.04395604395604396,-1.003116788490257
136,cluster-2,behavioural,1,114,False,302,help,0.11035293537615093,True,0.0005622159839942928,144.0,0.0016710750159612646,-1.0805510055136889,0.0,0.027777777777777776,-1.0127502902980559
136,cluster-2,behavioural,1,116,False,30,?,0.05079651206781083,False,0.0027374102393101425,705.0,0.004913293651580462,-0.5706438825364746,0.0,0.02695035460992908,-1.4972383587579832
136,cluster-2,behavioural,1,120,False,15,.,0.15972919840720895,False,0.05983916745506149,15432.0,0.0630210212830081,-0.03616695093773714,0.0011016070502851219,0.014515292897874546,-1.8131931292133887
136,cluster-2,behavioural,1,121,False,85,the,0.141025587041682,True,0.05892798982582938,15197.0,0.04536171596483367,0.2772876666883315,0.09587418569454498,0.027242218858985326,-1.4732496779162647
136,cluster-2,behavioural,1,122,False,696,stone,0.26898135597644957,True,0.0008879135195496067,228.0,0.0004481050707252561,0.6951760065224999,0.021929824561403508,0.03070175438596491,-1.207859839254715
137,cluster-1,behavioural,3,1,True,3054,tend,0.1287118480558037,True,0.00027599503986379056,70.0,6.186229294968137e-05,1.4970336231120918,0.42857142857142855,0.4142857142857143,-1.112573753765945
137,cluster-1,behavioural,3,3,True,820,clouds,0.6010206409822879,True,0.0010145733155556248,260.0,0.0005424847227895135,0.6379709211453015,0.34615384615384615,0.08461538461538462,-0.13302243258919777
138,cluster-1,behavioural,1,1,True,108,in,0.3439237694140849,True,0.014985364488379047,3854.0,0.010290554500283535,0.39133434869254735,0.16242864556305137,0.04929942916450441,-0.6089461716988058
138,cluster-1,behavioural,1,6,False,307,boy,0.15368738118110475,True,0.004458680432729125,1146.0,0.002706078763388626,0.5142261964154393,0.13525305410122165,0.08289703315881326,-1.7946301510079694
138,cluster-1,behavioural,1,9,False,1063,discovered,0.4622657574784103,True,0.0009640390124819729,247.0,0.0004845879614391707,0.6995385852087059,0.02834008097165992,0.10931174089068826,-0.3537368943667839
138,cluster-1,behavioural,1,13,False,825,behind,0.3387908278852621,True,0.00029931856435932194,76.0,0.0005488295733484552,-0.603605407579014,0.07894736842105263,0.039473684210526314,-1.456624530081361
138,cluster-1,behavioural,1,18,False,32,a,0.11345339235342984,True,0.04502217678454117,11581.0,0.038765450702493924,0.16528563445860733,0.11302996287021846,0.02987652188930144,-4.523251864387903
139,cluster-1,behavioural,4,1,True,32,a,0.07175277499023242,True,0.04502217678454117,11581.0,0.038765450702493924,0.16528563445860733,0.11302996287021846,0.02987652188930144,-1.3028625414773627
139,cluster-1,behavioural,4,3,True,365,sun,0.16154265539976637,True,0.0027599503986379063,709.0,0.0011476248448485762,0.8918550076529685,0.1777150916784203,0.07475317348377997,-1.0011609519596136
139,cluster-1,behavioural,4,4,True,1809,rose,0.5684917182386298,True,0.0005869753664708785,150.0,0.0001673454334920868,1.2640243683725139,0.2866666666666667,0.16666666666666666,-0.12569707342163092
139,cluster-1,behavioural,4,9,False,427,samuel,0.1972432821076675,True,0.0013449899125756559,345.0,0.001617936892530128,-0.17191346205457858,0.02318840579710145,0.05507246376811594,-0.9172421678046341
139,cluster-1,behavioural,4,11,False,32,a,0.33887545387330387,True,0.04502217678454117,11581.0,0.038765450702493924,0.16528563445860733,0.11302996287021846,0.02987652188930144,-1.3232616943728206
139,cluster-1,behavioural,4,13,False,1304,wandered,0.30575389640809447,True,0.0007152547511963024,183.0,0.0006503471822915221,0.10542902033544621,0.03278688524590164,0.07103825136612021,-0.9694139453091761
139,cluster-1,behavioural,4,14,False,364,through,0.178565726749897,True,0.002561700440425887,658.0,0.0019732485238308623,0.2752176852185704,0.25379939209726443,0.06534954407294832,-1.1157113758173105
139,cluster-1,behavioural,4,21,False,346,small,0.12710916220722387,True,0.0018930927382206475,486.0,0.0010889349771783657,0.5667024258848468,0.10699588477366255,0.037037037037037035,-0.6641612986965022
140,cluster-1,behavioural,1,1,True,1288,gently,0.6436867659335677,True,0.0004897940144061634,125.0,0.00021096628108481082,0.8500646362729256,0.568,0.328,-0.16997398368257954
140,cluster-1,behavioural,1,9,False,108,in,0.06874748785563503,True,0.014985364488379047,3854.0,0.010290554500283535,0.39133434869254735,0.16242864556305137,0.04929942916450441,-0.5172619831804393
140,cluster-1,behavioural,1,11,False,557,hand,0.3428302774605977,True,0.00042759794908474606,109.0,0.0002736216803543599,0.45305067295010737,0.0,0.03669724770642202,-0.4559383929900567
140,cluster-1,behavioural,1,17,False,199,friend,0.05711095915973666,True,0.001049558602298922,269.0,0.0025355609046170684,-0.870009561705678,0.0,0.026022304832713755,-0.9957183334463884
140,cluster-1,behavioural,1,19,False,762,once,0.47327307041419664,True,0.00037317639192850546,95.0,0.0006995197741233201,-0.6230679566539257,0.5368421052631579,0.5157894736842106,-0.41742332688158923
140,cluster-1,behavioural,1,30,False,852,bird,0.9044371285486233,True,0.0004314852031673348,110.0,0.00028710448779211095,0.4140833617189692,0.0,0.045454545454545456,-0.46202768251599213
140,cluster-1,behavioural,1,33,False,1146,flying,0.16512041109256048,True,0.0002060244663771957,52.0,0.0001372073933371138,0.4031993318359728,0.0,0.038461538461538464,-3.0150651947351705
140,cluster-1,behavioural,1,51,False,1302,imagined,0.07676165680334479,True,0.0007891125787654862,202.0,0.00022127666324309105,1.282303123332163,0.0,0.034653465346534656,-1.079949397606617
140,cluster-1,behavioural,1,58,False,1184,playing,0.2502358119712139,True,0.0002254607367901387,57.0,0.00029107001939144954,-0.2570633724676963,0.0,0.05263157894736842,-2.3529102568552007
140,cluster-1,behavioural,1,60,False,120,it,0.19431173638877702,True,0.007615130747791068,1958.0,0.009780587136608598,-0.23502675816326057,0.0010214504596527069,0.012768130745658836,-1.0365124981051945
140,cluster-1,behavioural,1,62,False,266,every,0.5742733113457827,True,0.0023012544168924524,591.0,0.0007685200239518109,1.1107986132676562,0.008460236886632826,0.028764805414551606,-0.7151133122765017
140,cluster-1,behavioural,1,65,False,111,they,0.5385376833818523,True,0.007358571978340217,1892.0,0.016552128895639104,-0.7954310427070981,0.0,0.01849894291754757,-1.0379903925474008
140,cluster-1,behavioural,1,68,False,828,flew,0.19415223098544399,True,0.0001865881959642529,47.0,0.0003029666141894652,-0.49002579914419364,0.0425531914893617,0.06382978723404255,-1.9302656643493963
140,cluster-1,behavioural,1,69,False,540,over,0.2481633788529769,True,0.0007502400379395997,192.0,0.001123831655252545,-0.39355465991057414,0.3125,0.16145833333333334,-0.964929918937989
141,cluster-2,behavioural,1,1,True,108,in,0.3311163421626104,True,0.012492826899514559,3221.0,0.010290554500283535,0.20932355001160996,0.1561626823967712,0.04594846321018317,-0.6327741816212136
141,cluster-2,behavioural,1,4,False,1014,far,0.2888564343509834,True,6.979232904756738e-05,17.0,0.0001372073933371138,-0.717422141727063,0.23529411764705882,0.23529411764705882,-0.48021499101322673
141,cluster-2,behavioural,1,5,False,538,away,0.10736053969647308,True,0.0008530173550258232,219.0,0.0004584154528835363,0.6321539698586234,0.0182648401826484,0.0228310502283105,-1.3103117536145361
141,cluster-2,behavioural,1,9,False,572,sat,0.5244306049714198,True,0.000845262651798316,217.0,0.0006463816506921835,0.27936534901409704,0.12903225806451613,0.11059907834101383,-0.39417996713137726
141,cluster-2,behavioural,1,10,False,660,alone,0.23471144914056186,True,0.0017254214681204157,444.0,0.0004798293235199645,1.293252213115883,0.02027027027027027,0.06756756756756757,-0.7653135860593535
141,cluster-2,behavioural,1,25,False,1070,run,0.1326830706331371,True,0.0004924236549467254,126.0,0.0002704492550748891,0.6070555383824612,0.0,0.03968253968253968,-1.3728369653312429
141,cluster-2,behavioural,1,28,False,282,each,0.06426371027164735,True,0.0022411092327496622,577.0,0.0019399380583964183,0.15828905897548218,0.0034662045060658577,0.022530329289428077,-0.9476406418296142
141,cluster-2,behavioural,1,91,False,141,but,0.21501611008797344,True,0.009569303782744235,2467.0,0.006942852724121932,0.3361482074930153,0.00040535062829347385,0.019862180786380218,-2.140073563681595
141,cluster-2,behavioural,1,92,False,85,the,0.32611213725364274,True,0.05892798982582938,15197.0,0.04536171596483367,0.2772876666883315,0.09587418569454498,0.027242218858985326,-1.2145584914207472
141,cluster-2,behavioural,1,94,False,157,felt,0.1198966132913058,True,0.008006731082401478,2064.0,0.003036804098773461,0.9846982838386591,0.0009689922480620155,0.016472868217054265,-1.0541786946156264
141,cluster-2,behavioural,1,95,False,1089,cold,0.5199732335136446,True,0.0011205546163748311,288.0,0.0002601388729166088,1.4726029804663021,0.08333333333333333,0.03125,-0.300757211955551
141,cluster-2,behavioural,1,111,False,165,had,0.2865687455973983,True,0.012236921693006811,3155.0,0.004977535263489747,0.9149117698368903,0.0003169572107765452,0.022820919175911253,-0.8626427575030003
141,cluster-2,behavioural,1,112,False,1134,moved,0.11938511190610146,True,0.0003567163484653441,91.0,0.00013086254277817213,1.0075701413307705,0.07692307692307693,0.054945054945054944,-1.5722130505352934
141,cluster-2,behavioural,1,120,False,245,together,0.1358869729260893,True,0.0005893574452905685,151.0,0.0023000083276163586,-1.352530070445141,0.0,0.052980132450331126,-0.9236025293003169
141,cluster-2,behavioural,1,126,False,800,days,0.11465757859382246,True,0.00023264109682522455,59.0,0.00017527649669076388,0.2820308511024674,0.0,0.05084745762711865,-0.21558334550404057
142,cluster-1,behavioural,1,1,True,975,slowly,0.3608190968328367,True,6.997057348659477e-05,17.0,0.00013086254277817213,-0.66748492209204,0.11764705882352941,0.11764705882352941,-0.5783568910012473
142,cluster-1,behavioural,1,5,False,1304,wandered,0.06484822762728759,True,0.0007152547511963024,183.0,0.0006503471822915221,0.10542902033544621,0.03278688524590164,0.07103825136612021,-0.7311115797455034
142,cluster-1,behavioural,1,6,False,305,into,0.09998996066518007,True,0.0022623818760665656,581.0,0.0015893850650148906,0.3670975023994796,0.012048192771084338,0.020654044750430294,-1.419644686235334
142,cluster-1,behavioural,1,31,False,1061,tales,0.06912535288989416,True,0.0007035929889485366,180.0,0.0005583468491868678,0.24142570248449235,0.005555555555555556,0.05,-0.991830424906023
142,cluster-1,behavioural,1,44,False,1800,enough,0.23987880158138278,True,4.664704899106321e-05,11.0,5.155191079140114e-05,-0.17124478934494114,0.0,0.18181818181818182,-0.05728818688416193
142,cluster-1,behavioural,1,46,False,847,step,0.2200375069788406,True,0.0002060244663771957,52.0,0.0003299322290649673,-0.4741943339275121,0.0,0.057692307692307696,-0.967320691514086
142,cluster-1,behavioural,1,51,False,294,were,0.06361920072762878,True,0.001185612495189523,304.0,0.002610906005004501,-0.7769756526384146,0.029605263157894735,0.02631578947368421,-3.0223559465656185
142,cluster-1,behavioural,1,101,False,2384,imagining,0.12529196586871078,True,0.00024100975312049317,61.0,8.089684462650641e-05,1.091148258641363,0.0,0.06557377049180328,-1.7336916935091544
142,cluster-1,behavioural,1,108,False,789,excitement,0.1176179257505638,True,0.0011584017166114027,297.0,0.001022314046309478,0.13735734361583596,0.010101010101010102,0.03367003367003367,-1.112862935559214
142,cluster-1,behavioural,1,110,False,103,he,0.4138420521308356,True,0.011793928886573816,3033.0,0.010855246200029344,0.09835295922963905,0.0003297065611605671,0.015166501813386087,-0.7787170271266581
143,cluster-2,behavioural,3,1,True,1945,eagerly,0.22072930259729606,True,7.366968066132105e-05,18.0,0.00013482807437751066,-0.6427705704395983,0.9444444444444444,0.9444444444444444,-0.865765638809119
143,cluster-2,behavioural,3,3,True,32,a,0.13877874354144137,True,0.0412899173348636,10648.0,0.038765450702493924,0.07870079231135296,0.11363636363636363,0.030334335086401203,-1.422472745640771
143,cluster-2,behavioural,3,4,False,275,girl,0.13843339510014918,True,0.005110349426927429,1317.0,0.003378632922636444,0.4287433711943649,0.20501138952164008,0.12072892938496584,-1.2242465442458212
143,cluster-2,behavioural,3,5,False,578,stood,0.1718509649808142,True,0.0018611287746017953,479.0,0.0006574851391703315,1.0541365509901208,0.10647181628392484,0.07724425887265135,-0.7349310821668245
143,cluster-2,behavioural,3,7,False,85,the,0.10969460836879164,True,0.05892798982582938,15197.0,0.04536171596483367,0.2772876666883315,0.09587418569454498,0.027242218858985326,-1.1064444664593684
143,cluster-2,behavioural,3,8,False,1439,edge,0.07456715492879906,True,0.0008879135195496067,228.0,0.00034262193018285065,0.9635761494248305,0.25877192982456143,0.19736842105263158,-0.5763391095543062
143,cluster-2,behavioural,3,24,False,847,step,0.3968924464456663,True,0.0010895358034648016,280.0,0.0003299322290649673,1.2067604516224861,0.0,0.025,-0.6950839928650555
143,cluster-2,behavioural,3,26,False,13,",",0.24275991043744016,False,0.06302635048156707,16254.0,0.05572444314022516,0.13877826145970173,0.06503014642549526,0.019933554817275746,-1.8795843915303547
143,cluster-2,behavioural,3,47,False,847,step,0.21755599790870417,True,0.0010895358034648016,280.0,0.0003299322290649673,1.2067604516224861,0.0,0.025,-0.7873487544336455
143,cluster-2,behavioural,3,54,False,2253,society,0.14595947593025627,True,0.001372582471268825,353.0,0.0002799665309133016,1.6026561087145001,0.0,0.0339943342776204,-0.12831398403241057
144,cluster-1,behavioural,1,1,True,1288,gently,0.3304941110174641,True,0.0004897940144061634,125.0,0.00021096628108481082,0.8500646362729256,0.568,0.328,-0.6339464218050495
144,cluster-1,behavioural,1,3,False,85,the,0.13166105421712604,True,0.05475197375326044,14084.0,0.04536171596483367,0.2038201270674933,0.09791252485089463,0.0227918205055382,-1.1517246118142963
144,cluster-1,behavioural,1,4,False,552,wind,0.17712441775034127,True,0.0007774508165177202,199.0,0.0006162436105372106,0.243111682109169,0.23115577889447236,0.11055276381909548,-1.0780953398803585
144,cluster-1,behavioural,1,7,False,806,emmanuel,0.19122628227169658,True,0.0005442155715624041,139.0,0.0007360026648372348,-0.2933105919031842,0.05755395683453238,0.09352517985611511,-1.4783268087557513
144,cluster-1,behavioural,1,8,False,2187,prepared,0.6540933400284923,True,0.00019436270412942985,49.0,8.406926990597725e-05,0.833628411750885,0.02040816326530612,0.12244897959183673,-0.2831228821774756
144,cluster-1,behavioural,1,12,False,1366,festival,0.30762344758583926,True,0.0018658819596425276,479.0,0.0004607947718431394,1.4121970483113282,0.0,0.029227557411273485,-0.6479172044173642
144,cluster-1,behavioural,1,33,False,941,box,0.10319761452559344,True,0.0005597645878927584,143.0,0.0004021049041729289,0.33958083442104847,0.006993006993006993,0.055944055944055944,-1.4136756753445439
144,cluster-1,behavioural,1,34,False,127,was,0.37271286497457745,True,0.006631655464896152,1705.0,0.008326823252291086,-0.2124676960450005,0.013489736070381233,0.02287390029325513,-2.3916549215498666
144,cluster-1,behavioural,1,37,False,94,and,0.374904414370144,True,0.0220290688860296,5666.0,0.018549963715385868,0.18746478279189205,0.0037063183903988705,0.013060360042357924,-1.6994568123966105
144,cluster-1,behavioural,1,38,False,156,his,0.18616866444880598,True,0.0060641163688382165,1559.0,0.004697568732576446,0.2704487205331354,0.0,0.014753046824887749,-0.9710903240380873
144,cluster-1,behavioural,1,66,False,1018,group,0.17653016340307237,True,7.774508165177201e-05,19.0,0.0006432092254127127,-2.148581867196648,0.0,0.10526315789473684,-2.4370605239219274
144,cluster-1,behavioural,1,69,False,127,was,0.3607150566497479,True,0.006631655464896152,1705.0,0.008326823252291086,-0.2124676960450005,0.013489736070381233,0.02287390029325513,-2.5263666743002178
144,cluster-1,behavioural,1,74,False,1010,wide,0.4580404646563949,True,0.0004625832358280434,118.0,0.00048617417407890615,-0.0424331037182224,0.025423728813559324,0.0423728813559322,-1.3192478960827168
144,cluster-1,behavioural,1,102,False,2537,happening,0.12430324985087643,True,1.5549016330354413e-05,3.0,2.3000083276163587e-05,-0.6634363335660396,0.0,0.3333333333333333,-0.2581875800716202
144,cluster-1,behavioural,1,110,False,3,"""",0.08629582168847577,False,0.01278517867763391,3288.0,0.0371792380627585,-1.0520217972964043,0.0,0.0170316301703163,-1.6540131502306779
144,cluster-1,behavioural,1,111,False,120,it,0.44766298552312056,True,0.007615130747791068,1958.0,0.009780587136608598,-0.23502675816326057,0.0010214504596527069,0.012768130745658836,-1.0289947239257908
144,cluster-1,behavioural,1,112,False,8,',0.07260745121588563,False,0.002565587694508475,659.0,0.00764316560456512,-1.0773943935964558,0.0030349013657056147,0.021244309559939303,-1.6113830830992224
144,cluster-1,behavioural,1,115,False,85,the,0.371108270664669,True,0.05475197375326044,14084.0,0.04536171596483367,0.2038201270674933,0.09791252485089463,0.0227918205055382,-0.3728053725296777
144,cluster-1,behavioural,1,116,False,947,idea,0.09706548844171592,True,0.00014382840105577822,36.0,0.00044493264544578524,-1.1409547593142628,0.0,0.08333333333333333,-1.230939041930497
145,cluster-1,behavioural,1,1,True,394,under,0.4480762609065349,True,0.0014965928217966114,384.0,0.0010754521697406145,0.34359529183971027,0.2630208333333333,0.20833333333333334,-0.43374690297022633
145,cluster-1,behavioural,1,2,False,32,a,0.2856190971744673,True,0.04502217678454117,11581.0,0.038765450702493924,0.16528563445860733,0.11302996287021846,0.02987652188930144,-1.2102589356819067
145,cluster-1,behavioural,1,7,False,757,curious,0.23218201399872546,True,0.0011661762247765796,299.0,0.0006717610529279502,0.5639900864909562,0.043478260869565216,0.023411371237458192,-3.4026959472915705
145,cluster-1,behavioural,1,9,False,229,found,0.11577015166473636,True,0.0032419699048788922,833.0,0.0033818053479159147,-0.02768211592651415,0.013205282112845138,0.04321728691476591,-0.8803194654752785
145,cluster-1,behavioural,1,12,False,941,box,0.2607206403123157,True,0.0005597645878927584,143.0,0.0004021049041729289,0.33958083442104847,0.006993006993006993,0.055944055944055944,-0.7730647867273652
145,cluster-1,behavioural,1,24,False,177,their,0.06802365894488446,True,0.00435372457249923,1119.0,0.0035142541033338225,0.22905734486475993,0.0035746201966041107,0.01966041108132261,-2.0046691792980917
145,cluster-1,behavioural,1,34,False,94,and,0.21752295637870983,True,0.0220290688860296,5666.0,0.018549963715385868,0.18746478279189205,0.0037063183903988705,0.013060360042357924,-1.3624716404839115
145,cluster-1,behavioural,1,35,False,282,each,0.6232623056239686,True,0.004198234409195689,1079.0,0.0019399380583964183,0.7868278567633418,0.0009267840593141798,0.021316033364226137,-0.3471638323406454
145,cluster-1,behavioural,1,37,False,629,told,0.17094750378360846,True,0.0008513086440869033,218.0,0.0005734158692643543,0.40633304838264905,0.0,0.022935779816513763,-1.2269629892846494
145,cluster-1,behavioural,1,40,False,15,.,0.33114871342391167,False,0.05323983191513346,13695.0,0.0630210212830081,-0.1529883247882995,7.301935012778386e-05,0.016502373128879155,-1.9603145199776386
145,cluster-1,behavioural,1,44,False,1155,needed,0.2924818350397999,True,3.4985286743297385e-05,8.0,0.00014037981861658464,-1.4914609831416676,0.0,0.125,-1.7103218284221926
145,cluster-1,behavioural,1,45,False,85,the,0.21321301760764055,True,0.05475197375326044,14084.0,0.04536171596483367,0.2038201270674933,0.09791252485089463,0.0227918205055382,-0.6539463748680423
146,cluster-1,behavioural,4,1,True,1288,gently,0.2520523211633866,True,0.0004897940144061634,125.0,0.00021096628108481082,0.8500646362729256,0.568,0.328,-0.7939573510627205
146,cluster-1,behavioural,4,4,True,1406,breeze,0.5069047655287929,True,0.0017142790504215723,440.0,0.00047745000456036134,1.2917644893558098,0.20454545454545456,0.06363636363636363,-0.805016544840417
146,cluster-1,behavioural,4,5,False,657,whispered,0.15478810699488177,True,0.0015743379034483835,404.0,0.0009850380492756956,0.4821838232200504,0.09900990099009901,0.039603960396039604,-0.39141384824151704
146,cluster-1,behavioural,4,22,False,15,.,0.5527862539215598,False,0.05323983191513346,13695.0,0.0630210212830081,-0.1529883247882995,7.301935012778386e-05,0.016502373128879155,-2.3928905081196765
146,cluster-1,behavioural,4,23,False,120,it,0.17778999407814444,True,0.007615130747791068,1958.0,0.009780587136608598,-0.23502675816326057,0.0010214504596527069,0.012768130745658836,-0.7389064673334106
146,cluster-1,behavioural,4,112,False,305,into,0.106789747698219,True,0.0022623818760665656,581.0,0.0015893850650148906,0.3670975023994796,0.012048192771084338,0.020654044750430294,-0.941349273593876
146,cluster-1,behavioural,4,123,False,346,small,0.13395027627739414,True,0.0018930927382206475,486.0,0.0010889349771783657,0.5667024258848468,0.10699588477366255,0.037037037037037035,-0.7650185241126397
146,cluster-1,behavioural,4,124,False,1536,pond,0.16363151414447993,True,9.718135206471509e-05,24.0,0.00013800049965698153,-0.3757542611142597,0.125,0.041666666666666664,-0.6143968297095241
146,cluster-1,behavioural,4,125,False,130,with,0.20324546524853743,True,0.013628712813555629,3505.0,0.008632169185440155,0.4721439073178768,0.01768901569186876,0.011982881597717546,-3.1039023215350428
146,cluster-1,behavioural,4,126,False,1393,clear,0.06320780628906153,True,4.275979490847463e-05,10.0,2.4586295915899004e-05,0.47384509626122373,0.2,0.1,-1.4166514993414445
147,cluster-1,behavioural,3,1,True,289,bright,0.08645659899855046,True,0.0023634504822138687,607.0,0.0016694888033215293,0.36170525269533993,0.17792421746293247,0.06260296540362438,-1.2501682412186987
147,cluster-1,behavioural,3,2,True,541,flowers,0.1925333268751121,True,0.004124376581626506,1060.0,0.001385556740808889,1.1056160847243808,0.04716981132075472,0.018867924528301886,-0.855106322257853
147,cluster-1,behavioural,3,3,True,1633,bloomed,0.1322786988377765,True,0.0005675390960579354,145.0,0.00017051785877155763,1.2113429220452367,0.2413793103448276,0.06206896551724138,-1.3842367774713022
147,cluster-1,behavioural,3,4,False,108,in,0.05716894373075321,True,0.014985364488379047,3854.0,0.010290554500283535,0.39133434869254735,0.16242864556305137,0.04929942916450441,-1.491254266861536
147,cluster-1,behavioural,3,5,False,2123,spring,0.3227070896781231,True,0.000936828233903853,240.0,0.00023079393908150358,1.4125628639228234,0.15,0.058333333333333334,-0.09799183735222705
147,cluster-1,behavioural,3,11,False,364,through,0.0693847855174392,True,0.002561700440425887,658.0,0.0019732485238308623,0.2752176852185704,0.25379939209726443,0.06534954407294832,-1.0987613006631753
147,cluster-1,behavioural,3,28,False,382,world,0.18815746591271698,True,0.0016598574932653323,426.0,0.0006091056536584011,1.0158968208740227,0.025821596244131457,0.03051643192488263,-0.28861803505463923
147,cluster-1,behavioural,3,29,False,157,felt,0.15700294902350792,True,0.003416896338595381,878.0,0.003036804098773461,0.1325348499101464,0.0,0.02050113895216401,-0.6427245810021729
148,cluster-2,behavioural,4,4,True,995,moon,0.644950750784167,True,0.00043038602912666543,110.0,0.0003695875450583528,0.15895084038127028,0.5,0.3090909090909091,-0.22651945848099375
148,cluster-2,behavioural,4,5,False,1162,shone,0.0990305807655173,True,0.00017835817423267206,45.0,0.00021175938740467854,-0.17793005991542898,0.2222222222222222,0.1111111111111111,-1.3219907802597954
148,cluster-2,behavioural,4,8,False,658,city,0.12984701971323154,True,0.0034198241233307993,881.0,0.0007288647079584254,1.5604276122949923,0.043132803632236094,0.028376844494892167,-0.55726389205606
148,cluster-2,behavioural,4,32,False,165,had,0.0858912882050099,True,0.012236921693006811,3155.0,0.004977535263489747,0.9149117698368903,0.0003169572107765452,0.022820919175911253,-0.7556935979776499
148,cluster-2,behavioural,4,35,False,13,",",0.6638746617946962,False,0.06302635048156707,16254.0,0.05572444314022516,0.13877826145970173,0.06503014642549526,0.019933554817275746,-0.17553516497130417
148,cluster-2,behavioural,4,37,False,103,he,0.09687615619592832,True,0.016412829381019595,4232.0,0.010855246200029344,0.42888432604136906,0.0023629489603024575,0.013941398865784499,-1.8737635502947871
148,cluster-2,behavioural,4,47,False,598,full,0.06267631401712831,True,0.0005040557097879865,129.0,0.0006336919495743002,-0.2208924326901025,0.046511627906976744,0.03875968992248062,-1.226360685753797
148,cluster-2,behavioural,4,49,False,643,life,0.06778745995257723,True,0.0003954898646028817,101.0,0.00022444908852256189,0.5723297279125212,0.0,0.04950495049504951,-0.7370890325069472
148,cluster-2,behavioural,4,51,False,141,but,0.5760692494316864,True,0.009569303782744235,2467.0,0.006942852724121932,0.3361482074930153,0.00040535062829347385,0.019862180786380218,-0.7005631515623437
148,cluster-2,behavioural,4,52,False,535,now,0.17399512987745636,True,0.0018533740713742885,477.0,0.0005416916164696458,1.2436777400320516,0.0,0.033542976939203356,-0.762666863700679
148,cluster-2,behavioural,4,58,False,157,felt,0.06848110406053487,True,0.008006731082401478,2064.0,0.003036804098773461,0.9846982838386591,0.0009689922480620155,0.016472868217054265,-1.425889802075475
148,cluster-2,behavioural,4,98,False,317,leo,0.1819240756335943,True,0.0014113559874063624,363.0,0.0024594226979097683,-0.5424209761210976,0.030303030303030304,0.05234159779614325,-2.724115555558839
148,cluster-2,behavioural,4,108,False,141,but,0.11238272815895285,True,0.009569303782744235,2467.0,0.006942852724121932,0.3361482074930153,0.00040535062829347385,0.019862180786380218,-0.44310801928142
148,cluster-2,behavioural,4,109,False,111,they,0.49235680298822787,True,0.004435690246134279,1143.0,0.016552128895639104,-1.3020002275619351,0.0,0.019247594050743656,-0.7932896231044275
148,cluster-2,behavioural,4,112,False,151,be,0.15014334402384555,True,0.0016207329745490634,417.0,0.002096180003410357,-0.24392758409098825,0.0,0.02158273381294964,-1.3172065945398654
148,cluster-2,behavioural,4,113,False,599,happy,0.08306433045741973,True,0.0001318299548676273,33.0,0.0003402426112232475,-0.9622932487470361,0.0,0.06060606060606061,-0.8916780611913819
148,cluster-2,behavioural,4,115,False,111,they,0.5040922482790046,True,0.004435690246134279,1143.0,0.016552128895639104,-1.3020002275619351,0.0,0.019247594050743656,-0.946000795557131
148,cluster-2,behavioural,4,117,False,108,in,0.16800075707194084,True,0.012492826899514559,3221.0,0.010290554500283535,0.20932355001160996,0.1561626823967712,0.04594846321018317,-1.8416592933940783
148,cluster-2,behavioural,4,118,False,953,happiness,0.08766347133412522,True,9.693379034384353e-05,24.0,0.0002165180253238848,-0.8287618561225134,0.0,0.08333333333333333,-0.45863501941798734
148,cluster-2,behavioural,4,121,False,386,wanted,0.08095593977533211,True,0.0008762814647083456,225.0,0.0021175938740467855,-0.8710772404753753,0.0,0.035555555555555556,-1.9795976564846938
149,cluster-0,triggered,1,1,True,139,on,0.5312774611639213,True,0.003085337075068562,773.0,0.00403453184916704,-0.25337183317610545,0.17852522639068563,0.047865459249676584,-0.3129623274127553
149,cluster-0,triggered,1,4,False,1440,sunny,0.10365285521754453,True,0.0004703743861215638,117.0,0.000782002831389562,-0.5006897567456425,0.49572649572649574,0.24786324786324787,-1.1013093375071232
149,cluster-0,triggered,1,8,False,307,boy,0.09649166580603397,True,0.0011440461764143119,286.0,0.002706078763388626,-0.8482694347324795,0.2062937062937063,0.08041958041958042,-2.099048346283184
150,cluster-2,behavioural,1,1,True,880,above,0.5921516086118772,True,0.00023264109682522455,59.0,0.00026965614875502133,-0.14875206498998672,0.5254237288135594,0.15254237288135594,-0.2330024804721451
150,cluster-2,behavioural,1,11,False,721,jose,0.37705554515068546,True,0.0001473393613226421,37.0,0.0007812097250696942,-1.679067619813364,0.02702702702702703,0.08108108108108109,-1.2158322874042868
150,cluster-2,behavioural,1,15,False,13,",",0.16630507552116489,False,0.06302635048156707,16254.0,0.05572444314022516,0.13877826145970173,0.06503014642549526,0.019933554817275746,-0.5045976500060474
151,cluster-4,behavioural,1,1,True,201,an,0.5343515236699643,True,0.0024183326723742423,621.0,0.0014664535854353956,0.5143715754739304,0.043478260869565216,0.028985507246376812,-0.3087674499291526
151,cluster-4,behavioural,1,4,False,926,spirit,0.30290589071181395,True,1.1663983950358076e-05,2.0,8.644858886558037e-05,-2.3927599767416208,0.0,0.5,-0.882676978769271
151,cluster-4,behavioural,1,8,False,624,land,0.15114977599169654,True,0.00011663983950358089,29.0,0.00036562201345901425,-1.1606614880825976,0.10344827586206896,0.06896551724137931,-0.8209028568253256
151,cluster-4,behavioural,1,16,False,94,and,0.12736638436747696,True,0.022725328729947668,5844.0,0.018549963715385868,0.21859039244727319,0.02087611225188227,0.011978097193702943,-1.6539721078313858
151,cluster-4,behavioural,1,18,False,15,.,0.72710976388108,False,0.06477787886563867,16660.0,0.0630210212830081,0.04318502641060906,0.0019807923169267707,0.01362545018007203,-1.4893911450950255
151,cluster-4,behavioural,1,20,False,210,day,0.06801027876531729,True,0.0016407337423503707,421.0,0.0030027005270191497,-0.5909917731593097,0.2327790973871734,0.0688836104513064,-1.6303295792511638
151,cluster-4,behavioural,1,23,False,797,young,0.21280066557184363,True,0.0009875506411303177,253.0,0.0004520706023245946,0.7931938528265015,0.49407114624505927,0.20948616600790515,-1.6307259657189208
151,cluster-4,behavioural,1,31,False,139,on,0.13996608486596204,True,0.007426069781727981,1909.0,0.00403453184916704,0.6253320038305601,0.08328968046097433,0.025144054478784705,-0.3115350534437997
151,cluster-4,behavioural,1,32,False,156,his,0.33721477284085993,True,0.002286140854270184,587.0,0.004697568732576446,-0.7061328115212913,0.01192504258943782,0.028960817717206135,-0.8254466961322633
151,cluster-4,behavioural,1,33,False,527,home,0.20320650989340955,True,0.0001516317913546552,38.0,0.00028551827515237556,-0.6430771467961929,0.02631578947368421,0.07894736842105263,-1.9896699149316643
151,cluster-4,behavioural,1,35,False,120,it,0.15064077473406512,True,0.012880926275845445,3312.0,0.009780587136608598,0.2907954514266873,0.004227053140096618,0.016908212560386472,-1.4914167531677394
151,cluster-4,behavioural,1,37,False,108,in,0.27610815583152537,True,0.00949448293559148,2441.0,0.010290554500283535,-0.06517591271355183,0.13928717738631707,0.04055714870954527,-1.1752037416073797
151,cluster-4,behavioural,1,40,False,15,.,0.07516563861370729,False,0.06477787886563867,16660.0,0.0630210212830081,0.04318502641060906,0.0019807923169267707,0.01362545018007203,-0.9503298337310279
151,cluster-4,behavioural,1,47,False,298,about,0.09953416250322367,True,0.001022542592981392,262.0,0.0011626938649260626,-0.11650765375792282,0.011450381679389313,0.04580152671755725,-1.486367396381546
151,cluster-4,behavioural,1,56,False,103,he,0.12369802563432197,True,0.003390331334904083,871.0,0.010855246200029344,-1.1491190544311864,0.0,0.029850746268656716,-1.1125997371738205
151,cluster-4,behavioural,1,71,False,15,.,0.1866919351102374,False,0.06477787886563867,16660.0,0.0630210212830081,0.04318502641060906,0.0019807923169267707,0.01362545018007203,-0.9062348578987832
152,cluster-2,behavioural,2,1,True,1131,among,0.2972714491700045,True,0.0005428292259255238,139.0,0.0002990010825901266,0.6048848543971808,0.22302158273381295,0.22302158273381295,-0.6986192265926379
152,cluster-2,behavioural,2,3,False,703,tall,0.3212429398376787,True,0.0007056779937031812,181.0,0.0008383133801001694,-0.16203684588991152,0.27624309392265195,0.12154696132596685,-1.335706969856751
152,cluster-2,behavioural,2,7,False,127,was,0.13822779961491805,True,0.01073250926687036,2767.0,0.008326823252291086,0.26913979498648466,0.013371882905674015,0.02204553668232743,-1.2081729056077959
153,cluster-4,behavioural,1,1,True,201,an,0.625385019074221,True,0.0024183326723742423,621.0,0.0014664535854353956,0.5143715754739304,0.043478260869565216,0.028985507246376812,-0.1919053117263303
153,cluster-4,behavioural,1,15,False,797,young,0.06733005280816405,True,0.0009875506411303177,253.0,0.0004520706023245946,0.7931938528265015,0.49407114624505927,0.20948616600790515,-0.5754897034976301
154,cluster-2,behavioural,1,1,True,3872,calmly,0.6948020502862629,True,7.754703227507482e-06,1.0,6.344850558941679e-06,-0.47678543296533604,1.0,1.0,-0.11115275803411784
155,cluster-2,behavioural,2,1,True,32,a,0.20921895106494348,True,0.0412899173348636,10648.0,0.038765450702493924,0.07870079231135296,0.11363636363636363,0.030334335086401203,-0.8935049335016313
155,cluster-2,behavioural,2,2,True,814,quiet,0.4336058206546573,True,0.0005079330614017403,130.0,0.0002791734245934339,0.6065593835719865,0.5076923076923077,0.26153846153846155,-0.5650806353467663
155,cluster-2,behavioural,2,3,False,406,night,0.055411005437462246,True,0.0021751942553158493,560.0,0.0012094871377982576,0.6008432034021833,0.15535714285714286,0.039285714285714285,-0.8602218631383827
155,cluster-2,behavioural,2,4,False,900,fell,0.09631115288368175,True,0.00043038602912666543,110.0,0.00032517359114576103,0.286979314808562,0.5727272727272728,0.23636363636363636,-0.4480932450635733
156,cluster-2,behavioural,1,1,True,1131,among,0.7085227244610763,True,0.0005428292259255238,139.0,0.0002990010825901266,0.6048848543971808,0.22302158273381295,0.22302158273381295,-0.09593537829299326
156,cluster-2,behavioural,1,6,False,814,quiet,0.11071475334101544,True,0.0005079330614017403,130.0,0.0002791734245934339,0.6065593835719865,0.5076923076923077,0.26153846153846155,-1.1539877057878232
156,cluster-2,behavioural,1,10,False,1319,lonely,0.18742107837670796,True,0.00032182018394156056,82.0,0.00014831088181526176,0.7782667391241667,0.34146341463414637,0.14634146341463414,-0.4187849770031695
156,cluster-2,behavioural,1,39,False,15,.,0.13814737998367815,False,0.05983916745506149,15432.0,0.0630210212830081,-0.03616695093773714,0.0011016070502851219,0.014515292897874546,-2.133361135518777
156,cluster-2,behavioural,1,45,False,547,sad,0.0649982108014338,True,0.000283046667804023,72.0,0.0005599330618266032,-0.6802930097626874,0.013888888888888888,0.05555555555555555,-1.9424940763623815
156,cluster-2,behavioural,1,48,False,106,she,0.2532728723575493,True,0.017975402081362342,4635.0,0.011545248698314253,0.45822033014979446,0.001725997842502697,0.013807982740021575,-1.369672754098388
156,cluster-2,behavioural,1,56,False,538,away,0.11795907514289838,True,0.0008530173550258232,219.0,0.0004584154528835363,0.6321539698586234,0.0182648401826484,0.0228310502283105,-0.24974834501142973
156,cluster-2,behavioural,1,57,False,13,",",0.2904893968607022,False,0.06302635048156707,16254.0,0.05572444314022516,0.13877826145970173,0.06503014642549526,0.019933554817275746,-0.9222714265424615
156,cluster-2,behavioural,1,58,False,3,"""",0.09291873704076858,False,0.007723684414597451,1991.0,0.0371792380627585,-1.5562553484461028,0.0,0.02109492717227524,-1.5149789043596398
156,cluster-2,behavioural,1,59,False,106,she,0.2739392618132164,True,0.017975402081362342,4635.0,0.011545248698314253,0.45822033014979446,0.001725997842502697,0.013807982740021575,-0.5043761233130293
156,cluster-2,behavioural,1,61,False,15,.,0.08575387442332272,False,0.05983916745506149,15432.0,0.0630210212830081,-0.03616695093773714,0.0011016070502851219,0.014515292897874546,-1.863321211513013
156,cluster-2,behavioural,1,62,False,85,the,0.12673533968089423,True,0.05892798982582938,15197.0,0.04536171596483367,0.2772876666883315,0.09587418569454498,0.027242218858985326,-0.9316767723136034
156,cluster-2,behavioural,1,64,False,1769,sighed,0.46386915262906325,True,5.04055709787986e-05,12.0,0.00042113945584975395,-2.1871992627394388,0.0,0.08333333333333333,-0.22299889838552545
156,cluster-2,behavioural,1,75,False,776,sea,0.08368342033510608,True,0.0003489616452378366,89.0,0.00035689784394046944,-0.017955104317724846,0.12359550561797752,0.0449438202247191,-1.1242475298960786
156,cluster-2,behavioural,1,93,False,64,##r,0.2592860432033679,True,0.00031794283232780703,81.0,0.0003624495881795434,-0.12757812750726583,0.07407407407407407,0.07407407407407407,-0.6271060136869812
156,cluster-2,behavioural,1,96,False,85,the,0.34745129351869086,True,0.05892798982582938,15197.0,0.04536171596483367,0.2772876666883315,0.09587418569454498,0.027242218858985326,-1.1979230453837038
156,cluster-2,behavioural,1,98,False,1769,sighed,0.5535210225563857,True,5.04055709787986e-05,12.0,0.00042113945584975395,-2.1871992627394388,0.0,0.08333333333333333,-0.5037695980801651
156,cluster-2,behavioural,1,103,False,263,we,0.196576863887864,True,0.00031018812910029906,79.0,0.0028052170533720898,-2.1989302280239595,0.0,0.05063291139240506,-1.152158140532039
156,cluster-2,behavioural,1,104,False,350,all,0.21314415394263442,True,0.00048079160010546386,123.0,0.001809868621938114,-1.317967066335103,0.0,0.032520325203252036,-2.710131823150643
156,cluster-2,behavioural,1,108,False,15,.,0.06453050808046074,False,0.05983916745506149,15432.0,0.0630210212830081,-0.03616695093773714,0.0011016070502851219,0.014515292897874546,-0.9394381499914478
156,cluster-2,behavioural,1,109,False,141,but,0.23508180829274794,True,0.009569303782744235,2467.0,0.006942852724121932,0.3361482074930153,0.00040535062829347385,0.019862180786380218,-1.0320285728965677
156,cluster-2,behavioural,1,110,False,40,i,0.19874344979046787,True,0.0013221769002900255,340.0,0.0056643653364951835,-1.4421464018296861,0.011764705882352941,0.026470588235294117,-1.9400723377275235
156,cluster-2,behavioural,1,113,False,40,i,0.082642807468986,True,0.0013221769002900255,340.0,0.0056643653364951835,-1.4421464018296861,0.011764705882352941,0.026470588235294117,-1.2638146792335425
156,cluster-2,behavioural,1,114,False,269,can,0.14592535562304287,True,0.0004109992710578967,105.0,0.0024451467841521495,-1.7770419690141264,0.01904761904761905,0.047619047619047616,-1.331959222517985
156,cluster-2,behavioural,1,115,False,280,do,0.11086495681105846,True,0.00025978255812150074,66.0,0.0010548314054240541,-1.4006233704748734,0.0,0.045454545454545456,-1.933220728156115
156,cluster-2,behavioural,1,117,False,637,make,0.07031531190275875,True,0.00011244319679885852,28.0,0.001292763301384367,-2.461474674911103,0.0,0.07142857142857142,-2.11872118258126
156,cluster-2,behavioural,1,120,False,1096,better,0.49338922214402187,True,3.489616452378368e-05,8.0,0.000202242111566266,-1.8591658947640894,0.0,0.125,-0.7906297140508686
157,cluster-1,behavioural,1,1,True,1945,eagerly,0.5714847176909472,True,0.00016715192555130984,42.0,0.00013482807437751066,0.20711838898543,0.42857142857142855,0.40476190476190477,-0.2594384159416112
157,cluster-1,behavioural,1,4,False,797,young,0.22082727960993853,True,0.0007191420052788912,184.0,0.0004520706023245946,0.4745466045327138,0.19021739130434784,0.11413043478260869,-1.0639718449397806
157,cluster-1,behavioural,1,7,False,1768,onto,0.18915682137303452,True,8.940684389953786e-05,22.0,9.437965206425747e-05,-0.08283383200088856,0.0,0.09090909090909091,-3.001210933324404
157,cluster-1,behavioural,1,9,False,1038,park,0.1298370603538877,True,0.0001321666388080124,33.0,0.0004917259183179801,-1.3279647088203328,0.0,0.06060606060606061,-2.0523776979707957
157,cluster-1,behavioural,1,17,False,555,plan,0.15613195523088155,True,4.664704899106321e-05,11.0,0.0008065891273054609,-2.921469915497865,0.0,0.18181818181818182,-3.094619735158263
157,cluster-1,behavioural,1,18,False,93,to,0.1263685728545394,True,0.019090304799592617,4910.0,0.01724609692552335,0.11713730350915119,0.009368635437881873,0.014867617107942974,-1.2675421684333525
157,cluster-1,behavioural,1,20,False,85,the,0.07011803022161986,True,0.05475197375326044,14084.0,0.04536171596483367,0.2038201270674933,0.09791252485089463,0.0227918205055382,-0.6871675379789454
157,cluster-1,behavioural,1,21,False,799,best,0.1360995732462537,True,0.00019436270412942985,49.0,0.0008216581473829474,-1.4460549169564771,0.0,0.08163265306122448,-2.2104099047535244
157,cluster-1,behavioural,1,22,False,969,spot,0.16984447104389755,True,0.00011273036839506933,28.0,0.0001689316461318222,-0.4238404477818971,0.0,0.07142857142857142,-3.5070425929289533
157,cluster-1,behavioural,1,24,False,85,the,0.17832812105841234,True,0.05475197375326044,14084.0,0.04536171596483367,0.2038201270674933,0.09791252485089463,0.0227918205055382,-1.1111462044891107
157,cluster-1,behavioural,1,25,False,1062,art,0.41669017809863534,True,0.0004625832358280434,118.0,0.0002403112149199161,0.6621990267086204,0.01694915254237288,0.03389830508474576,-1.6162909178901428
157,cluster-1,behavioural,1,27,False,158,for,0.2881490556681366,True,0.004058293262222499,1043.0,0.0039853592573352425,0.03292292982582001,0.0019175455417066154,0.020134228187919462,-0.9562063693364111
157,cluster-1,behavioural,1,30,False,58,##e,0.0682241953312161,True,0.00032652934293744254,83.0,0.000746313046995515,-0.8228553240364569,0.0963855421686747,0.060240963855421686,-1.1811839148163603
157,cluster-1,behavioural,1,31,False,100,##en,0.2764546751078016,True,0.00019047545004684125,48.0,9.67589710238606e-05,0.6724271739269589,0.14583333333333334,0.0625,-0.8478236395559496
157,cluster-1,behavioural,1,34,False,267,friends,0.09455775461414964,True,0.0019086417545510017,490.0,0.0028321826682475917,-0.3809483487374523,0.0020408163265306124,0.02040816326530612,-1.3271764132152706
157,cluster-1,behavioural,1,36,False,120,it,0.32215548713633035,True,0.007615130747791068,1958.0,0.009780587136608598,-0.23502675816326057,0.0010214504596527069,0.012768130745658836,-1.8378190318241732
157,cluster-1,behavioural,1,38,False,1382,imp,0.45758935619830243,True,3.8872540825886025e-06,0.0,1.5862126397354198e-06,-inf,0.0,0.0,-1.176210900168586
157,cluster-1,behavioural,1,41,False,13,",",0.2884311875274559,False,0.06767709357786753,17409.0,0.05572444314022516,0.21001764204309392,0.06410477339307255,0.02136825779769085,-1.1044411436399393
157,cluster-1,behavioural,1,50,False,106,she,0.10177865062211233,True,0.014930942931222813,3840.0,0.011545248698314253,0.27264759676943573,0.0,0.015625,-1.3899902922174177
157,cluster-1,behavioural,1,55,False,13,",",0.5207268304195452,False,0.06767709357786753,17409.0,0.05572444314022516,0.21001764204309392,0.06410477339307255,0.02136825779769085,-1.127740581461112
157,cluster-1,behavioural,1,57,False,158,for,0.44507267582513244,True,0.004058293262222499,1043.0,0.0039853592573352425,0.03292292982582001,0.0019175455417066154,0.020134228187919462,-2.274261925827263
157,cluster-1,behavioural,1,59,False,331,##ion,0.36237898987725714,True,7.385782756918344e-05,18.0,7.693131302716785e-05,-0.07909201285489509,0.0,0.1111111111111111,-0.5873342396799586
157,cluster-1,behavioural,1,69,False,93,to,0.08945804103403975,True,0.019090304799592617,4910.0,0.01724609692552335,0.11713730350915119,0.009368635437881873,0.014867617107942974,-2.045789120683161
157,cluster-1,behavioural,1,71,False,85,the,0.1909990642069199,True,0.05475197375326044,14084.0,0.04536171596483367,0.2038201270674933,0.09791252485089463,0.0227918205055382,-1.7773756523136002
157,cluster-1,behavioural,1,88,False,93,to,0.10582290263550115,True,0.019090304799592617,4910.0,0.01724609692552335,0.11713730350915119,0.009368635437881873,0.014867617107942974,-1.7087166298852734
157,cluster-1,behavioural,1,89,False,3907,admire,0.8542955481376007,True,4.275979490847463e-05,10.0,1.0310382158280228e-05,1.3428829432848328,0.0,0.2,-0.34171232607616786
157,cluster-1,behavioural,1,97,False,13,",",0.5900773818266003,False,0.06767709357786753,17409.0,0.05572444314022516,0.21001764204309392,0.06410477339307255,0.02136825779769085,-1.0946056178038222
157,cluster-1,behavioural,1,98,False,94,and,0.2231155715491273,True,0.0220290688860296,5666.0,0.018549963715385868,0.18746478279189205,0.0037063183903988705,0.013060360042357924,-0.8250069608913524
157,cluster-1,behavioural,1,99,False,217,so,0.13119956141512867,True,0.0002682205316986134,68.0,0.0008954170351306444,-1.2043326512212316,0.0,0.04411764705882353,-0.500928374993042
157,cluster-1,behavioural,1,108,False,94,and,0.06788461953952718,True,0.0220290688860296,5666.0,0.018549963715385868,0.18746478279189205,0.0037063183903988705,0.013060360042357924,-1.2690142241245996
157,cluster-1,behavioural,1,109,False,1929,hum,0.099030892911945,True,0.00011661762247765793,29.0,4.282774127285633e-05,0.9835589911745242,0.06896551724137931,0.06896551724137931,-0.9880740072721172
157,cluster-1,behavioural,1,112,False,60,##s,0.4666875062582568,True,0.004524763752133131,1163.0,0.0040583250387630715,0.123681751465897,0.07996560619088564,0.040412725709372314,-6.520637725405747
157,cluster-1,behavioural,1,115,False,85,the,0.24083621523541127,True,0.05475197375326044,14084.0,0.04536171596483367,0.2038201270674933,0.09791252485089463,0.0227918205055382,-1.3315689001946727
157,cluster-1,behavioural,1,118,False,785,proud,0.055075685603138885,True,6.997057348659477e-05,17.0,8.01037383066387e-05,-0.1766599650327194,0.0,0.058823529411764705,-1.310724941839413
157,cluster-1,behavioural,1,119,False,13,",",0.538799662056747,False,0.06767709357786753,17409.0,0.05572444314022516,0.21001764204309392,0.06410477339307255,0.02136825779769085,-1.0954214270214353
157,cluster-1,behavioural,1,123,False,1721,missed,0.5558842182632877,True,6.219606532141756e-05,15.0,7.296578142782931e-05,-0.20849116819450586,0.0,0.06666666666666667,-0.9806934972035404
158,cluster-2,behavioural,1,1,True,1227,beneath,0.7117062871252742,True,0.0011244319679885855,289.0,0.00044572575176565294,0.9375809469332408,0.328719723183391,0.2906574394463668,-0.09243739436890852
159,cluster-4,behavioural,4,3,True,703,tall,0.3192150462872855,True,0.001842909464156578,473.0,0.0008383133801001694,0.801346127549273,0.1416490486257928,0.08668076109936575,-1.0322955910854574
159,cluster-4,behavioural,4,4,True,1356,grass,0.34672871302194547,True,0.0007270549995723206,186.0,0.0003227942721861579,0.8223742131981835,0.12903225806451613,0.06989247311827956,-0.9894804554443266
160,cluster-0,triggered,1,1,True,1957,happily,0.39943717894028014,True,0.00021126985139358377,52.0,0.0001538626260543357,0.3141782225773362,0.7307692307692307,0.6923076923076923,-0.5117640990957701
160,cluster-0,triggered,1,4,False,275,girl,0.062179766439145134,True,0.0011759359653039094,294.0,0.003378632922636444,-1.0426520088654971,0.22789115646258504,0.09863945578231292,-1.3908929697052805
160,cluster-0,triggered,1,17,False,1911,class,0.5212119305452706,True,0.0005740162000127561,143.0,0.00011658662902055335,1.6032047065404083,0.16083916083916083,0.055944055944055944,-0.9058829594344235
160,cluster-0,triggered,1,20,False,120,it,0.09039658422515796,True,0.010069200841890431,2525.0,0.009780587136608598,0.04483621576265673,0.04198019801980198,0.028910891089108912,-0.8381309787363856
160,cluster-0,triggered,1,23,False,915,work,0.06276796221337745,True,0.001582530773646278,396.0,0.0004266912000888279,1.3243483141519325,0.015151515151515152,0.025252525252525252,-1.161872785807189
160,cluster-0,triggered,1,24,False,15,.,0.17261323887149,False,0.083359908157408,20911.0,0.0630210212830081,0.29580166410823505,0.01568552436516666,0.010759887140739324,-1.5100089678180608
160,cluster-0,triggered,1,25,False,85,the,0.20494003445216136,True,0.035353817207730086,8868.0,0.04536171596483367,-0.23322452716433428,0.15539016689219667,0.03912945421741092,-1.656976662130408
160,cluster-0,triggered,1,26,False,307,boy,0.22786173527547549,True,0.0011440461764143119,286.0,0.002706078763388626,-0.8482694347324795,0.2062937062937063,0.08041958041958042,-0.455599432719175
160,cluster-0,triggered,1,28,False,117,her,0.15211107668414936,True,0.004775495886217234,1197.0,0.008805859469491183,-0.5966042524370554,0.020885547201336674,0.01921470342522974,-1.9603287715727262
160,cluster-0,triggered,1,32,False,611,little,0.11437799827398754,True,0.0006138784361247527,153.0,0.001881248190726208,-1.110258175665943,0.10457516339869281,0.0457516339869281,-0.9592456629540301
161,cluster-2,behavioural,1,1,True,880,above,0.3067229221522723,True,0.00023264109682522455,59.0,0.00026965614875502133,-0.14875206498998672,0.5254237288135594,0.15254237288135594,-0.6797909294096662
161,cluster-2,behavioural,1,11,False,404,stars,0.4045346416584086,True,0.0006475177194968749,166.0,0.0010944867214174397,-0.5151948810802072,0.39759036144578314,0.1144578313253012,-0.35505199686752054
161,cluster-2,behavioural,1,14,False,157,felt,0.5730929263069011,True,0.008006731082401478,2064.0,0.003036804098773461,0.9846982838386591,0.0009689922480620155,0.016472868217054265,-0.7009107061981047
161,cluster-2,behavioural,1,19,False,103,he,0.057231371428093564,True,0.016412829381019595,4232.0,0.010855246200029344,0.42888432604136906,0.0023629489603024575,0.013941398865784499,-1.678865797206528
161,cluster-2,behavioural,1,26,False,2074,heroes,0.05027370781588694,True,5.8160274206306125e-05,14.0,3.6482890713914654e-05,0.41307204184066393,0.0,0.07142857142857142,-0.5721115667752916
161,cluster-2,behavioural,1,33,False,2494,train,0.4937546107001419,True,7.366968066132105e-05,18.0,3.727599703378236e-05,0.6428802649006062,0.0,0.1111111111111111,-1.4832210856306287
161,cluster-2,behavioural,1,34,False,60,##s,0.3117627924543074,True,0.0025939482296012534,668.0,0.0040583250387630715,-0.43337932655394606,0.08233532934131736,0.03592814371257485,-0.8808986343626312
161,cluster-2,behavioural,1,36,False,282,each,0.10868836498422052,True,0.0022411092327496622,577.0,0.0019399380583964183,0.15828905897548218,0.0034662045060658577,0.022530329289428077,-1.4725676790459699
162,cluster-2,behavioural,1,1,True,1207,quickly,0.6035271782771616,True,4.6528219365044866e-05,11.0,0.00019589726100732434,-1.5088369551151057,0.45454545454545453,0.45454545454545453,-0.2187442695139401
162,cluster-2,behavioural,1,6,False,108,in,0.1342949070777658,True,0.012492826899514559,3221.0,0.010290554500283535,0.20932355001160996,0.1561626823967712,0.04594846321018317,-1.0722642976052204
162,cluster-2,behavioural,1,7,False,32,a,0.050401425017865376,True,0.0412899173348636,10648.0,0.038765450702493924,0.07870079231135296,0.11363636363636363,0.030334335086401203,-1.2494384854035925
162,cluster-2,behavioural,1,11,False,127,was,0.05375466563707837,True,0.01073250926687036,2767.0,0.008326823252291086,0.26913979498648466,0.013371882905674015,0.02204553668232743,-1.540695866900856
162,cluster-2,behavioural,1,13,False,108,in,0.10548410438391256,True,0.012492826899514559,3221.0,0.010290554500283535,0.20932355001160996,0.1561626823967712,0.04594846321018317,-1.2675119043881533
162,cluster-2,behavioural,1,15,False,1472,dusty,0.2944885109531342,True,0.0011709601873536295,301.0,0.0004013117978530612,1.0832297041759107,0.05647840531561462,0.036544850498338874,-0.4234315521508969
162,cluster-2,behavioural,1,16,False,342,old,0.0638515007215057,True,0.004598539013911938,1185.0,0.0022119735261110426,0.7467157746562432,0.18059071729957807,0.06160337552742616,-0.9953162608868429
162,cluster-2,behavioural,1,34,False,13,",",0.05355177321378527,False,0.06302635048156707,16254.0,0.05572444314022516,0.13877826145970173,0.06503014642549526,0.019933554817275746,-0.7448353278523285
162,cluster-2,behavioural,1,40,False,158,for,0.08297510142059945,True,0.004323247049335421,1114.0,0.0039853592573352425,0.09618779627445306,0.0017953321364452424,0.017055655296229804,-1.2145195442486507
163,cluster-2,behavioural,1,1,True,1313,along,0.33627936558508226,True,0.0002481505032802395,63.0,0.0002736216803543599,-0.09775358192532835,0.2698412698412698,0.12698412698412698,-0.6231000492414163
163,cluster-2,behavioural,1,2,False,85,the,0.07204030470805689,True,0.05892798982582938,15197.0,0.04536171596483367,0.2772876666883315,0.09587418569454498,0.027242218858985326,-1.5642537828214143
164,cluster-0,triggered,1,1,True,139,on,0.3878605087572186,True,0.003085337075068562,773.0,0.00403453184916704,-0.25337183317610545,0.17852522639068563,0.047865459249676584,-0.5312655892317291
164,cluster-0,triggered,1,3,False,1440,sunny,0.12929079948975275,True,0.0004703743861215638,117.0,0.000782002831389562,-0.5006897567456425,0.49572649572649574,0.24786324786324787,-0.9487567817544273
164,cluster-0,triggered,1,6,False,1350,two,0.6595867841035737,True,0.0007693411569615412,192.0,0.0002704492550748891,1.0564055578035028,0.4583333333333333,0.1875,-0.5238957455888031
164,cluster-0,triggered,1,7,False,1125,kids,0.24132403767889898,True,0.0033564002806301427,841.0,0.0007455199406756472,1.5195044477681359,0.18668252080856124,0.05112960760998811,-0.45796952206654185
164,cluster-0,triggered,1,12,False,15,.,0.24845144148118067,False,0.083359908157408,20911.0,0.0630210212830081,0.29580166410823505,0.01568552436516666,0.010759887140739324,-0.8996243521532837
164,cluster-0,triggered,1,13,False,737,jean,0.47781044458300664,True,0.0018256904139294595,457.0,0.000746313046995515,0.9085329143680623,0.07658643326039387,0.024070021881838075,-0.5125137624031177
164,cluster-0,triggered,1,15,False,703,tall,0.16406292375244924,True,0.0003667325722303717,91.0,0.0008383133801001694,-0.8215378162941498,0.21978021978021978,0.14285714285714285,-0.5364160984447288
164,cluster-0,triggered,1,17,False,703,tall,0.257657665750337,True,0.0003667325722303717,91.0,0.0008383133801001694,-0.8215378162941498,0.21978021978021978,0.14285714285714285,-0.4073153439207382
164,cluster-0,triggered,1,51,False,111,they,0.2842114708287146,True,0.02759662606033548,6922.0,0.016552128895639104,0.527184687183281,0.0013002022536839064,0.013290956370991043,-0.6168366862147151
164,cluster-0,triggered,1,54,False,85,the,0.32438828212422305,True,0.035353817207730086,8868.0,0.04536171596483367,-0.23322452716433428,0.15539016689219667,0.03912945421741092,-1.3159500708992105
164,cluster-0,triggered,1,55,False,1356,grass,0.0927863571472135,True,0.00012357293194719055,30.0,0.0003227942721861579,-0.9768231407212031,0.13333333333333333,0.13333333333333333,-1.6225254216282101
164,cluster-0,triggered,1,61,False,737,jean,0.28232007205440257,True,0.0018256904139294595,457.0,0.000746313046995515,0.9085329143680623,0.07658643326039387,0.024070021881838075,-0.19422973814751465
164,cluster-0,triggered,1,62,False,987,started,0.4254732923597302,True,0.0014749027361438867,369.0,0.0004179670305702831,1.2743887585584028,0.0027100271002710027,0.02710027100271003,-0.2107337349654399
164,cluster-0,triggered,1,66,False,630,story,0.11259642238209688,True,0.00023917341667198164,59.0,0.0005067949383954666,-0.7515743474125784,0.0,0.05084745762711865,-1.4459479351480373
164,cluster-0,triggered,1,70,False,1392,knight,0.28740579159543,True,1.594489444479877e-05,3.0,8.089684462650641e-05,-1.8955678615569251,0.0,0.3333333333333333,-2.2949143885075802
164,cluster-0,triggered,1,73,False,1392,knight,0.31266855981213704,True,1.594489444479877e-05,3.0,8.089684462650641e-05,-1.8955678615569251,0.0,0.3333333333333333,-2.0989258861487494
164,cluster-0,triggered,1,75,False,32,a,0.13698256315806057,True,0.023813699853306974,5973.0,0.038765450702493924,-0.4712854206865513,0.11535241921982253,0.027791729449188014,-1.3839196602677828
164,cluster-0,triggered,1,76,False,893,dragon,0.1559652049192245,True,1.1958670833599089e-05,2.0,0.0002664837234755505,-3.4931713163440214,0.0,0.5,-1.0715202747388033
164,cluster-0,triggered,1,77,False,94,and,0.07635424885284026,True,0.01742776962816506,4371.0,0.018549963715385868,-0.046481347428342534,0.035232212308396245,0.013726835964310227,-1.736520645197627
165,cluster-1,behavioural,1,1,True,880,above,0.6296156289302364,True,0.0005481028256449926,140.0,0.00026965614875502133,0.7179440127514223,0.2785714285714286,0.07857142857142857,-0.1867927831287517
165,cluster-1,behavioural,1,3,False,1971,hills,0.07441954699013342,True,0.0002332352449553159,59.0,0.00014117292493645236,0.5010011013659579,0.288135593220339,0.13559322033898305,-1.2253393566238138
165,cluster-1,behavioural,1,7,False,385,named,0.05547990028282901,True,0.005026219528787059,1292.0,0.0044104642447843345,0.14566066490730645,0.07120743034055728,0.11145510835913312,-1.653538047289581
165,cluster-1,behavioural,1,11,False,820,clouds,0.052480126810810934,True,0.0010145733155556248,260.0,0.0005424847227895135,0.6379709211453015,0.34615384615384615,0.08461538461538462,-1.4130441077792888
165,cluster-1,behavioural,1,13,False,208,one,0.12324569048347656,True,0.005321650839063796,1368.0,0.0050417768753990315,0.06904045899841105,0.019005847953216373,0.03070175438596491,-0.314084621630948
165,cluster-1,behavioural,1,22,False,424,inside,0.3054619371546893,True,0.0009951370451426811,255.0,0.0014006257608863756,-0.3299616282531552,0.027450980392156862,0.03529411764705882,-0.6719954199335062
165,cluster-1,behavioural,1,23,False,85,the,0.08153891350950981,True,0.05475197375326044,14084.0,0.04536171596483367,0.2038201270674933,0.09791252485089463,0.0227918205055382,-1.7071197714327835
165,cluster-1,behavioural,1,33,False,120,it,0.08894430302657541,True,0.007615130747791068,1958.0,0.009780587136608598,-0.23502675816326057,0.0010214504596527069,0.012768130745658836,-1.4904443250683856
165,cluster-1,behavioural,1,37,False,32,a,0.0541755800946781,True,0.04502217678454117,11581.0,0.038765450702493924,0.16528563445860733,0.11302996287021846,0.02987652188930144,-1.5472893122629225
165,cluster-1,behavioural,1,52,False,511,where,0.13637292719725674,True,0.0033780237977694932,868.0,0.0018106617282579816,0.6381932758828786,0.07834101382488479,0.03571428571428571,-1.0395801457775788
165,cluster-1,behavioural,1,53,False,85,the,0.1501417495264245,True,0.05475197375326044,14084.0,0.04536171596483367,0.2038201270674933,0.09791252485089463,0.0227918205055382,-1.2521825168253322
165,cluster-1,behavioural,1,54,False,408,sky,0.10479338624529916,True,0.003113690520153469,800.0,0.0013141771720207953,0.8770949179936887,0.16375,0.0775,-0.7041709949058435
165,cluster-1,behavioural,1,55,False,127,was,0.2724534441430172,True,0.006631655464896152,1705.0,0.008326823252291086,-0.2124676960450005,0.013489736070381233,0.02287390029325513,-1.0870728184145555
165,cluster-1,behavioural,1,58,False,15,.,0.15511984087479788,False,0.05323983191513346,13695.0,0.0630210212830081,-0.1529883247882995,7.301935012778386e-05,0.016502373128879155,-1.1955748858192212
165,cluster-1,behavioural,1,60,False,515,there,0.1465558886109982,True,0.0008279851195913719,212.0,0.0012150388820373315,-0.37249586787620004,0.1320754716981132,0.10377358490566038,-0.45127148905715964
165,cluster-1,behavioural,1,63,False,421,dark,0.33748333025723515,True,0.00013994114697318957,35.0,0.0009604517533597966,-1.9386064743113547,0.05714285714285714,0.08571428571428572,-1.4680444074213144
165,cluster-1,behavioural,1,64,False,518,shadow,0.2650701491430776,True,6.219606532141756e-05,15.0,0.0001689316461318222,-1.0479947568548909,0.0,0.13333333333333333,-2.3620232161152472
165,cluster-1,behavioural,1,65,False,149,that,0.14187540170549406,True,0.005512126289110634,1417.0,0.00475467238760692,0.1628633799813901,0.0007057163020465773,0.019054340155257588,-0.7190370692292102
165,cluster-1,behavioural,1,71,False,587,lily,0.40218951256750135,True,0.0008746321685824348,224.0,0.0010167623020704041,-0.13928337787325162,0.026785714285714284,0.0625,-1.6899217178514947
165,cluster-1,behavioural,1,72,False,157,felt,0.062281418255790366,True,0.003416896338595381,878.0,0.003036804098773461,0.1325348499101464,0.0,0.02050113895216401,-1.1464889899775226
165,cluster-1,behavioural,1,74,False,141,but,0.08038824999521091,True,0.0017026172881738067,437.0,0.006942852724121932,-1.3920856149029266,0.0,0.02288329519450801,-1.1439885447837372
165,cluster-1,behavioural,1,115,False,1099,figure,0.21387049080703635,True,7.774508165177201e-05,19.0,0.0001927248357278535,-0.943375256421783,0.0,0.10526315789473684,-0.4819090629333975
165,cluster-1,behavioural,1,117,False,425,who,0.10256966727501235,True,0.002227396589323268,572.0,0.0018939378918440913,0.17617472461962969,0.0017482517482517483,0.02097902097902098,-1.4020705849415078
165,cluster-1,behavioural,1,119,False,240,like,0.0782808961470126,True,0.0059474987463605565,1529.0,0.0030114246965376942,0.6956498534495843,0.01962066710268149,0.01765860039241334,-1.3653403230414114
165,cluster-1,behavioural,1,120,False,32,a,0.08065179668781233,True,0.04502217678454117,11581.0,0.038765450702493924,0.16528563445860733,0.11302996287021846,0.02987652188930144,-1.544607332970418
165,cluster-1,behavioural,1,122,False,3259,whale,0.6888639073069529,True,3.8872540825886025e-06,0.0,1.1103488478147939e-05,-inf,0.0,0.0,-2.0910691226753677
165,cluster-1,behavioural,1,124,False,432,its,0.12787255934537778,True,0.0012555830686761184,322.0,0.0008375202737803016,0.41755528903052497,0.009316770186335404,0.021739130434782608,-0.15625024228277962
166,cluster-2,behavioural,1,1,True,108,in,0.3641757063511815,True,0.012492826899514559,3221.0,0.010290554500283535,0.20932355001160996,0.1561626823967712,0.04594846321018317,-0.5723895399177121
166,cluster-2,behavioural,1,2,False,85,the,0.17276818120555493,True,0.05892798982582938,15197.0,0.04536171596483367,0.2772876666883315,0.09587418569454498,0.027242218858985326,-1.1529296073545547
166,cluster-2,behavioural,1,3,False,814,quiet,0.1666305307074082,True,0.0005079330614017403,130.0,0.0002791734245934339,0.6065593835719865,0.5076923076923077,0.26153846153846155,-0.5693669240690786
166,cluster-2,behavioural,1,4,False,811,town,0.056634684543746205,True,0.0015586953487290037,401.0,0.0006336919495743002,0.913256590254794,0.3117206982543641,0.11471321695760599,-1.776306013415387
166,cluster-2,behavioural,1,7,False,1537,cre,0.22864752000765498,True,2.326410968252243e-05,5.0,8.724169518544809e-06,0.8141987483502291,0.0,0.2,-0.5532695143674471
166,cluster-2,behavioural,1,9,False,99,##it,0.09968265286473835,True,0.00012407525164011973,31.0,0.0002006558989265306,-0.4967461755278748,0.06451612903225806,0.0967741935483871,-1.09917635334578
166,cluster-2,behavioural,1,10,False,13,",",0.34153822268641904,False,0.06302635048156707,16254.0,0.05572444314022516,0.13877826145970173,0.06503014642549526,0.019933554817275746,-1.2294870956415906
166,cluster-2,behavioural,1,11,False,308,mia,0.23536624404164064,True,0.002035609597220715,524.0,0.0028393206251264014,-0.3189702863592032,0.030534351145038167,0.04389312977099236,-1.8985219247832696
166,cluster-2,behavioural,1,13,False,201,an,0.10872442434517882,True,0.0025086464940986706,646.0,0.0014664535854353956,0.5510553811099763,0.16253869969040247,0.05417956656346749,-0.7588559421466909
166,cluster-2,behavioural,1,17,False,85,the,0.3005079429282935,True,0.05892798982582938,15197.0,0.04536171596483367,0.2772876666883315,0.09587418569454498,0.027242218858985326,-1.2437107167039847
166,cluster-2,behavioural,1,31,False,381,lost,0.061475758206253284,True,0.007510430075840999,1936.0,0.0020184555840633217,1.3291494475663992,0.014979338842975207,0.02324380165289256,-1.2582957775742492
166,cluster-2,behavioural,1,44,False,1970,fought,0.21206482134805915,True,5.4282922592552376e-05,13.0,1.9034551676825036e-05,0.9895516358280911,0.0,0.15384615384615385,-0.23559132582976972
166,cluster-2,behavioural,1,57,False,381,lost,0.05596529885112278,True,0.007510430075840999,1936.0,0.0020184555840633217,1.3291494475663992,0.014979338842975207,0.02324380165289256,-1.881441526598789
166,cluster-2,behavioural,1,58,False,1299,kingdom,0.059981191738283646,True,0.0004885463033329712,125.0,0.00013165564909803983,1.3189820576602589,0.032,0.048,-0.4521710810179842
166,cluster-2,behavioural,1,65,False,533,hope,0.1126156687003732,True,0.0007405741582269643,190.0,0.00031407010266761313,0.8682659696205066,0.0,0.042105263157894736,-0.8192827565753399
166,cluster-2,behavioural,1,67,False,106,she,0.08451128637020044,True,0.017975402081362342,4635.0,0.011545248698314253,0.45822033014979446,0.001725997842502697,0.013807982740021575,-1.25385754081346
167,cluster-2,behavioural,2,2,True,346,small,0.42143298569226756,True,0.0010856584518510479,279.0,0.0010889349771783657,0.00911448476789456,0.24372759856630824,0.1039426523297491,-0.3884081357042315
167,cluster-2,behavioural,2,4,False,1167,lay,0.4400643417752853,True,0.0008995455743908685,231.0,0.0002601388729166088,1.2520602108521501,0.09090909090909091,0.030303030303030304,-0.37475706880502146
167,cluster-2,behavioural,2,6,False,2298,ruins,0.09739165928390137,True,0.001027498177644742,264.0,0.0002093800684450754,1.6026561087145001,0.23106060606060605,0.13636363636363635,-0.04136230464081336
168,cluster-2,behavioural,1,1,True,3064,amidst,0.4698660502761138,True,0.0001744808226189183,44.0,8.882790782518351e-05,0.6683468713376666,0.8863636363636364,0.8863636363636364,-0.40067751154580833
168,cluster-2,behavioural,1,3,False,703,tall,0.10729578746608814,True,0.0007056779937031812,181.0,0.0008383133801001694,-0.16203684588991152,0.27624309392265195,0.12154696132596685,-1.6436040324532
168,cluster-2,behavioural,1,9,False,383,man,0.5142548663953866,True,0.0003450842936240831,88.0,0.00012689701117883358,1.0048191079588795,0.11363636363636363,0.045454545454545456,-0.6734821934753752
168,cluster-2,behavioural,1,10,False,572,sat,0.30984706665445205,True,0.000845262651798316,217.0,0.0006463816506921835,0.27936534901409704,0.12903225806451613,0.11059907834101383,-0.5582837846301445
168,cluster-2,behavioural,1,11,False,410,by,0.09889235024530285,True,0.0027180234812413744,700.0,0.001475970861273808,0.6248671871156546,0.02,0.022857142857142857,-0.891658300088519
168,cluster-2,behavioural,1,43,False,383,man,0.20364193207495362,True,0.0003450842936240831,88.0,0.00012689701117883358,1.0048191079588795,0.11363636363636363,0.045454545454545456,-1.056756501719496
168,cluster-2,behavioural,1,45,False,103,he,0.11570708778781691,True,0.016412829381019595,4232.0,0.010855246200029344,0.42888432604136906,0.0023629489603024575,0.013941398865784499,-1.614895393054467
168,cluster-2,behavioural,1,46,False,542,walked,0.33955439099249146,True,0.0017525629294166912,451.0,0.0009794863050366217,0.5952971991551008,0.0598669623059867,0.05543237250554324,-1.8793925237882032
168,cluster-2,behavioural,1,48,False,85,the,0.05103713656711151,True,0.05892798982582938,15197.0,0.04536171596483367,0.2772876666883315,0.09587418569454498,0.027242218858985326,-1.5943159536377502
168,cluster-2,behavioural,1,50,False,13,",",0.05015147639118586,False,0.06302635048156707,16254.0,0.05572444314022516,0.13877826145970173,0.06503014642549526,0.019933554817275746,-1.1975386572576425
168,cluster-2,behavioural,1,52,False,1530,closely,0.16565800935909858,True,7.75470322750749e-05,19.0,0.00010310382158280228,-0.3204393625746409,0.0,0.10526315789473684,-1.4633952178032565
168,cluster-2,behavioural,1,53,False,15,.,0.15703652328397763,False,0.05983916745506149,15432.0,0.0630210212830081,-0.03616695093773714,0.0011016070502851219,0.014515292897874546,-1.9117513988845904
168,cluster-2,behavioural,1,54,False,103,he,0.3330813426401816,True,0.016412829381019595,4232.0,0.010855246200029344,0.42888432604136906,0.0023629489603024575,0.013941398865784499,-0.8246224266727882
169,cluster-1,behavioural,1,1,True,208,one,0.4697432507270379,True,0.005321650839063796,1368.0,0.0050417768753990315,0.06904045899841105,0.019005847953216373,0.03070175438596491,-0.400860847910117
169,cluster-1,behavioural,1,5,False,797,young,0.08052983133324754,True,0.0007191420052788912,184.0,0.0004520706023245946,0.4745466045327138,0.19021739130434784,0.11413043478260869,-1.0254684349642709
169,cluster-1,behavioural,1,7,False,385,named,0.14257846245308964,True,0.005026219528787059,1292.0,0.0044104642447843345,0.14566066490730645,0.07120743034055728,0.11145510835913312,-1.4415098271037319
169,cluster-1,behavioural,1,9,False,1304,wandered,0.49956138371840947,True,0.0007152547511963024,183.0,0.0006503471822915221,0.10542902033544621,0.03278688524590164,0.07103825136612021,-0.6798746534431852
170,cluster-4,behavioural,1,1,True,201,an,0.5275525086441892,True,0.0024183326723742423,621.0,0.0014664535854353956,0.5143715754739304,0.043478260869565216,0.028985507246376812,-0.31806910571061087
170,cluster-4,behavioural,1,31,False,15,.,0.26627098891292444,False,0.06477787886563867,16660.0,0.0630210212830081,0.04318502641060906,0.0019807923169267707,0.01362545018007203,-2.650517096949833
170,cluster-4,behavioural,1,32,False,103,he,0.07207428322631027,True,0.003390331334904083,871.0,0.010855246200029344,-1.1491190544311864,0.0,0.029850746268656716,-1.3749552662902804
170,cluster-4,behavioural,1,34,False,120,it,0.22448564025751963,True,0.012880926275845445,3312.0,0.009780587136608598,0.2907954514266873,0.004227053140096618,0.016908212560386472,-2.8222179241571723
170,cluster-4,behavioural,1,38,False,785,proud,0.5629561704058197,True,4.2767941151312976e-05,10.0,8.01037383066387e-05,-0.7070946989196365,0.2,0.1,-2.6359516715298503
170,cluster-4,behavioural,1,40,False,156,his,0.2280854838808396,True,0.002286140854270184,587.0,0.004697568732576446,-0.7061328115212913,0.01192504258943782,0.028960817717206135,-1.1118357474132705
170,cluster-4,behavioural,1,44,False,682,soon,0.3536381776051558,True,0.0006065271654186204,155.0,0.0004084497547318706,0.4046989411830877,0.0,0.03225806451612903,-0.8834362050836608
170,cluster-4,behavioural,1,47,False,839,ground,0.14016569568158,True,0.0003849114703618167,98.0,0.0003124838900278777,0.2140572943002157,0.061224489795918366,0.04081632653061224,-1.8996985827577226
170,cluster-4,behavioural,1,51,False,15,.,0.15107122291999647,False,0.06477787886563867,16660.0,0.0630210212830081,0.04318502641060906,0.0019807923169267707,0.01362545018007203,-1.906694604503682
170,cluster-4,behavioural,1,53,False,13,",",0.05269857015951643,False,0.049241452243761696,12664.0,0.05572444314022516,-0.10801283207952306,0.09696778269109287,0.0317435249526216,-1.5200859092471655
170,cluster-4,behavioural,1,56,False,421,dark,0.056166493215345906,True,0.0012674862559389117,325.0,0.0009604517533597966,0.2900641637042227,0.04,0.027692307692307693,-0.11468545170416888
170,cluster-4,behavioural,1,58,False,3444,blocking,0.3874324223273503,True,1.1663983950358076e-05,2.0,3.965531599338549e-06,0.6891499930534231,0.0,0.5,-0.47458818794674684
170,cluster-4,behavioural,1,62,False,94,and,0.9076702238605601,True,0.022725328729947668,5844.0,0.018549963715385868,0.21859039244727319,0.02087611225188227,0.011978097193702943,-0.7548150823736094
170,cluster-4,behavioural,1,64,False,157,felt,0.14244624908942716,True,0.0009525586892792439,244.0,0.003036804098773461,-1.1477500012565152,0.01639344262295082,0.03278688524590164,-1.3803708118318971
171,cluster-0,triggered,1,1,True,3891,timidly,0.3770851245183319,True,3.986223611199696e-05,9.0,3.1724252794708394e-05,0.13913778628151974,1.0,1.0,-0.5497654938609333
171,cluster-0,triggered,1,4,False,275,girl,0.13542035895155347,True,0.0011759359653039094,294.0,0.003378632922636444,-1.0426520088654971,0.22789115646258504,0.09863945578231292,-1.246021788484233
171,cluster-0,triggered,1,5,False,385,named,0.19446113261105158,True,0.0015067925250334838,377.0,0.0044104642447843345,-1.0604953766803167,0.27586206896551724,0.14058355437665782,-1.1912066767796152
171,cluster-0,triggered,1,6,False,587,lily,0.07394180187294641,True,0.0014549716180878886,364.0,0.0010167623020704041,0.3717698932153626,0.054945054945054944,0.027472527472527472,-1.1541728628013759
171,cluster-0,triggered,1,8,False,305,into,0.07519603519977891,True,0.0005939473180687547,148.0,0.0015893850650148906,-0.9748955253814033,0.06756756756756757,0.033783783783783786,-0.9968384463826236
172,cluster-1,behavioural,1,1,True,443,suddenly,0.6752103267295697,True,0.000979588028812327,251.0,0.0012832460255459545,-0.2582459507343291,0.12749003984063745,0.12350597609561753,-0.13329104810435854
173,cluster-2,behavioural,3,1,True,1592,quietly,0.2683055389412066,True,0.00025202785489399326,64.0,0.00018003513460997014,0.3365891745927687,0.703125,0.671875,-0.7586343351000284
173,cluster-2,behavioural,3,3,True,32,a,0.10836657386356491,True,0.0412899173348636,10648.0,0.038765450702493924,0.07870079231135296,0.11363636363636363,0.030334335086401203,-1.7039034825798371
173,cluster-2,behavioural,3,4,False,275,girl,0.10414040268512414,True,0.005110349426927429,1317.0,0.003378632922636444,0.4287433711943649,0.20501138952164008,0.12072892938496584,-1.2074126695172858
173,cluster-2,behavioural,3,5,False,542,walked,0.2838092783520547,True,0.0017525629294166912,451.0,0.0009794863050366217,0.5952971991551008,0.0598669623059867,0.05543237250554324,-0.23121572742191487
173,cluster-2,behavioural,3,12,False,85,the,0.0761196021712847,True,0.05892798982582938,15197.0,0.04536171596483367,0.2772876666883315,0.09587418569454498,0.027242218858985326,-0.6969802188949328
174,cluster-0,triggered,1,1,True,232,ab,0.42141776492780975,True,1.594489444479877e-05,3.0,3.331046543444381e-05,-1.0082646665560215,0.6666666666666666,0.6666666666666666,-0.4757516938772648
174,cluster-0,triggered,1,2,False,3780,##rupt,0.05787517466063674,True,2.391734166719818e-05,5.0,1.9827657996692748e-05,0.02135475062513592,0.4,0.4,-1.503113109463432
174,cluster-0,triggered,1,30,False,398,time,0.11487082579746018,True,0.0012915364500287007,323.0,0.0007851752566690328,0.5107400431532589,0.06811145510835913,0.07430340557275542,-0.5323472935712923
174,cluster-0,triggered,1,31,False,30,?,0.14764954349859716,False,0.0034401109764653362,862.0,0.004913293651580462,-0.34144986034031266,0.0,0.019721577726218097,-1.4399649139954922
174,cluster-0,triggered,1,32,False,103,he,0.0877130768310318,True,0.009543019325212069,2393.0,0.010855246200029344,-0.11310600524365544,0.001671541997492687,0.0162975344755537,-0.8581580745550696
174,cluster-0,triggered,1,33,False,1726,stared,0.21789813708614386,True,3.986223611199696e-05,9.0,5.948297399007824e-05,-0.4894708731408546,0.2222222222222222,0.2222222222222222,-3.1076450740988606
174,cluster-0,triggered,1,36,False,997,wall,0.18527751019231012,True,7.972447222399393e-05,19.0,8.486237622584495e-05,-0.09759719223622731,0.0,0.10526315789473684,-0.6009564118033108
174,cluster-0,triggered,1,47,False,1022,different,0.07165495527370755,True,0.0003866636902863704,96.0,0.00020700074948547226,0.6306204472043806,0.010416666666666666,0.0625,-1.45492008300173
174,cluster-0,triggered,1,48,False,15,.,0.2985995071118941,False,0.083359908157408,20911.0,0.0630210212830081,0.29580166410823505,0.01568552436516666,0.010759887140739324,-0.6980923427434138
174,cluster-0,triggered,1,49,False,443,suddenly,0.06470141917511951,True,0.0007215064736271445,180.0,0.0012832460255459545,-0.5651965836689898,0.3388888888888889,0.3388888888888889,-2.6281901009691295
174,cluster-0,triggered,1,51,False,103,he,0.10789807884197494,True,0.009543019325212069,2393.0,0.010855246200029344,-0.11310600524365544,0.001671541997492687,0.0162975344755537,-1.718024882455812
174,cluster-0,triggered,1,52,False,165,had,0.4193388203833154,True,0.005022641750111612,1259.0,0.004977535263489747,0.024377583250661417,0.03177124702144559,0.022239872915011914,-1.2159952583584328
174,cluster-0,triggered,1,66,False,997,wall,0.0704866818600306,True,7.972447222399393e-05,19.0,8.486237622584495e-05,-0.09759719223622731,0.0,0.10526315789473684,-0.8944001166090937
174,cluster-0,triggered,1,67,False,113,##et,0.09158707545303824,True,4.783468333439637e-05,11.0,6.979335614835847e-05,-0.4486488786205989,0.18181818181818182,0.09090909090909091,-2.0110823564661375
175,cluster-1,behavioural,1,1,True,364,through,0.45057601027516053,True,0.002561700440425887,658.0,0.0019732485238308623,0.2752176852185704,0.25379939209726443,0.06534954407294832,-0.4298971388548747
175,cluster-1,behavioural,1,6,False,40,i,0.40675925063119145,True,0.001896979992303237,487.0,0.0056643653364951835,-1.080236797319479,0.002053388090349076,0.024640657084188913,-1.748664381629152
175,cluster-1,behavioural,1,8,False,364,through,0.2688130240917358,True,0.002561700440425887,658.0,0.0019732485238308623,0.2752176852185704,0.25379939209726443,0.06534954407294832,-1.3148806854464434
175,cluster-1,behavioural,1,14,False,2613,smelled,0.3667987793084861,True,0.00011661762247765793,29.0,6.979335614835847e-05,0.4952062232605918,0.0,0.06896551724137931,-1.5145024495669765
175,cluster-1,behavioural,1,15,False,1011,sweet,0.5023250622489803,True,0.0017337153208345155,445.0,0.000502829406796128,1.2512725354813385,0.024719101123595506,0.033707865168539325,-1.111832572431479
175,cluster-1,behavioural,1,22,False,120,it,0.1483484023964109,True,0.007615130747791068,1958.0,0.009780587136608598,-0.23502675816326057,0.0010214504596527069,0.012768130745658836,-1.7037866347392243
175,cluster-1,behavioural,1,35,False,108,in,0.15854697075359625,True,0.014985364488379047,3854.0,0.010290554500283535,0.39133434869254735,0.16242864556305137,0.04929942916450441,-0.16817006625265574
176,cluster-2,behavioural,1,1,True,108,in,0.3280068869366474,True,0.012492826899514559,3221.0,0.010290554500283535,0.20932355001160996,0.1561626823967712,0.04594846321018317,-0.6386459519203203
176,cluster-2,behavioural,1,3,False,346,small,0.3275056112653613,True,0.0010856584518510479,279.0,0.0010889349771783657,0.00911448476789456,0.24372759856630824,0.1039426523297491,-1.1390601660124624
176,cluster-2,behavioural,1,4,False,712,village,0.08677639053449693,True,0.0015586953487290037,401.0,0.0007605889607531337,0.730726461137631,0.2119700748129676,0.09975062344139651,-1.4328966408679027
176,cluster-2,behavioural,1,5,False,410,by,0.06552130512284304,True,0.0027180234812413744,700.0,0.001475970861273808,0.6248671871156546,0.02,0.022857142857142857,-0.7404433143455043
176,cluster-2,behavioural,1,9,False,515,there,0.07032134940304346,True,0.0015005350745226976,386.0,0.0012150388820373315,0.2241641278787938,0.05699481865284974,0.04922279792746114,-1.5939536003394341
176,cluster-2,behavioural,1,22,False,3722,castles,0.29162379880239464,True,7.754703227507482e-06,1.0,1.2689701117883358e-05,-1.1699326135252814,0.0,1.0,-0.4267764285105574
176,cluster-2,behavioural,1,23,False,378,around,0.16802897343731832,True,0.0012717713293112273,327.0,0.0014601087348764539,-0.12544790162132458,0.1162079510703364,0.024464831804281346,-1.392315775775895
176,cluster-2,behavioural,1,24,False,117,her,0.2587223713233776,True,0.014063154303084819,3626.0,0.008805859469491183,0.4835708789750308,0.0013789299503585218,0.01461665747380033,-2.1024859195799763
176,cluster-2,behavioural,1,28,False,210,day,0.11813459741779408,True,0.001267893977697473,326.0,0.0030027005270191497,-0.8495118416880612,0.006134969325153374,0.03374233128834356,-1.343410384709533
176,cluster-2,behavioural,1,30,False,701,while,0.14915670266384634,True,0.00029855607425903805,76.0,0.0006352781622140356,-0.7524714980675276,0.02631578947368421,0.039473684210526314,-0.7337992925089255
176,cluster-2,behavioural,1,32,False,1286,stones,0.48878899350708904,True,0.0005777253904493073,148.0,0.000281552743553037,0.7277505930031989,0.006756756756756757,0.033783783783783786,-0.21551812782642799
176,cluster-2,behavioural,1,39,False,15,.,0.14357027700412295,False,0.05983916745506149,15432.0,0.0630210212830081,-0.03616695093773714,0.0011016070502851219,0.014515292897874546,-1.6236646634031278
176,cluster-2,behavioural,1,40,False,120,it,0.07510938077220586,True,0.010600679312002731,2733.0,0.009780587136608598,0.09585850563652709,0.0014635931211123307,0.020856201975850714,-1.0393493498337607
176,cluster-2,behavioural,1,41,False,2617,glimmered,0.05758065002667123,True,5.4282922592552376e-05,13.0,4.6000166552327174e-05,0.10716245562961824,0.0,0.07692307692307693,-0.5822286679211894
176,cluster-2,behavioural,1,83,False,32,a,0.144005234655319,True,0.0412899173348636,10648.0,0.038765450702493924,0.07870079231135296,0.11363636363636363,0.030334335086401203,-1.2666598739922117
176,cluster-2,behavioural,1,84,False,639,voice,0.4567879269746284,True,0.0008375079485708081,215.0,0.0005075880447153343,0.5118259604884452,0.004651162790697674,0.05116279069767442,-0.18521287984170237
176,cluster-2,behavioural,1,88,False,696,stone,0.0720216131329463,True,0.0008879135195496067,228.0,0.0004481050707252561,0.6951760065224999,0.021929824561403508,0.03070175438596491,-1.2609583868176437
176,cluster-2,behavioural,1,102,False,326,looked,0.4414019298035068,True,0.00048079160010546386,123.0,0.0010587969370233928,-0.781846106747432,0.0,0.04065040650406504,-0.3382230527652239
176,cluster-2,behavioural,1,105,False,3,"""",0.21313669715079286,False,0.007723684414597451,1991.0,0.0371792380627585,-1.5562553484461028,0.0,0.02109492717227524,-1.3395445604893186
176,cluster-2,behavioural,1,107,False,462,am,0.33268545887142664,True,0.00019774493230144082,50.0,0.0003069321457888037,-0.4437455788871354,0.06,0.06,-0.9803552546984091
176,cluster-2,behavioural,1,109,False,13,",",0.06919740942097807,False,0.06302635048156707,16254.0,0.05572444314022516,0.13877826145970173,0.06503014642549526,0.019933554817275746,-0.7454322572228538
176,cluster-2,behavioural,1,122,False,475,how,0.1550951436548409,True,0.0003567163484653441,91.0,0.000653519607570993,-0.6006549146781213,0.02197802197802198,0.04395604395604396,-1.3450663593235468
176,cluster-2,behavioural,1,123,False,269,can,0.05286647885309076,True,0.0004109992710578967,105.0,0.0024451467841521495,-1.7770419690141264,0.01904761904761905,0.047619047619047616,-1.426414635885225
177,cluster-0,triggered,1,1,True,222,at,0.493033274699813,True,0.003037502391734166,761.0,0.0024181811692766475,0.24285707393266787,0.1314060446780552,0.040735873850197106,-0.36667726550509183
178,cluster-1,behavioural,2,1,True,394,under,0.11697347993876978,True,0.0014965928217966114,384.0,0.0010754521697406145,0.34359529183971027,0.2630208333333333,0.20833333333333334,-1.1489371681036564
178,cluster-1,behavioural,2,2,True,32,a,0.31723348300242127,True,0.04502217678454117,11581.0,0.038765450702493924,0.16528563445860733,0.11302996287021846,0.02987652188930144,-1.2102589356819067
178,cluster-1,behavioural,2,7,False,275,girl,0.05032269415331056,True,0.0055898713707624075,1437.0,0.003378632922636444,0.5185356545679332,0.13082811412665274,0.07654836464857341,-1.3260010219221925
178,cluster-1,behavioural,2,9,False,752,lena,0.12758275118119064,True,0.0007346910216092454,188.0,0.0008248305726624183,-0.10528682155314506,0.03723404255319149,0.0425531914893617,-1.229564074260354
178,cluster-1,behavioural,2,10,False,1063,discovered,0.4597465766581533,True,0.0009640390124819729,247.0,0.0004845879614391707,0.6995385852087059,0.02834008097165992,0.10931174089068826,-0.8572118174939023
178,cluster-1,behavioural,2,13,False,755,book,0.19463150490146008,True,0.0006413969236271193,164.0,0.00047665689824049365,0.3065187010413144,0.03048780487804878,0.042682926829268296,-1.6884363838966887
178,cluster-1,behavioural,2,15,False,85,the,0.17743195403520062,True,0.05475197375326044,14084.0,0.04536171596483367,0.2038201270674933,0.09791252485089463,0.0227918205055382,-0.8595396592837149
178,cluster-1,behavioural,2,18,False,416,stories,0.05987205602702905,True,0.0026938670792338994,692.0,0.0012784873876267482,0.7596022403034199,0.002890173410404624,0.01878612716763006,-1.2321783968862756
178,cluster-1,behavioural,2,20,False,934,magical,0.06660979340985818,True,0.0020524701556067803,527.0,0.0007510716849147213,1.0191486631076074,0.03795066413662239,0.026565464895635674,-2.280720309682027
178,cluster-1,behavioural,2,25,False,282,each,0.6789095076319408,True,0.004198234409195689,1079.0,0.0019399380583964183,0.7868278567633418,0.0009267840593141798,0.021316033364226137,-0.17286226019971496
178,cluster-1,behavioural,2,26,False,2531,page,0.06671603947064841,True,0.00017881368779907572,45.0,6.027608030994595e-05,1.0811763572363127,0.0,0.06666666666666667,-1.669455855741516
178,cluster-1,behavioural,2,27,False,678,held,0.056004406259002715,True,0.001185612495189523,304.0,0.0006344850558941679,0.637663181490618,0.003289473684210526,0.03289473684210526,-0.9058887887640847
178,cluster-1,behavioural,2,34,False,752,lena,0.2810368253677743,True,0.0007346910216092454,188.0,0.0008248305726624183,-0.10528682155314506,0.03723404255319149,0.0425531914893617,-1.3484974451198841
178,cluster-1,behavioural,2,37,False,755,book,0.06583386770995683,True,0.0006413969236271193,164.0,0.00047665689824049365,0.3065187010413144,0.03048780487804878,0.042682926829268296,-1.236336384588062
178,cluster-1,behavioural,2,38,False,527,home,0.6169407348674116,True,0.0003187548347722652,81.0,0.00028551827515237556,0.11359233097460653,0.024691358024691357,0.04938271604938271,-0.3858568551389685
178,cluster-1,behavioural,2,39,False,94,and,0.070821237332231,True,0.0220290688860296,5666.0,0.018549963715385868,0.18746478279189205,0.0037063183903988705,0.013060360042357924,-1.041298151977059
178,cluster-1,behavioural,2,41,False,93,to,0.06038310371784483,True,0.019090304799592617,4910.0,0.01724609692552335,0.11713730350915119,0.009368635437881873,0.014867617107942974,-1.2289494943476869
178,cluster-1,behavioural,2,44,False,140,as,0.22759955479858246,True,0.008392581564308785,2158.0,0.005403433357258707,0.45559652279673646,0.04819277108433735,0.029657089898053754,-0.6880095980172458
178,cluster-1,behavioural,2,52,False,661,watched,0.254063917571859,True,0.0006530586858748851,167.0,0.0002966217636305235,0.7989852227545473,0.03592814371257485,0.05389221556886228,-0.7898725865997769
179,cluster-4,behavioural,3,1,True,130,with,0.09085185815137642,True,0.009840514459452103,2530.0,0.008632169185440155,0.14636620674600564,0.021343873517786563,0.019367588932806323,-1.2349412199527148
179,cluster-4,behavioural,3,2,True,32,a,0.12319673025488981,True,0.040419592382640875,10395.0,0.038765450702493924,0.05743824874159609,0.12833092833092832,0.034728234728234726,-1.328260671197336
179,cluster-4,behavioural,3,3,True,2516,twinkle,0.4883366915042081,True,5.054393045155167e-05,12.0,0.00015227641341460029,-1.1671479973122043,0.16666666666666666,0.16666666666666666,-0.3517895644441813
179,cluster-4,behavioural,3,10,False,2335,superhero,0.24375680138470165,True,3.887994650119361e-06,0.0,1.5862126397354197e-05,-inf,0.0,0.0,-3.056672418386489
179,cluster-4,behavioural,3,11,False,572,sat,0.597928120435797,True,0.0003460315238606231,88.0,0.0006463816506921835,-0.6204105738350787,0.11363636363636363,0.14772727272727273,-0.5317338319613021
180,cluster-0,triggered,1,1,True,1257,gentle,0.45727982306476916,True,2.7903565278397845e-05,6.0,0.00047189826032128737,-2.9660092732583374,1.0,0.6666666666666666,-0.4196454408751187
180,cluster-0,triggered,1,2,False,1406,breeze,0.06651856297917347,True,3.986223611199696e-05,9.0,0.00047745000456036134,-2.5722402049133652,0.8888888888888888,0.4444444444444444,-1.690142243646323
181,cluster-1,behavioural,3,3,True,3762,shade,0.7510856383275442,True,0.00011273036839506933,28.0,2.9344933835105264e-05,1.3265338052833044,0.2857142857142857,0.2857142857142857,-0.18204311079978863
181,cluster-1,behavioural,3,7,False,632,forest,0.05089051460136118,True,0.0008279851195913719,212.0,0.0008240374663425505,0.01581949132510907,0.1509433962264151,0.06132075471698113,-2.4726193850579627
181,cluster-1,behavioural,3,18,False,108,in,0.5037658325001595,True,0.014985364488379047,3854.0,0.010290554500283535,0.39133434869254735,0.16242864556305137,0.04929942916450441,-0.6294779006575042
181,cluster-1,behavioural,3,19,False,117,her,0.06845668115269887,True,0.01476767825975409,3798.0,0.008805859469491183,0.5325064780702897,0.00105318588730911,0.012111637704054766,-1.3947539851389215
181,cluster-1,behavioural,3,20,False,3051,pal,0.25837061930877314,True,3.109803266070877e-05,7.0,4.203463495298862e-05,-0.4191345567444831,0.0,0.14285714285714285,-0.114023333141831
181,cluster-1,behavioural,3,37,False,1137,create,0.07038519284794964,True,0.0011622889706939916,298.0,0.00028631138147224326,1.4134627359248473,0.003355704697986577,0.026845637583892617,-0.18675220020655425
181,cluster-1,behavioural,3,39,False,934,magical,0.09087787241227951,True,0.0020524701556067803,527.0,0.0007510716849147213,1.0191486631076074,0.03795066413662239,0.026565464895635674,-1.7001299913549777
181,cluster-1,behavioural,3,59,False,1453,curiosity,0.08068357083587196,True,0.0003109803266070881,79.0,0.00021334560004441396,0.37998368061750654,0.0,0.0379746835443038,-0.4581922159718508
181,cluster-1,behavioural,3,62,False,424,inside,0.06214244724015087,True,0.0009951370451426811,255.0,0.0014006257608863756,-0.3299616282531552,0.027450980392156862,0.03529411764705882,-2.2622934541067306
181,cluster-1,behavioural,3,70,False,320,find,0.8140860828203396,True,0.0009251664716560869,237.0,0.0025688713700515124,-1.0097125702838738,0.0,0.03375527426160337,-0.8533701132919137
181,cluster-1,behavioural,3,75,False,541,flowers,0.05708277012999308,True,0.004124376581626506,1060.0,0.001385556740808889,1.1056160847243808,0.04716981132075472,0.018867924528301886,-1.4076306427427918
182,cluster-0,triggered,11,2,True,1440,sunny,0.1785763499143635,True,0.0004703743861215638,117.0,0.000782002831389562,-0.5006897567456425,0.49572649572649574,0.24786324786324787,-0.9249289799269033
182,cluster-0,triggered,11,3,True,210,day,0.10277704853546116,True,0.003870623126474902,970.0,0.0030027005270191497,0.269023402787397,0.06804123711340206,0.042268041237113405,-1.3306319216502718
182,cluster-0,triggered,11,7,True,385,named,0.09703034789581164,True,0.0015067925250334838,377.0,0.0044104642447843345,-1.0604953766803167,0.27586206896551724,0.14058355437665782,-1.2203462507346032
182,cluster-0,triggered,11,8,True,317,leo,0.0534877969226662,True,0.003866636902863702,969.0,0.0024594226979097683,0.4675773558495546,0.07120743034055728,0.017543859649122806,-1.3966559856902792
182,cluster-0,triggered,11,9,True,1758,woke,0.056838071329333606,True,7.573824861279413e-05,18.0,0.0001443453502159232,-0.6828422661213942,0.4444444444444444,0.16666666666666666,-1.5184895870521942
182,cluster-0,triggered,11,11,True,108,in,0.219253919014117,True,0.005736175776516361,1438.0,0.010290554500283535,-0.5689785066938597,0.3379694019471488,0.09040333796940195,-2.6389320829007508
182,cluster-0,triggered,11,15,False,15,.,0.05518436331289883,False,0.083359908157408,20911.0,0.0630210212830081,0.29580166410823505,0.01568552436516666,0.010759887140739324,-1.334088408348819
183,cluster-4,behavioural,4,3,True,32,a,0.09984116449421446,True,0.040419592382640875,10395.0,0.038765450702493924,0.05743824874159609,0.12833092833092832,0.034728234728234726,-1.2892522103019592
183,cluster-4,behavioural,4,4,True,1018,group,0.4117850170025295,True,0.0018662374320572933,479.0,0.0006432092254127127,1.07887326822308,0.35281837160751567,0.18789144050104384,-0.3618767755246901
183,cluster-4,behavioural,4,6,False,267,friends,0.2198052037905931,True,0.006555158980101243,1685.0,0.0028321826682475917,0.854360620119591,0.07002967359050445,0.07537091988130563,-0.9206680852462318
183,cluster-4,behavioural,4,7,False,229,found,0.14424762624075838,True,0.0064851750763990955,1667.0,0.0033818053479159147,0.6662586418326901,0.04559088182363527,0.04499100179964007,-1.0186439671275624
183,cluster-4,behavioural,4,11,False,393,treasure,0.38468951202277146,True,0.008852963818321784,2276.0,0.0026497682146780187,1.2215900778170417,0.011423550087873463,0.024165202108963092,-0.7166422089902098
183,cluster-4,behavioural,4,16,False,13,",",0.12071459811461238,False,0.049241452243761696,12664.0,0.05572444314022516,-0.10801283207952306,0.09696778269109287,0.0317435249526216,-1.3009300324431678
183,cluster-4,behavioural,4,19,False,963,shiny,0.26602171244127804,True,0.0019090053732086058,490.0,0.000863692782335936,0.8068309930992887,0.044897959183673466,0.036734693877551024,-0.6203824556833579
183,cluster-4,behavioural,4,22,False,858,sparkled,0.055226312227706575,True,0.0005793112028677849,148.0,0.0005535882112676615,0.054433895929319576,0.08108108108108109,0.05405405405405406,-1.379225383181102
183,cluster-4,behavioural,4,24,False,85,the,0.09142287914421887,True,0.04855716518534071,12488.0,0.04536171596483367,0.08374242616307148,0.08784433055733504,0.024583600256245997,-2.042288693014635
183,cluster-4,behavioural,4,35,False,15,.,0.06918489623123325,False,0.06477787886563867,16660.0,0.0630210212830081,0.04318502641060906,0.0019807923169267707,0.01362545018007203,-1.405617170777569
183,cluster-4,behavioural,4,38,False,242,is,0.08250751163450443,True,0.0028654520571379685,736.0,0.0018511101505712347,0.45133203080995266,0.006793478260869565,0.024456521739130436,-1.467410869610893
183,cluster-4,behavioural,4,44,False,778,cheered,0.12779738055917156,True,0.0011041904806338987,283.0,0.0006352781622140356,0.5650266755024562,0.0,0.0353356890459364,-1.0838355252999798
184,cluster-2,behavioural,1,1,True,1592,quietly,0.38118828206720273,True,0.00025202785489399326,64.0,0.00018003513460997014,0.3365891745927687,0.703125,0.671875,-0.5426805091079725
184,cluster-2,behavioural,1,3,False,103,he,0.26216217039673095,True,0.016412829381019595,4232.0,0.010855246200029344,0.42888432604136906,0.0023629489603024575,0.013941398865784499,-0.44542849407484386
184,cluster-2,behavioural,1,6,False,1057,waves,0.2821019284974159,True,0.00030631077748654575,78.0,0.00036482890713914655,-0.17186155407904913,0.15384615384615385,0.0641025641025641,-2.1364935984838285
184,cluster-2,behavioural,1,12,False,85,the,0.07259920532005226,True,0.05892798982582938,15197.0,0.04536171596483367,0.2772876666883315,0.09587418569454498,0.027242218858985326,-0.4841772016270134
185,cluster-0,triggered,4,1,True,3891,timidly,0.27105079356996564,True,3.986223611199696e-05,9.0,3.1724252794708394e-05,0.13913778628151974,1.0,1.0,-0.7527893488057984
185,cluster-0,triggered,4,4,True,578,stood,0.2704038963596603,True,0.00024315964028318144,60.0,0.0006574851391703315,-0.9950829298539574,0.16666666666666666,0.08333333333333333,-1.0201527548508602
185,cluster-0,triggered,4,5,False,108,in,0.20415974204350218,True,0.005736175776516361,1438.0,0.010290554500283535,-0.5689785066938597,0.3379694019471488,0.09040333796940195,-1.3852319522891845
185,cluster-0,triggered,4,9,False,346,small,0.061535204404858546,True,0.00026309075833918003,65.0,0.0010889349771783657,-1.4195734728130978,0.26153846153846155,0.12307692307692308,-2.7987245785645127
186,cluster-4,behavioural,3,3,True,1602,green,0.7740654439719764,True,0.0004004634489622942,102.0,0.00021572491900401707,0.6246114719158511,0.17647058823529413,0.058823529411764705,-0.0670096032307046
186,cluster-4,behavioural,3,4,False,3041,jungle,0.11986843169139072,True,0.0001982877271560875,50.0,5.710365503047511e-05,1.2407976113396693,0.12,0.08,-0.2717254295145737
186,cluster-4,behavioural,3,15,False,156,his,0.07950708741059287,True,0.002286140854270184,587.0,0.004697568732576446,-0.7061328115212913,0.01192504258943782,0.028960817717206135,-1.3605544959344054
186,cluster-4,behavioural,3,18,False,13,",",0.13128826925450576,False,0.049241452243761696,12664.0,0.05572444314022516,-0.10801283207952306,0.09696778269109287,0.0317435249526216,-0.4160035729806706
187,cluster-0,triggered,3,1,True,1513,beside,0.23116187593477866,True,8.371069583519363e-05,20.0,0.00017844892197023472,-0.7895754655911915,0.95,0.95,-0.8412716771764703
187,cluster-0,triggered,3,3,True,1440,sunny,0.2313666680460046,True,0.0004703743861215638,117.0,0.000782002831389562,-0.5006897567456425,0.49572649572649574,0.24786324786324787,-0.7835897051178833
187,cluster-0,triggered,3,6,False,1350,two,0.3379974130881913,True,0.0007693411569615412,192.0,0.0002704492550748891,1.0564055578035028,0.4583333333333333,0.1875,-0.51039786492065
187,cluster-0,triggered,3,8,False,13,",",0.37129116019004577,False,0.04051597678423368,10163.0,0.05572444314022516,-0.3026705423709446,0.10951490701564498,0.03680015743382859,-0.9225507031233697
187,cluster-0,triggered,3,18,False,3283,dragons,0.1387775968457237,True,1.993111805599848e-05,4.0,1.9034551676825036e-05,-0.1609668061688172,0.0,0.25,-0.016330414945585736
187,cluster-0,triggered,3,19,False,15,.,0.20582822650244773,False,0.083359908157408,20911.0,0.0630210212830081,0.29580166410823505,0.01568552436516666,0.010759887140739324,-1.0006081051069133
187,cluster-0,triggered,3,20,False,111,they,0.25813772629275006,True,0.02759662606033548,6922.0,0.016552128895639104,0.527184687183281,0.0013002022536839064,0.013290956370991043,-0.7709612448789416
187,cluster-0,triggered,3,21,False,294,were,0.3449073293794338,True,0.005297691179284392,1328.0,0.002610906005004501,0.7229714312986566,0.14759036144578314,0.036897590361445784,-1.0702725983722141
187,cluster-0,triggered,3,24,False,2424,hunt,0.11427222480599435,True,9.965559027999232e-05,24.0,0.00019906968628679518,-0.7166064457246009,0.0,0.08333333333333333,-0.9823051333747443
187,cluster-0,triggered,3,25,False,87,##er,0.4823080620501169,True,0.000534153963900759,133.0,0.0005448640417491167,-0.011192500941358041,0.05263157894736842,0.03007518796992481,-3.023117096761189
187,cluster-0,triggered,3,29,False,15,.,0.08094899571134206,False,0.083359908157408,20911.0,0.0630210212830081,0.29580166410823505,0.01568552436516666,0.010759887140739324,-0.636405204570271
187,cluster-0,triggered,3,30,False,111,they,0.1840745972228194,True,0.02759662606033548,6922.0,0.016552128895639104,0.527184687183281,0.0013002022536839064,0.013290956370991043,-0.7413168000718984
187,cluster-0,triggered,3,31,False,1729,planned,0.3951573833310545,True,0.0005461126347343578,136.0,0.00014037981861658464,1.3672978162214608,0.14705882352941177,0.0661764705882353,-1.583578409020205
187,cluster-0,triggered,3,32,False,93,to,0.1266893912615582,True,0.02052905159767842,5149.0,0.01724609692552335,0.19021133807363944,0.022917071275975916,0.018061759564964072,-2.3907367133267767
187,cluster-0,triggered,3,35,False,85,the,0.08380570650327274,True,0.035353817207730086,8868.0,0.04536171596483367,-0.23322452716433428,0.15539016689219667,0.03912945421741092,-1.0860609768964655
187,cluster-0,triggered,3,37,False,995,moon,0.15926439504632348,True,3.5876012500797245e-05,8.0,0.0003695875450583528,-2.433951429386572,0.375,0.375,-2.636518461973383
188,cluster-1,behavioural,7,1,True,1513,beside,0.119498184385392,True,0.0003109803266070881,79.0,0.00017844892197023472,0.5585946580149255,0.46835443037974683,0.4430379746835443,-1.1410036878555232
188,cluster-1,behavioural,7,2,True,32,a,0.15992023394394012,True,0.04502217678454117,11581.0,0.038765450702493924,0.16528563445860733,0.11302996287021846,0.02987652188930144,-1.1846307708033086
188,cluster-1,behavioural,7,7,True,819,woman,0.45751662026440404,True,0.00011273036839506933,28.0,5.472433607087198e-05,0.7033452133302696,0.03571428571428571,0.07142857142857142,-0.6963656265877365
188,cluster-1,behavioural,7,14,False,424,inside,0.12149366532290473,True,0.0009951370451426811,255.0,0.0014006257608863756,-0.3299616282531552,0.027450980392156862,0.03529411764705882,-0.9545920733573693
188,cluster-1,behavioural,7,20,False,565,way,0.3559079630984978,True,0.00030709307252449935,78.0,0.000549622679668323,-0.5790739647479883,0.0,0.05128205128205128,-0.2326076059794433
188,cluster-1,behavioural,7,22,False,85,the,0.3628728317191075,True,0.05475197375326044,14084.0,0.04536171596483367,0.2038201270674933,0.09791252485089463,0.0227918205055382,-0.6047524635153574
188,cluster-1,behavioural,7,23,False,836,past,0.07925509084611826,True,0.00023712249903790457,60.0,0.0004005186915331935,-0.5249666593009357,0.016666666666666666,0.05,-0.5300463924571837
188,cluster-1,behavioural,7,34,False,707,maria,0.3568576022891614,True,0.00035374012151556276,90.0,0.000820071934743212,-0.8361331769857845,0.011111111111111112,0.044444444444444446,-0.4164254779849359
188,cluster-1,behavioural,7,35,False,1053,followed,0.5740398061453686,True,0.0003926126623414486,100.0,0.0006257608863756231,-0.4603489271054588,0.0,0.04,-0.4880960555378646
188,cluster-1,behavioural,7,40,False,1821,enchanted,0.4038012883785997,True,0.00024100975312049317,61.0,8.168995094637412e-05,1.0813920836959987,0.06557377049180328,0.04918032786885246,-1.2196501639065458
188,cluster-1,behavioural,7,41,False,632,forest,0.09726607358678763,True,0.0008279851195913719,212.0,0.0008240374663425505,0.01581949132510907,0.1509433962264151,0.06132075471698113,-1.0399698425715989
189,cluster-0,triggered,4,4,True,2791,screen,0.9147516762174744,True,1.993111805599848e-05,4.0,3.1724252794708396e-06,1.6307926630592373,0.25,0.25,-0.012335410825394355
189,cluster-0,triggered,4,7,False,643,life,0.16248543792369252,True,4.783468333439637e-05,11.0,0.00022444908852256189,-1.6167589617856297,0.0,0.18181818181818182,-0.7567075630587208
189,cluster-0,triggered,4,10,False,372,alex,0.13222409571953955,True,0.003818802219529307,957.0,0.002004179670305703,0.6598079471239968,0.04911180773249739,0.017763845350052248,-1.2462611709648628
190,cluster-1,behavioural,1,1,True,289,bright,0.3377885026758955,True,0.0023634504822138687,607.0,0.0016694888033215293,0.36170525269533993,0.17792421746293247,0.06260296540362438,-0.6202899138141702
190,cluster-1,behavioural,1,2,False,404,stars,0.07166756068015445,True,0.0030709307252449938,789.0,0.0010944867214174397,1.0461747504469479,0.17363751584283904,0.059569074778200254,-1.5376443950149907
190,cluster-1,behavioural,1,3,False,316,filled,0.1471499901787222,True,0.003401347322265026,874.0,0.00191852418775999,0.5872180727978327,0.09038901601830664,0.02517162471395881,-0.8040937145905551
190,cluster-1,behavioural,1,8,False,317,leo,0.12102196403426613,True,0.001655970239182744,425.0,0.0024594226979097683,-0.38214354242370785,0.01647058823529412,0.05647058823529412,-1.3425078155945638
190,cluster-1,behavioural,1,12,False,408,sky,0.05927371948728728,True,0.003113690520153469,800.0,0.0013141771720207953,0.8770949179936887,0.16375,0.0775,-1.2968551937568156
190,cluster-1,behavioural,1,14,False,3,"""",0.05806432024491781,False,0.01278517867763391,3288.0,0.0371792380627585,-1.0520217972964043,0.0,0.0170316301703163,-1.372942796176423
190,cluster-1,behavioural,1,15,False,251,what,0.34141780229303925,True,0.001422734994227428,365.0,0.0033120119917675562,-0.8319645682276589,0.0,0.030136986301369864,-0.947069468626542
191,cluster-2,behavioural,1,1,True,130,with,0.36099314560840573,True,0.00956154907951673,2465.0,0.008632169185440155,0.11755409528815353,0.006896551724137931,0.015821501014198783,-0.5780465917009177
191,cluster-2,behavioural,1,2,False,85,the,0.0523107417321903,True,0.05892798982582938,15197.0,0.04536171596483367,0.2772876666883315,0.09587418569454498,0.027242218858985326,-0.9498309587710153
191,cluster-2,behavioural,1,4,False,2928,setting,0.10598871590742745,True,1.5509406455014963e-05,3.0,1.7448339037089618e-05,-0.3897740559757068,0.3333333333333333,0.3333333333333333,-0.7092153562013285
191,cluster-2,behavioural,1,10,False,660,alone,0.13025224282371448,True,0.0017254214681204157,444.0,0.0004798293235199645,1.293252213115883,0.02027027027027027,0.06756756756756757,-0.8494457822359305
192,cluster-2,behavioural,3,1,True,108,in,0.2008441333862977,True,0.012492826899514559,3221.0,0.010290554500283535,0.20932355001160996,0.1561626823967712,0.04594846321018317,-0.9141826220342342
192,cluster-2,behavioural,3,3,True,2039,vast,0.5026840933037461,True,3.1018812910029926e-05,7.0,1.1103488478147939e-05,0.9095089281545548,0.5714285714285714,0.42857142857142855,-0.4224409560615552
192,cluster-2,behavioural,3,4,False,3499,desert,0.12857639755338368,True,1.5509406455014963e-05,3.0,7.931063198677099e-06,0.39868330438856425,0.3333333333333333,0.3333333333333333,-1.088398189086565
192,cluster-2,behavioural,3,5,False,365,sun,0.06478018131541863,True,0.00039161251298912785,100.0,0.0011476248448485762,-1.069421431928892,0.23,0.05,-0.6368416287582344
193,cluster-2,behavioural,1,1,True,108,in,0.3448641015244845,True,0.012492826899514559,3221.0,0.010290554500283535,0.20932355001160996,0.1561626823967712,0.04594846321018317,-0.6072188704139663
193,cluster-2,behavioural,1,26,False,2471,tug,0.054101850282539325,True,0.00017835817423267206,45.0,7.296578142782931e-05,0.8875300214357793,0.0,0.06666666666666667,-0.5992391691190173
193,cluster-2,behavioural,1,31,False,943,instead,0.10913282174368502,True,0.00024427315166648583,62.0,0.00027679410563383075,-0.12528142844283607,0.0,0.08064516129032258,-1.2046875954806011
194,cluster-4,behavioural,2,1,True,32,a,0.23075369243963634,True,0.040419592382640875,10395.0,0.038765450702493924,0.05743824874159609,0.12833092833092832,0.034728234728234726,-0.8422188314932846
194,cluster-4,behavioural,2,2,True,289,bright,0.15355467790704502,True,0.0020645251592133805,530.0,0.0016694888033215293,0.22624698535726306,0.4226415094339623,0.18679245283018867,-1.2120393326060022
194,cluster-4,behavioural,2,3,False,365,sun,0.19045482374256684,True,0.0015007659349460735,385.0,0.0011476248448485762,0.281436332583878,0.2935064935064935,0.17402597402597403,-1.1437715018863714
194,cluster-4,behavioural,2,6,False,85,the,0.09364534681598857,True,0.04855716518534071,12488.0,0.04536171596483367,0.08374242616307148,0.08784433055733504,0.024583600256245997,-1.4729951369532672
194,cluster-4,behavioural,2,7,False,1200,ocean,0.1280886329726486,True,0.0002838236094587133,72.0,0.00015069020077486487,0.6350827717831464,0.18055555555555555,0.08333333333333333,-0.07760316235212716
194,cluster-4,behavioural,2,24,False,493,something,0.20012946879101995,True,0.0009020147588276917,231.0,0.0007407613027564411,0.20838199722052853,0.012987012987012988,0.025974025974025976,-0.6423171978464719
194,cluster-4,behavioural,2,25,False,798,special,0.25569700562573383,True,0.0002760476201584749,70.0,0.000631312630614697,-0.8256632188674464,0.0,0.07142857142857142,-1.050712219679092
194,cluster-4,behavioural,2,28,False,1170,dreamed,0.270595378500854,True,0.00019439973250596812,49.0,0.000251414703398064,-0.2616407508390761,0.04081632653061224,0.14285714285714285,-0.6210811838351589
194,cluster-4,behavioural,2,30,False,3267,sailing,0.11355652267579519,True,9.331187160286463e-05,23.0,3.331046543444381e-05,1.003265322573359,0.21739130434782608,0.21739130434782608,-2.222860276193774
194,cluster-4,behavioural,2,66,False,703,tall,0.19259374114152697,True,0.001842909464156578,473.0,0.0008383133801001694,0.801346127549273,0.1416490486257928,0.08668076109936575,-0.6005096557178913
194,cluster-4,behavioural,2,67,False,634,trees,0.1375924812259346,True,0.0017184936353527571,441.0,0.0011040039972558522,0.4559887594800589,0.10204081632653061,0.03854875283446712,-1.0869891831006067
194,cluster-4,behavioural,2,69,False,103,he,0.4165327911626961,True,0.003390331334904083,871.0,0.010855246200029344,-1.1491190544311864,0.0,0.029850746268656716,-0.9806398351977059
194,cluster-4,behavioural,2,71,False,1313,along,0.07494428703043876,True,0.0005326552670663526,136.0,0.0002736216803543599,0.6745511936322686,0.08823529411764706,0.0661764705882353,-0.8895010011385329
194,cluster-4,behavioural,2,73,False,1544,beach,0.06398980424154754,True,0.0011663983950358082,299.0,0.00029503555099078807,1.386990444045118,0.09364548494983277,0.07692307692307693,-0.8724114795059665
194,cluster-4,behavioural,2,78,False,32,a,0.11257983198883148,True,0.040419592382640875,10395.0,0.038765450702493924,0.05743824874159609,0.12833092833092832,0.034728234728234726,-1.0993568884604483
194,cluster-4,behavioural,2,90,False,15,.,0.10030825845892433,False,0.06477787886563867,16660.0,0.0630210212830081,0.04318502641060906,0.0019807923169267707,0.01362545018007203,-2.406297993316408
194,cluster-4,behavioural,2,97,False,94,and,0.08512644142245668,True,0.022725328729947668,5844.0,0.018549963715385868,0.21859039244727319,0.02087611225188227,0.011978097193702943,-1.211115225832969
195,cluster-1,behavioural,4,2,True,32,a,0.17369474890517328,True,0.04502217678454117,11581.0,0.038765450702493924,0.16528563445860733,0.11302996287021846,0.02987652188930144,-1.1846307708033086
195,cluster-1,behavioural,4,4,True,2259,oak,0.5212548117774938,True,0.00040816167867180315,104.0,0.00019034551676825036,0.7689991835517063,0.07692307692307693,0.038461538461538464,-0.2659732171044269
195,cluster-1,behavioural,4,5,False,524,tree,0.07742434307875257,True,0.001667632001430509,428.0,0.0013514531690545777,0.2236366959448599,0.053738317757009345,0.02102803738317757,-1.2978248520546984
195,cluster-1,behavioural,4,8,False,611,little,0.09037703368046113,True,0.0020991172045978445,539.0,0.001881248190726208,0.1234740185437051,0.1391465677179963,0.059369202226345084,-1.4065370893406204
195,cluster-1,behavioural,4,10,False,572,sat,0.05910415508098599,True,0.001205048765602466,309.0,0.0006463816506921835,0.6354003714092071,0.03559870550161812,0.06472491909385113,-2.931574411211608
195,cluster-1,behavioural,4,13,False,85,the,0.10195552252118645,True,0.05475197375326044,14084.0,0.04536171596483367,0.2038201270674933,0.09791252485089463,0.0227918205055382,-1.6397764958167755
195,cluster-1,behavioural,4,14,False,365,sun,0.05835212839095716,True,0.0027599503986379063,709.0,0.0011476248448485762,0.8918550076529685,0.1777150916784203,0.07475317348377997,-0.9981564078590619
195,cluster-1,behavioural,4,18,False,1367,painting,0.0538860310550322,True,0.0008785194226650237,225.0,0.00024348364019938692,1.2944998623695474,0.0,0.057777777777777775,-0.4016257101420323
195,cluster-1,behavioural,4,32,False,218,could,0.08501543650050525,True,0.00180368589432111,463.0,0.0016544197832440428,0.09997062627784103,0.0,0.02591792656587473,-1.4368407638432643
195,cluster-1,behavioural,4,34,False,320,find,0.09604833146354419,True,0.0009251664716560869,237.0,0.0025688713700515124,-1.0097125702838738,0.0,0.03375527426160337,-0.8864506787917358
195,cluster-1,behavioural,4,44,False,1684,known,0.21343388658565632,True,0.00012439213064283512,31.0,8.089684462650641e-05,0.4142615989531979,0.0,0.06451612903225806,-1.113329039738201
195,cluster-1,behavioural,4,118,False,13,",",0.052155095376265836,False,0.06767709357786753,17409.0,0.05572444314022516,0.21001764204309392,0.06410477339307255,0.02136825779769085,-1.0082330807722184
196,cluster-1,behavioural,2,1,True,32,a,0.21377723170437918,True,0.04502217678454117,11581.0,0.038765450702493924,0.16528563445860733,0.11302996287021846,0.02987652188930144,-0.8824275376485282
196,cluster-1,behavioural,2,2,True,855,river,0.40062661853265946,True,0.0005170047929842837,132.0,0.000336277079623909,0.43831567510673697,0.21212121212121213,0.15151515151515152,-0.49847193971089254
196,cluster-1,behavioural,2,3,False,2052,flowed,0.06717853705108923,True,9.718135206471509e-05,24.0,3.886220967351778e-05,0.8914807399896425,0.125,0.08333333333333333,-0.8511959507586571
196,cluster-1,behavioural,2,5,False,94,and,0.1291442579089317,True,0.0220290688860296,5666.0,0.018549963715385868,0.18746478279189205,0.0037063183903988705,0.013060360042357924,-1.6586279029715272
196,cluster-1,behavioural,2,6,False,1010,wide,0.3286199199798473,True,0.0004625832358280434,118.0,0.00048617417407890615,-0.0424331037182224,0.025423728813559324,0.0423728813559322,-1.7462338201615895
196,cluster-1,behavioural,2,7,False,13,",",0.07726326032309072,False,0.06767709357786753,17409.0,0.05572444314022516,0.21001764204309392,0.06410477339307255,0.02136825779769085,-1.0924807958257092
196,cluster-1,behavioural,2,13,False,15,.,0.12882002792642788,False,0.05323983191513346,13695.0,0.0630210212830081,-0.1529883247882995,7.301935012778386e-05,0.016502373128879155,-1.3578916939380818
196,cluster-1,behavioural,2,14,False,108,in,0.16700783012724962,True,0.014985364488379047,3854.0,0.010290554500283535,0.39133434869254735,0.16242864556305137,0.04929942916450441,-0.6158928766436124
196,cluster-1,behavioural,2,15,False,32,a,0.06296518331930223,True,0.04502217678454117,11581.0,0.038765450702493924,0.16528563445860733,0.11302996287021846,0.02987652188930144,-1.2380440082714808
196,cluster-1,behavioural,2,22,False,929,wise,0.07253398802997585,True,0.000447034219497689,114.0,0.00041638081793054767,0.0780473935551953,0.05263157894736842,0.043859649122807015,-1.0423202115811931
196,cluster-1,behavioural,2,23,False,342,old,0.08796387643121822,True,0.0017648133534952247,453.0,0.0022119735261110426,-0.2122990543921306,0.024282560706401765,0.03532008830022075,-1.4043114696552335
196,cluster-1,behavioural,2,27,False,210,day,0.11961496866364268,True,0.004085504040800619,1050.0,0.0030027005270191497,0.32272731913462493,0.009523809523809525,0.03238095238095238,-1.4959041264772905
196,cluster-1,behavioural,2,29,False,85,the,0.28079388550932216,True,0.05475197375326044,14084.0,0.04536171596483367,0.2038201270674933,0.09791252485089463,0.0227918205055382,-1.4102189533609235
196,cluster-1,behavioural,2,51,False,1354,safe,0.46138214792459287,True,1.9436270412943e-05,4.0,4.0448422313253205e-05,-0.9402840638521113,0.0,0.25,-1.496383044680516
196,cluster-1,behavioural,2,52,False,93,to,0.2524150949911819,True,0.019090304799592617,4910.0,0.01724609692552335,0.11713730350915119,0.009368635437881873,0.014867617107942974,-3.122081732516593
196,cluster-1,behavioural,2,53,False,583,have,0.0630199626094482,True,0.00026044602353343606,66.0,0.0009017618856895861,-1.2412465439717861,0.0,0.07575757575757576,-2.18901148784089
196,cluster-1,behavioural,2,54,False,32,a,0.08403752948874377,True,0.04502217678454117,11581.0,0.038765450702493924,0.16528563445860733,0.11302996287021846,0.02987652188930144,-1.1916604604177528
196,cluster-1,behavioural,2,56,False,93,to,0.11634663185816896,True,0.019090304799592617,4910.0,0.01724609692552335,0.11713730350915119,0.009368635437881873,0.014867617107942974,-1.587174168328958
197,cluster-1,behavioural,1,1,True,364,through,0.6321907233300492,True,0.002561700440425887,658.0,0.0019732485238308623,0.2752176852185704,0.25379939209726443,0.06534954407294832,-0.1836936296595102
197,cluster-1,behavioural,1,42,False,316,filled,0.45408496505192353,True,0.003401347322265026,874.0,0.00191852418775999,0.5872180727978327,0.09038901601830664,0.02517162471395881,-0.4097462465454489
197,cluster-1,behavioural,1,44,False,2296,floating,0.4068328793691182,True,0.00014382840105577822,36.0,8.565548254571266e-05,0.5066349190842132,0.0,0.08333333333333333,-1.1396268207669173
197,cluster-1,behavioural,1,46,False,60,##s,0.21326397074993236,True,0.004524763752133131,1163.0,0.0040583250387630715,0.123681751465897,0.07996560619088564,0.040412725709372314,-1.4680820463320239
197,cluster-1,behavioural,1,49,False,3789,streams,0.11419831368823008,True,4.275979490847463e-05,10.0,3.4896678074179236e-05,0.12364266682810765,0.0,0.1,-1.043278083085907
198,cluster-3,triggered,1,1,True,14,-,0.3339205092896778,False,0.0013735037926552469,353.0,0.0010572107243836573,0.2746184778671079,0.6430594900849859,0.21529745042492918,-0.6275083101106373
198,cluster-3,triggered,1,3,False,108,in,0.13891567155984336,True,0.007845267425844373,2021.0,0.010290554500283535,-0.25609424951794857,0.30578921326076197,0.09450766947055914,-1.139588008795275
198,cluster-3,triggered,1,9,False,346,small,0.18246223186027724,True,0.0006751120336780029,173.0,0.0010889349771783657,-0.468124070157673,0.2023121387283237,0.06936416184971098,-0.5403140214618514
198,cluster-3,triggered,1,16,False,229,found,0.05265722273820935,True,0.0023240925757076073,598.0,0.0033818053479159147,-0.3610344707825295,0.010033444816053512,0.06688963210702341,-1.2481822156347526
198,cluster-3,triggered,1,23,False,120,it,0.30523287666659,True,0.007003317360855143,1804.0,0.009780587136608598,-0.31885334727095227,0.0011086474501108647,0.017184035476718405,-1.6400948134825792
198,cluster-3,triggered,1,25,False,301,from,0.12275521816699075,True,0.0009195491493200379,236.0,0.0012340734337141566,-0.2827041586002075,0.08898305084745763,0.038135593220338986,-1.3988576970320008
198,cluster-3,triggered,1,26,False,32,a,0.2248439370294586,True,0.039893689254466805,10281.0,0.038765450702493924,0.04430787517714352,0.16836883571637,0.041532924812761406,-1.4080024116981877
198,cluster-3,triggered,1,27,False,199,friend,0.24236250657873348,True,0.0011057869517139694,284.0,0.0025355609046170684,-0.8176561697861162,0.0035211267605633804,0.028169014084507043,-2.707792267832187
198,cluster-3,triggered,1,32,False,127,was,0.061328722968140514,True,0.006176887112732067,1591.0,0.008326823252291086,-0.2835795240646348,0.0666247642991829,0.03896920175989944,-1.2440514681281152
198,cluster-3,triggered,1,41,False,93,to,0.43964810801714205,True,0.012512852348342283,3224.0,0.01724609692552335,-0.3054232802927004,0.015818858560794045,0.021712158808933003,-0.8320590763165159
199,cluster-2,behavioural,1,1,True,108,in,0.6662634100761409,True,0.012492826899514559,3221.0,0.010290554500283535,0.20932355001160996,0.1561626823967712,0.04594846321018317,-0.1435662479904698
199,cluster-2,behavioural,1,3,False,346,small,0.053628691975927456,True,0.0010856584518510479,279.0,0.0010889349771783657,0.00911448476789456,0.24372759856630824,0.1039426523297491,-1.1390601660124624
199,cluster-2,behavioural,1,15,False,381,lost,0.09350872079046949,True,0.007510430075840999,1936.0,0.0020184555840633217,1.3291494475663992,0.014979338842975207,0.02324380165289256,-0.6724959231619693
199,cluster-2,behavioural,1,19,False,1721,missed,0.4320188698358285,True,8.53017355025823e-05,21.0,7.296578142782931e-05,0.12538996938888225,0.0,0.09523809523809523,-0.3925269613298852
199,cluster-2,behavioural,1,75,False,1227,beneath,0.11075591441965232,True,0.0011244319679885855,289.0,0.00044572575176565294,0.9375809469332408,0.328719723183391,0.2906574394463668,-0.7532727685361569
199,cluster-2,behavioural,1,77,False,839,ground,0.6255353352740255,True,0.0004575274904229415,117.0,0.0003124838900278777,0.38847913421432256,0.05128205128205128,0.05982905982905983,-0.5401435382848909
199,cluster-2,behavioural,1,81,False,13,",",0.23194192996928503,False,0.06302635048156707,16254.0,0.05572444314022516,0.13877826145970173,0.06503014642549526,0.019933554817275746,-1.3271254365988634
199,cluster-2,behavioural,1,83,False,85,the,0.2944732022192641,True,0.05892798982582938,15197.0,0.04536171596483367,0.2772876666883315,0.09587418569454498,0.027242218858985326,-1.284902071901271
199,cluster-2,behavioural,1,90,False,1080,creatures,0.07593474441963166,True,1.9386758068768722e-05,4.0,0.00014672466917552634,-2.2314053552439344,0.0,0.5,-0.10589195036451837
